2025-06-25 11:10:16,949 INFO [org.springframework.web.context.ContextLoader] - Root WebApplicationContext: initialization started
2025-06-25 11:10:17,086 INFO [org.springframework.web.context.support.XmlWebApplicationContext] - Refreshing Root WebApplicationContext: startup date [Wed Jun 25 11:10:17 WAT 2025]; root of context hierarchy
2025-06-25 11:10:17,182 INFO [org.springframework.beans.factory.xml.XmlBeanDefinitionReader] - Loading XML bean definitions from ServletContext resource [/WEB-INF/beans.xml]
2025-06-25 11:10:17,852 INFO [org.springframework.beans.factory.xml.XmlBeanDefinitionReader] - Loading XML bean definitions from class path resource [META-INF/cxf/cxf.xml]
2025-06-25 11:10:17,911 INFO [org.springframework.beans.factory.xml.XmlBeanDefinitionReader] - Loading XML bean definitions from class path resource [META-INF/cxf/cxf-extension-soap.xml]
2025-06-25 11:10:17,967 INFO [org.springframework.beans.factory.xml.XmlBeanDefinitionReader] - Loading XML bean definitions from class path resource [META-INF/cxf/cxf-servlet.xml]
2025-06-25 11:10:18,363 INFO [org.springframework.beans.factory.support.DefaultListableBeanFactory] - Pre-instantiating singletons in org.springframework.beans.factory.support.DefaultListableBeanFactory@705249b9: defining beans [cxf,org.apache.cxf.bus.spring.BusWiringBeanFactoryPostProcessor,org.apache.cxf.bus.spring.Jsr250BeanPostProcessor,org.apache.cxf.bus.spring.BusExtensionPostProcessor,org.apache.cxf.binding.soap.SoapBindingFactory,org.apache.cxf.binding.soap.SoapTransportFactory,org.apache.cxf.binding.soap.customEditorConfigurer,inquiry,publish,security,subscription,subscription-listener,custody-transfer,valueset-validation,valueset-caching,inquiryv2,publishv2,juddi-api,jsonNamespaceMap,inquiryRestService,inquiryRest,jsonProvider,jaxbProvider]; root of factory hierarchy
2025-06-25 11:10:18,696 INFO [org.apache.juddi.config.AppConfig] - Reading from jUDDI config file from:  file:/C:/Users/hp/Downloads/juddi-3.3.5_tomcat-7.0.82_9090/webapps/juddiv3/WEB-INF/classes/juddiv3.xml
2025-06-25 11:10:27,795 INFO [org.apache.juddi.config.Install] - Checking if jUDDI is seeded by searching for root publisher root
2025-06-25 11:10:28,077 INFO [org.apache.juddi.config.AppConfig] - The 'root' publisher was not found, loading...
2025-06-25 11:10:28,081 INFO [org.apache.juddi.config.Install] - Checking if jUDDI is seeded by searching for root publisher root
2025-06-25 11:10:28,083 INFO [org.apache.juddi.config.Install] - Loading the content of file: jar:file:/C:/Users/hp/Downloads/juddi-3.3.5_tomcat-7.0.82_9090/webapps/juddiv3/WEB-INF/lib/juddi-core-openjpa-3.3.5.jar!/juddi_install_data/root_tModelKeyGen.xml
2025-06-25 11:10:28,732 INFO [org.apache.juddi.config.Install] - Loading the content of file: jar:file:/C:/Users/hp/Downloads/juddi-3.3.5_tomcat-7.0.82_9090/webapps/juddiv3/WEB-INF/lib/juddi-core-openjpa-3.3.5.jar!/juddi_install_data/root_BusinessEntity.xml
2025-06-25 11:10:28,835 INFO [org.apache.juddi.config.Install] - Loading the content of file: jar:file:/C:/Users/hp/Downloads/juddi-3.3.5_tomcat-7.0.82_9090/webapps/juddiv3/WEB-INF/lib/juddi-core-openjpa-3.3.5.jar!/juddi_install_data/root_replicationConfiguration.xml
2025-06-25 11:10:28,942 INFO [org.apache.juddi.config.Install] - Loading the root Publisher from file root_Publisher.xml
2025-06-25 11:10:28,943 INFO [org.apache.juddi.config.Install] - Loading the content of file: jar:file:/C:/Users/hp/Downloads/juddi-3.3.5_tomcat-7.0.82_9090/webapps/juddiv3/WEB-INF/lib/juddi-core-openjpa-3.3.5.jar!/juddi_install_data/root_Publisher.xml
2025-06-25 11:10:29,814 INFO [org.apache.juddi.config.Install] - replacing tokens on repl config
2025-06-25 11:10:29,814 INFO [org.apache.juddi.config.Install] - replacing tokens on repl config, done
2025-06-25 11:10:29,814 WARN [org.apache.juddi.validation.ValidateReplication] - Hey, you should consider encrypting your trust store password!
2025-06-25 11:10:30,055 INFO [org.apache.juddi.config.Install] - Loading the content of file: jar:file:/C:/Users/hp/Downloads/juddi-3.3.5_tomcat-7.0.82_9090/webapps/juddiv3/WEB-INF/lib/juddi-core-openjpa-3.3.5.jar!/juddi_install_data/UDDI_Publisher.xml
2025-06-25 11:10:30,164 INFO [org.apache.juddi.config.Install] - Loading the content of file: jar:file:/C:/Users/hp/Downloads/juddi-3.3.5_tomcat-7.0.82_9090/webapps/juddiv3/WEB-INF/lib/juddi-core-openjpa-3.3.5.jar!/juddi_install_data/UDDI_tModels.xml
2025-06-25 11:10:32,205 INFO [org.apache.juddi.api.impl.UDDIServiceCounter] - Found MBean server
2025-06-25 11:10:33,458 INFO [org.apache.juddi.api.impl.UDDIServiceCounter] - Found MBean server
2025-06-25 11:10:33,659 INFO [org.apache.juddi.api.impl.UDDIServiceCounter] - Found MBean server
2025-06-25 11:10:33,808 INFO [org.apache.juddi.api.impl.UDDIServiceCounter] - Found MBean server
2025-06-25 11:10:34,065 INFO [org.apache.juddi.api.impl.UDDIServiceCounter] - Found MBean server
2025-06-25 11:10:34,194 INFO [org.apache.juddi.api.impl.UDDIServiceCounter] - Found MBean server
2025-06-25 11:10:34,332 INFO [org.apache.juddi.api.impl.UDDIServiceCounter] - Found MBean server
2025-06-25 11:10:34,469 WARN [org.apache.juddi.api.impl.UDDIv2InquiryImpl] - This implementation of UDDIv2 Inquire service org.apache.juddi.api.impl.UDDIv2InquiryImpl is considered BETA. Please report any issues to https://issues.apache.org/jira/browse/JUDDI
2025-06-25 11:10:34,729 WARN [org.apache.juddi.api.impl.UDDIv2PublishImpl] - This implementation of UDDIv2 Publish service org.apache.juddi.api.impl.UDDIv2PublishImpl is considered BETA. Please report any issues to https://issues.apache.org/jira/browse/JUDDI
2025-06-25 11:10:34,845 INFO [org.apache.juddi.api.impl.UDDIServiceCounter] - Found MBean server
2025-06-25 11:10:35,958 INFO [org.springframework.web.context.ContextLoader] - Root WebApplicationContext: initialization completed in 19009 ms
2025-06-25 11:10:36,032 INFO [org.apache.juddi.Registry] - Starting jUDDI registry...This is node uddi:juddi.apache.org:node1
2025-06-25 11:10:36,054 INFO [org.apache.juddi.config.AppConfig] - Reading from jUDDI config file from:  file:/C:/Users/hp/Downloads/juddi-3.3.5_tomcat-7.0.82_9090/webapps/juddiv3/WEB-INF/classes/juddiv3.xml
2025-06-25 11:10:36,055 INFO [org.apache.juddi.config.Install] - Checking if jUDDI is seeded by searching for root publisher root
2025-06-25 11:10:36,078 INFO [org.apache.juddi.Registry] - jUDDI registry started successfully.
2025-06-25 11:10:41,038 INFO [org.apache.juddi.replication.ReplicationNotifier] - Replication, Notifying nodes of new change records. 140 queued
2025-06-25 11:10:41,947 INFO [org.apache.juddi.replication.ReplicationNotifier] - CR saved locally, it was from uddi:juddi.apache.org:node1 USN:1 Type:ChangeRecordNewData Key:uddi:juddi.apache.org:node1 Local id:1
2025-06-25 11:10:45,854 INFO [org.apache.juddi.replication.ReplicationNotifier] - CR saved locally, it was from uddi:juddi.apache.org:node1 USN:2 Type:ChangeRecordNewData Key:uddi:uddi.org:categorization:types Local id:2
2025-06-25 11:10:45,974 INFO [org.apache.juddi.replication.ReplicationNotifier] - CR saved locally, it was from uddi:juddi.apache.org:node1 USN:3 Type:ChangeRecordNewData Key:uddi:uddi.org:categorization:general_keywords Local id:3
2025-06-25 11:10:46,096 INFO [org.apache.juddi.replication.ReplicationNotifier] - CR saved locally, it was from uddi:juddi.apache.org:node1 USN:4 Type:ChangeRecordNewData Key:uddi:uddi.org:v3_inquiry Local id:4
2025-06-25 11:10:46,341 INFO [org.apache.juddi.replication.ReplicationNotifier] - CR saved locally, it was from uddi:juddi.apache.org:node1 USN:5 Type:ChangeRecordNewData Key:uddi:uddi.org:categorization:nodes Local id:5
2025-06-25 11:10:46,729 INFO [org.apache.juddi.replication.ReplicationNotifier] - CR saved locally, it was from uddi:juddi.apache.org:node1 USN:6 Type:ChangeRecordNewData Key:uddi:uddi.org:v3_publication Local id:6
2025-06-25 11:10:47,129 INFO [org.apache.juddi.replication.ReplicationNotifier] - CR saved locally, it was from uddi:juddi.apache.org:node1 USN:7 Type:ChangeRecordNewData Key:uddi:uddi.org:v3_security Local id:7
2025-06-25 11:10:47,312 INFO [org.apache.juddi.replication.ReplicationNotifier] - CR saved locally, it was from uddi:juddi.apache.org:node1 USN:8 Type:ChangeRecordNewData Key:uddi:uddi.org:relationships Local id:8
2025-06-25 11:10:47,633 INFO [org.apache.juddi.replication.ReplicationNotifier] - CR saved locally, it was from uddi:juddi.apache.org:node1 USN:9 Type:ChangeRecordNewData Key:uddi:uddi.org:categorization:owningbusiness Local id:9
2025-06-25 11:10:47,900 INFO [org.apache.juddi.replication.ReplicationNotifier] - CR saved locally, it was from uddi:juddi.apache.org:node1 USN:10 Type:ChangeRecordNewData Key:uddi:uddi.org:identifier:isreplacedby Local id:10
2025-06-25 11:10:48,253 INFO [org.apache.juddi.replication.ReplicationNotifier] - CR saved locally, it was from uddi:juddi.apache.org:node1 USN:11 Type:ChangeRecordNewData Key:uddi:uddi.org:identifier:taxid Local id:11
2025-06-25 11:10:48,508 INFO [org.apache.juddi.replication.ReplicationNotifier] - CR saved locally, it was from uddi:juddi.apache.org:node1 USN:12 Type:ChangeRecordNewData Key:uddi:uddi.org:categorization:validatedby Local id:12
2025-06-25 11:10:48,746 INFO [org.apache.juddi.replication.ReplicationNotifier] - CR saved locally, it was from uddi:juddi.apache.org:node1 USN:13 Type:ChangeRecordNewData Key:uddi:uddi.org:categorization:derivedfrom Local id:13
2025-06-25 11:10:49,083 INFO [org.apache.juddi.replication.ReplicationNotifier] - CR saved locally, it was from uddi:juddi.apache.org:node1 USN:14 Type:ChangeRecordNewData Key:uuid:5678dd4f-f95d-35f9-9ea6-f79a7dd64656 Local id:14
2025-06-25 11:10:49,274 INFO [org.apache.juddi.replication.ReplicationNotifier] - CR saved locally, it was from uddi:juddi.apache.org:node1 USN:15 Type:ChangeRecordNewData Key:uddi:uddi.org:categorization:entitykeyvalues Local id:15
2025-06-25 11:10:50,245 INFO [org.apache.juddi.replication.ReplicationNotifier] - CR saved locally, it was from uddi:juddi.apache.org:node1 USN:16 Type:ChangeRecordNewData Key:uuid:916b87bf-0756-3919-8eae-97dfa325e5a4 Local id:16
2025-06-25 11:10:50,580 INFO [org.apache.juddi.replication.ReplicationNotifier] - CR saved locally, it was from uddi:juddi.apache.org:node1 USN:17 Type:ChangeRecordNewData Key:uddi:uddi.org:protocol:serverauthenticatedssl3 Local id:17
2025-06-25 11:10:50,739 INFO [org.apache.juddi.replication.ReplicationNotifier] - CR saved locally, it was from uddi:juddi.apache.org:node1 USN:18 Type:ChangeRecordNewData Key:uddi:uddi.org:protocol:mutualauthenticatedssl3 Local id:18
2025-06-25 11:10:51,062 INFO [org.apache.juddi.replication.ReplicationNotifier] - CR saved locally, it was from uddi:juddi.apache.org:node1 USN:19 Type:ChangeRecordNewData Key:uuid:9555b5b6-55d4-3b0e-bb17-e084fed4e33f Local id:19
2025-06-25 11:10:51,482 INFO [org.apache.juddi.replication.ReplicationNotifier] - CR saved locally, it was from uddi:juddi.apache.org:node1 USN:20 Type:ChangeRecordNewData Key:uddi:uddi.org:transport:http Local id:20
2025-06-25 11:10:51,778 INFO [org.apache.juddi.replication.ReplicationNotifier] - CR saved locally, it was from uddi:juddi.apache.org:node1 USN:21 Type:ChangeRecordNewData Key:uuid:68de9e80-ad09-469d-8a37-088422bfbc36 Local id:21
2025-06-25 11:10:52,029 INFO [org.apache.juddi.replication.ReplicationNotifier] - CR saved locally, it was from uddi:juddi.apache.org:node1 USN:22 Type:ChangeRecordNewData Key:uddi:uddi.org:transport:smtp Local id:22
2025-06-25 11:10:52,190 INFO [org.apache.juddi.replication.ReplicationNotifier] - CR saved locally, it was from uddi:juddi.apache.org:node1 USN:23 Type:ChangeRecordNewData Key:uuid:93335d49-3efb-48a0-acea-ea102b60ddc6 Local id:23
2025-06-25 11:10:52,454 INFO [org.apache.juddi.replication.ReplicationNotifier] - CR saved locally, it was from uddi:juddi.apache.org:node1 USN:24 Type:ChangeRecordNewData Key:uddi:uddi.org:transport:userfriendlysmtp Local id:24
2025-06-25 11:10:52,723 INFO [org.apache.juddi.replication.ReplicationNotifier] - CR saved locally, it was from uddi:juddi.apache.org:node1 USN:25 Type:ChangeRecordNewData Key:uddi:uddi.org:transport:ftp Local id:25
2025-06-25 11:10:52,991 INFO [org.apache.juddi.replication.ReplicationNotifier] - CR saved locally, it was from uddi:juddi.apache.org:node1 USN:26 Type:ChangeRecordNewData Key:uuid:5fcf5cd0-629a-4c50-8b16-f94e9cf2a674 Local id:26
2025-06-25 11:10:53,266 INFO [org.apache.juddi.replication.ReplicationNotifier] - CR saved locally, it was from uddi:juddi.apache.org:node1 USN:27 Type:ChangeRecordNewData Key:uddi:uddi.org:transport:fax Local id:27
2025-06-25 11:10:53,388 INFO [org.apache.juddi.replication.ReplicationNotifier] - CR saved locally, it was from uddi:juddi.apache.org:node1 USN:28 Type:ChangeRecordNewData Key:uddi:uddi.org:transport:telephone Local id:28
2025-06-25 11:10:53,664 INFO [org.apache.juddi.replication.ReplicationNotifier] - CR saved locally, it was from uddi:juddi.apache.org:node1 USN:29 Type:ChangeRecordNewData Key:uddi:uddi.org:transport:rmi Local id:29
2025-06-25 11:10:54,135 INFO [org.apache.juddi.replication.ReplicationNotifier] - CR saved locally, it was from uddi:juddi.apache.org:node1 USN:30 Type:ChangeRecordNewData Key:uddi:uddi.org:transport:jndi-rmi Local id:30
2025-06-25 11:10:54,905 INFO [org.apache.juddi.replication.ReplicationNotifier] - CR saved locally, it was from uddi:juddi.apache.org:node1 USN:31 Type:ChangeRecordNewData Key:uddi:uddi.org:transport:amqp Local id:31
2025-06-25 11:10:55,094 INFO [org.apache.juddi.replication.ReplicationNotifier] - CR saved locally, it was from uddi:juddi.apache.org:node1 USN:32 Type:ChangeRecordNewData Key:uddi:uddi.org:transport:omgdds Local id:32
2025-06-25 11:10:55,218 INFO [org.apache.juddi.replication.ReplicationNotifier] - CR saved locally, it was from uddi:juddi.apache.org:node1 USN:33 Type:ChangeRecordNewData Key:uddi:uddi.org:transport:udp Local id:33
2025-06-25 11:10:55,268 INFO [org.apache.juddi.replication.ReplicationNotifier] - CR saved locally, it was from uddi:juddi.apache.org:node1 USN:34 Type:ChangeRecordNewData Key:uddi:uddi.org:transport:jms Local id:34
2025-06-25 11:10:55,512 INFO [org.apache.juddi.replication.ReplicationNotifier] - CR saved locally, it was from uddi:juddi.apache.org:node1 USN:35 Type:ChangeRecordNewData Key:uddi:uddi.org:protocol:rest Local id:35
2025-06-25 11:10:55,578 INFO [org.apache.juddi.replication.ReplicationNotifier] - CR saved locally, it was from uddi:juddi.apache.org:node1 USN:36 Type:ChangeRecordNewData Key:uddi:uddi.org:findqualifier:approximatematch Local id:36
2025-06-25 11:10:55,786 INFO [org.apache.juddi.replication.ReplicationNotifier] - CR saved locally, it was from uddi:juddi.apache.org:node1 USN:37 Type:ChangeRecordNewData Key:uddi:uddi.org:findqualifier:exactmatch Local id:37
2025-06-25 11:10:55,929 INFO [org.apache.juddi.replication.ReplicationNotifier] - CR saved locally, it was from uddi:juddi.apache.org:node1 USN:38 Type:ChangeRecordNewData Key:uddi:uddi.org:findqualifier:caseinsensitivematch Local id:38
2025-06-25 11:10:56,127 INFO [org.apache.juddi.replication.ReplicationNotifier] - CR saved locally, it was from uddi:juddi.apache.org:node1 USN:39 Type:ChangeRecordNewData Key:uddi:uddi.org:findqualifier:casesensitivematch Local id:39
2025-06-25 11:10:56,193 INFO [org.apache.juddi.replication.ReplicationNotifier] - CR saved locally, it was from uddi:juddi.apache.org:node1 USN:40 Type:ChangeRecordNewData Key:uddi:uddi.org:findqualifier:diacriticsinsensitivematch Local id:40
2025-06-25 11:10:57,283 INFO [org.apache.juddi.replication.ReplicationNotifier] - CR saved locally, it was from uddi:juddi.apache.org:node1 USN:41 Type:ChangeRecordNewData Key:uddi:uddi.org:findqualifier:diacriticssensitivematch Local id:41
2025-06-25 11:10:57,480 INFO [org.apache.juddi.replication.ReplicationNotifier] - CR saved locally, it was from uddi:juddi.apache.org:node1 USN:42 Type:ChangeRecordNewData Key:uddi:uddi.org:sortorder:binarysort Local id:42
2025-06-25 11:10:57,747 INFO [org.apache.juddi.replication.ReplicationNotifier] - CR saved locally, it was from uddi:juddi.apache.org:node1 USN:43 Type:ChangeRecordNewData Key:uddi:uddi.org:sortorder:uts-10 Local id:43
2025-06-25 11:10:58,066 INFO [org.apache.juddi.replication.ReplicationNotifier] - CR saved locally, it was from uddi:juddi.apache.org:node1 USN:44 Type:ChangeRecordNewData Key:uddi:uddi.org:findqualifier:caseinsensitivesort Local id:44
2025-06-25 11:10:58,218 INFO [org.apache.juddi.replication.ReplicationNotifier] - CR saved locally, it was from uddi:juddi.apache.org:node1 USN:45 Type:ChangeRecordNewData Key:uddi:uddi.org:findqualifier:casesensitivesort Local id:45
2025-06-25 11:10:58,247 INFO [org.apache.juddi.replication.ReplicationNotifier] - CR saved locally, it was from uddi:juddi.apache.org:node1 USN:46 Type:ChangeRecordNewData Key:uddi:uddi.org:findqualifier:sortbynameasc Local id:46
2025-06-25 11:10:58,278 INFO [org.apache.juddi.replication.ReplicationNotifier] - CR saved locally, it was from uddi:juddi.apache.org:node1 USN:47 Type:ChangeRecordNewData Key:uddi:uddi.org:findqualifier:sortbynamedesc Local id:47
2025-06-25 11:10:58,435 INFO [org.apache.juddi.replication.ReplicationNotifier] - CR saved locally, it was from uddi:juddi.apache.org:node1 USN:48 Type:ChangeRecordNewData Key:uddi:uddi.org:findqualifier:sortbydateasc Local id:48
2025-06-25 11:10:58,623 INFO [org.apache.juddi.replication.ReplicationNotifier] - CR saved locally, it was from uddi:juddi.apache.org:node1 USN:49 Type:ChangeRecordNewData Key:uddi:uddi.org:findqualifier:sortbydatedesc Local id:49
2025-06-25 11:10:58,843 INFO [org.apache.juddi.replication.ReplicationNotifier] - CR saved locally, it was from uddi:juddi.apache.org:node1 USN:50 Type:ChangeRecordNewData Key:uddi:uddi.org:findqualifier:andallkeys Local id:50
2025-06-25 11:10:58,969 INFO [org.apache.juddi.replication.ReplicationNotifier] - CR saved locally, it was from uddi:juddi.apache.org:node1 USN:51 Type:ChangeRecordNewData Key:uddi:uddi.org:findqualifier:orallkeys Local id:51
2025-06-25 11:10:58,975 INFO [org.apache.juddi.replication.ReplicationNotifier] - CR saved locally, it was from uddi:juddi.apache.org:node1 USN:52 Type:ChangeRecordNewData Key:uddi:uddi.org:findqualifier:orlikekeys Local id:52
2025-06-25 11:10:58,993 INFO [org.apache.juddi.replication.ReplicationNotifier] - CR saved locally, it was from uddi:juddi.apache.org:node1 USN:53 Type:ChangeRecordNewData Key:uddi:uddi.org:findqualifier:combinecategorybags Local id:53
2025-06-25 11:10:59,119 INFO [org.apache.juddi.replication.ReplicationNotifier] - CR saved locally, it was from uddi:juddi.apache.org:node1 USN:54 Type:ChangeRecordNewData Key:uddi:uddi.org:findqualifier:servicesubset Local id:54
2025-06-25 11:10:59,251 INFO [org.apache.juddi.replication.ReplicationNotifier] - CR saved locally, it was from uddi:juddi.apache.org:node1 USN:55 Type:ChangeRecordNewData Key:uddi:uddi.org:findqualifier:bindingsubset Local id:55
2025-06-25 11:10:59,380 INFO [org.apache.juddi.replication.ReplicationNotifier] - CR saved locally, it was from uddi:juddi.apache.org:node1 USN:56 Type:ChangeRecordNewData Key:uddi:uddi.org:findqualifier:suppressprojectedservices Local id:56
2025-06-25 11:10:59,761 INFO [org.apache.juddi.replication.ReplicationNotifier] - CR saved locally, it was from uddi:juddi.apache.org:node1 USN:57 Type:ChangeRecordNewData Key:uddi:uddi.org:findqualifier:signaturepresent Local id:57
2025-06-25 11:10:59,861 INFO [org.apache.juddi.replication.ReplicationNotifier] - CR saved locally, it was from uddi:juddi.apache.org:node1 USN:58 Type:ChangeRecordNewData Key:uddi:uddi.org:specification:hostingredirector Local id:58
2025-06-25 11:11:00,095 INFO [org.apache.juddi.replication.ReplicationNotifier] - CR saved locally, it was from uddi:juddi.apache.org:node1 USN:59 Type:ChangeRecordNewData Key:uddi:uddi.org:specification:v3_policy Local id:59
2025-06-25 11:11:00,327 INFO [org.apache.juddi.replication.ReplicationNotifier] - CR saved locally, it was from uddi:juddi.apache.org:node1 USN:60 Type:ChangeRecordNewData Key:uddi:uddi.org:v3_ownership_transfer Local id:60
2025-06-25 11:11:00,446 INFO [org.apache.juddi.replication.ReplicationNotifier] - CR saved locally, it was from uddi:juddi.apache.org:node1 USN:61 Type:ChangeRecordNewData Key:uddi:uddi.org:v3_subscription Local id:61
2025-06-25 11:11:00,477 INFO [org.apache.juddi.replication.ReplicationNotifier] - CR saved locally, it was from uddi:juddi.apache.org:node1 USN:62 Type:ChangeRecordNewData Key:uddi:uddi.org:v3_subscriptionlistener Local id:62
2025-06-25 11:11:00,821 INFO [org.apache.juddi.replication.ReplicationNotifier] - CR saved locally, it was from uddi:juddi.apache.org:node1 USN:63 Type:ChangeRecordNewData Key:uddi:uddi.org:wsdl:types Local id:63
2025-06-25 11:11:01,058 INFO [org.apache.juddi.replication.ReplicationNotifier] - CR saved locally, it was from uddi:juddi.apache.org:node1 USN:64 Type:ChangeRecordNewData Key:uddi:uddi.org:wadl:types Local id:64
2025-06-25 11:11:01,180 INFO [org.apache.juddi.replication.ReplicationNotifier] - CR saved locally, it was from uddi:juddi.apache.org:node1 USN:65 Type:ChangeRecordNewData Key:uddi:uddi.org:xml:namespace Local id:65
2025-06-25 11:11:01,224 INFO [org.apache.juddi.replication.ReplicationNotifier] - CR saved locally, it was from uddi:juddi.apache.org:node1 USN:66 Type:ChangeRecordNewData Key:uddi:uddi.org:xml:localname Local id:66
2025-06-25 11:11:01,229 INFO [org.apache.juddi.replication.ReplicationNotifier] - CR saved locally, it was from uddi:juddi.apache.org:node1 USN:67 Type:ChangeRecordNewData Key:uddi:uddi.org:wsdl:porttypereference Local id:67
2025-06-25 11:11:01,347 INFO [org.apache.juddi.replication.ReplicationNotifier] - CR saved locally, it was from uddi:juddi.apache.org:node1 USN:68 Type:ChangeRecordNewData Key:uddi:uddi.org:protocol:soap Local id:68
2025-06-25 11:11:01,366 INFO [org.apache.juddi.replication.ReplicationNotifier] - CR saved locally, it was from uddi:juddi.apache.org:node1 USN:69 Type:ChangeRecordNewData Key:uddi:uddi.org:protocol:soap12 Local id:69
2025-06-25 11:11:01,371 INFO [org.apache.juddi.replication.ReplicationNotifier] - CR saved locally, it was from uddi:juddi.apache.org:node1 USN:70 Type:ChangeRecordNewData Key:uddi:uddi.org:protocol:http Local id:70
2025-06-25 11:11:01,405 INFO [org.apache.juddi.replication.ReplicationNotifier] - CR saved locally, it was from uddi:juddi.apache.org:node1 USN:71 Type:ChangeRecordNewData Key:uddi:uddi.org:wsdl:categorization:protocol Local id:71
2025-06-25 11:11:01,405 INFO [org.apache.juddi.replication.ReplicationNotifier] - CR saved locally, it was from uddi:juddi.apache.org:node1 USN:72 Type:ChangeRecordNewData Key:uddi:uddi.org:wsdl:categorization:transport Local id:72
2025-06-25 11:11:01,428 INFO [org.apache.juddi.replication.ReplicationNotifier] - CR saved locally, it was from uddi:juddi.apache.org:node1 USN:73 Type:ChangeRecordNewData Key:uddi:uddi.org:wsdl:address Local id:73
2025-06-25 11:11:01,570 INFO [org.apache.juddi.replication.ReplicationNotifier] - CR saved locally, it was from uddi:juddi.apache.org:node1 USN:74 Type:ChangeRecordNewData Key:uddi:uddi.org:bpel:types Local id:74
2025-06-25 11:11:01,591 INFO [org.apache.juddi.replication.ReplicationNotifier] - CR saved locally, it was from uddi:juddi.apache.org:node1 USN:75 Type:ChangeRecordNewData Key:uddi:tmodelkey:address Local id:75
2025-06-25 11:11:01,615 INFO [org.apache.juddi.replication.ReplicationNotifier] - CR saved locally, it was from uddi:juddi.apache.org:node1 USN:76 Type:ChangeRecordNewData Key:uddi:tmodelkey:group Local id:76
2025-06-25 11:11:01,668 INFO [org.apache.juddi.replication.ReplicationNotifier] - CR saved locally, it was from uddi:juddi.apache.org:node1 USN:77 Type:ChangeRecordNewData Key:uddi:tmodelkey:blank Local id:77
2025-06-25 11:11:01,728 INFO [org.apache.juddi.replication.ReplicationNotifier] - CR saved locally, it was from uddi:juddi.apache.org:node1 USN:78 Type:ChangeRecordNewData Key:urn:wsdm.org:metric:requestcount Local id:78
2025-06-25 11:11:01,729 INFO [org.apache.juddi.replication.ReplicationNotifier] - CR saved locally, it was from uddi:juddi.apache.org:node1 USN:79 Type:ChangeRecordNewData Key:urn:wsdm.org:metric:replycount Local id:79
2025-06-25 11:11:01,745 INFO [org.apache.juddi.replication.ReplicationNotifier] - CR saved locally, it was from uddi:juddi.apache.org:node1 USN:80 Type:ChangeRecordNewData Key:urn:wsdm.org:metric:faultcount Local id:80
2025-06-25 11:11:01,771 INFO [org.apache.juddi.replication.ReplicationNotifier] - CR saved locally, it was from uddi:juddi.apache.org:node1 USN:81 Type:ChangeRecordNewData Key:urn:wsdm.org:identity:resourceid Local id:81
2025-06-25 11:11:01,771 INFO [org.apache.juddi.replication.ReplicationNotifier] - CR saved locally, it was from uddi:juddi.apache.org:node1 USN:82 Type:ChangeRecordNewData Key:urn:wsdm.org:metric:lastupdatetime Local id:82
2025-06-25 11:11:01,788 INFO [org.apache.juddi.replication.ReplicationNotifier] - CR saved locally, it was from uddi:juddi.apache.org:node1 USN:83 Type:ChangeRecordNewData Key:urn:wsdm.org:qos:responsetime_average Local id:83
2025-06-25 11:11:01,811 INFO [org.apache.juddi.replication.ReplicationNotifier] - CR saved locally, it was from uddi:juddi.apache.org:node1 USN:84 Type:ChangeRecordNewData Key:urn:wsdm.org:qos:throughput_count Local id:84
2025-06-25 11:11:01,829 INFO [org.apache.juddi.replication.ReplicationNotifier] - CR saved locally, it was from uddi:juddi.apache.org:node1 USN:85 Type:ChangeRecordNewData Key:urn:wsdm.org:qos:throughput_bytes Local id:85
2025-06-25 11:11:01,863 INFO [org.apache.juddi.replication.ReplicationNotifier] - CR saved locally, it was from uddi:juddi.apache.org:node1 USN:86 Type:ChangeRecordNewData Key:urn:wsdm.org:qos:reliability Local id:86
2025-06-25 11:11:01,900 INFO [org.apache.juddi.replication.ReplicationNotifier] - CR saved locally, it was from uddi:juddi.apache.org:node1 USN:87 Type:ChangeRecordNewData Key:urn:wsdm.org:qos:reportingperiodstart Local id:87
2025-06-25 11:11:01,900 INFO [org.apache.juddi.replication.ReplicationNotifier] - CR saved locally, it was from uddi:juddi.apache.org:node1 USN:88 Type:ChangeRecordNewData Key:urn:wsdm.org:qos:reportingperiodend Local id:88
2025-06-25 11:11:01,919 INFO [org.apache.juddi.replication.ReplicationNotifier] - CR saved locally, it was from uddi:juddi.apache.org:node1 USN:89 Type:ChangeRecordNewData Key:urn:wsdm.org:qos:updateinterval Local id:89
2025-06-25 11:11:01,976 INFO [org.apache.juddi.replication.ReplicationNotifier] - CR saved locally, it was from uddi:juddi.apache.org:node1 USN:90 Type:ChangeRecordNewData Key:urn:uddi:uddi.org:version Local id:90
2025-06-25 11:11:01,993 INFO [org.apache.juddi.replication.ReplicationNotifier] - CR saved locally, it was from uddi:juddi.apache.org:node1 USN:91 Type:ChangeRecordNewData Key:uddi:uddi.org:ubr:categorization:iso3166 Local id:91
2025-06-25 11:11:02,009 INFO [org.apache.juddi.replication.ReplicationNotifier] - CR saved locally, it was from uddi:juddi.apache.org:node1 USN:92 Type:ChangeRecordNewData Key:uddi:uddi.org:ubr:categorizationgroup:unspsc_geo3166 Local id:92
2025-06-25 11:11:02,117 INFO [org.apache.juddi.replication.ReplicationNotifier] - CR saved locally, it was from uddi:juddi.apache.org:node1 USN:93 Type:ChangeRecordNewData Key:uddi:uddi.org:ubr:categorizationgroup:wgs84 Local id:93
2025-06-25 11:11:02,259 INFO [org.apache.juddi.replication.ReplicationNotifier] - CR saved locally, it was from uddi:juddi.apache.org:node1 USN:94 Type:ChangeRecordNewData Key:uddi:uddi.org:ubr:categorizationgroup:wgs84:latitude Local id:94
2025-06-25 11:11:02,317 INFO [org.apache.juddi.replication.ReplicationNotifier] - CR saved locally, it was from uddi:juddi.apache.org:node1 USN:95 Type:ChangeRecordNewData Key:uddi:uddi.org:ubr:categorizationgroup:wgs84:longitude Local id:95
2025-06-25 11:11:02,334 INFO [org.apache.juddi.replication.ReplicationNotifier] - CR saved locally, it was from uddi:juddi.apache.org:node1 USN:96 Type:ChangeRecordNewData Key:org:ubr:categorization:geo_precision Local id:96
2025-06-25 11:11:02,421 INFO [org.apache.juddi.replication.ReplicationNotifier] - CR saved locally, it was from uddi:juddi.apache.org:node1 USN:97 Type:ChangeRecordNewData Key:uddi:uddi.org:ubr:postaladdress Local id:97
2025-06-25 11:11:02,432 INFO [org.apache.juddi.replication.ReplicationNotifier] - CR saved locally, it was from uddi:juddi.apache.org:node1 USN:98 Type:ChangeRecordNewData Key:uddi:uddi.org:ubr:relationships Local id:98
2025-06-25 11:11:02,483 INFO [org.apache.juddi.replication.ReplicationNotifier] - CR saved locally, it was from uddi:juddi.apache.org:node1 USN:99 Type:ChangeRecordNewData Key:uddi:uddi.org:ubr:identifier:owningbusiness Local id:99
2025-06-25 11:11:02,500 INFO [org.apache.juddi.replication.ReplicationNotifier] - CR saved locally, it was from uddi:juddi.apache.org:node1 USN:100 Type:ChangeRecordNewData Key:uddi:uddi.org:ubr:categorization:unspsc Local id:100
2025-06-25 11:11:02,575 INFO [org.apache.juddi.replication.ReplicationNotifier] - CR saved locally, it was from uddi:juddi.apache.org:node1 USN:101 Type:ChangeRecordNewData Key:uddi:uddi.org:ubr:categorization:naics:1997 Local id:101
2025-06-25 11:11:02,575 INFO [org.apache.juddi.replication.ReplicationNotifier] - CR saved locally, it was from uddi:juddi.apache.org:node1 USN:102 Type:ChangeRecordNewData Key:uddi:uddi.org:ubr:categorization:naics:2012 Local id:102
2025-06-25 11:11:02,725 INFO [org.apache.juddi.replication.ReplicationNotifier] - CR saved locally, it was from uddi:juddi.apache.org:node1 USN:103 Type:ChangeRecordNewData Key:uddi:uddi.org:ubr:categorization:naics:2002 Local id:103
2025-06-25 11:11:02,810 INFO [org.apache.juddi.replication.ReplicationNotifier] - CR saved locally, it was from uddi:juddi.apache.org:node1 USN:104 Type:ChangeRecordNewData Key:uddi:uddi.org:ubr:categorization:naics:2007 Local id:104
2025-06-25 11:11:02,842 INFO [org.apache.juddi.replication.ReplicationNotifier] - CR saved locally, it was from uddi:juddi.apache.org:node1 USN:105 Type:ChangeRecordNewData Key:uddi:uddi.org:ubr:taxonomy:naics Local id:105
2025-06-25 11:11:02,852 INFO [org.apache.juddi.replication.ReplicationNotifier] - CR saved locally, it was from uddi:juddi.apache.org:node1 USN:106 Type:ChangeRecordNewData Key:uddi:uddi.org:sortorder:jis-x4061 Local id:106
2025-06-25 11:11:02,981 INFO [org.apache.juddi.replication.ReplicationNotifier] - CR saved locally, it was from uddi:juddi.apache.org:node1 USN:107 Type:ChangeRecordNewData Key:uddi:uddi.org:ubr:identifier:dnb.com:d-u-n-s Local id:107
2025-06-25 11:11:03,002 INFO [org.apache.juddi.replication.ReplicationNotifier] - CR saved locally, it was from uddi:juddi.apache.org:node1 USN:108 Type:ChangeRecordNewData Key:uddi:uddi.org:ubr:identifier:iso6523icd Local id:108
2025-06-25 11:11:03,024 INFO [org.apache.juddi.replication.ReplicationNotifier] - CR saved locally, it was from uddi:juddi.apache.org:node1 USN:109 Type:ChangeRecordNewData Key:uuid:8609c81e-ee1f-4d5a-b202-3eb13ad01823 Local id:109
2025-06-25 11:11:03,169 INFO [org.apache.juddi.replication.ReplicationNotifier] - CR saved locally, it was from uddi:juddi.apache.org:node1 USN:110 Type:ChangeRecordNewData Key:uuid:c0b9fe13-179f-413d-8a5b-5004db8e5bb2 Local id:110
2025-06-25 11:11:03,174 INFO [org.apache.juddi.replication.ReplicationNotifier] - CR saved locally, it was from uddi:juddi.apache.org:node1 USN:111 Type:ChangeRecordNewData Key:uuid:c7536010-f786-11db-a010-e6245c4e79a1 Local id:111
2025-06-25 11:11:03,196 INFO [org.apache.juddi.replication.ReplicationNotifier] - CR saved locally, it was from uddi:juddi.apache.org:node1 USN:112 Type:ChangeRecordNewData Key:uuid:b1b1baf5-2329-43e6-ae13-ba8e97195039 Local id:112
2025-06-25 11:11:03,240 INFO [org.apache.juddi.replication.ReplicationNotifier] - CR saved locally, it was from uddi:juddi.apache.org:node1 USN:113 Type:ChangeRecordNewData Key:uuid:a035a07c-f362-44dd-8f95-e2b134bf43b4 Local id:113
2025-06-25 11:11:03,257 INFO [org.apache.juddi.replication.ReplicationNotifier] - CR saved locally, it was from uddi:juddi.apache.org:node1 USN:114 Type:ChangeRecordNewData Key:uuid:ac104dcc-d623-452f-88a7-f8acd94d9b2b Local id:114
2025-06-25 11:11:03,257 INFO [org.apache.juddi.replication.ReplicationNotifier] - CR saved locally, it was from uddi:juddi.apache.org:node1 USN:115 Type:ChangeRecordNewData Key:uuid:e59ae320-77a5-11d5-b898-0004ac49cc1e Local id:115
2025-06-25 11:11:03,317 INFO [org.apache.juddi.replication.ReplicationNotifier] - CR saved locally, it was from uddi:juddi.apache.org:node1 USN:116 Type:ChangeRecordNewData Key:uuid:4e49a8d6-d5a2-4fc2-93a0-0411d8d19e88 Local id:116
2025-06-25 11:11:03,326 INFO [org.apache.juddi.replication.ReplicationNotifier] - CR saved locally, it was from uddi:juddi.apache.org:node1 USN:117 Type:ChangeRecordNewData Key:uuid:327a56f0-3299-4461-bc23-5cd513e95c55 Local id:117
2025-06-25 11:11:03,326 INFO [org.apache.juddi.replication.ReplicationNotifier] - CR saved locally, it was from uddi:juddi.apache.org:node1 USN:118 Type:ChangeRecordNewData Key:uuid:4064c064-6d14-4f35-8953-9652106476a9 Local id:118
2025-06-25 11:11:03,341 INFO [org.apache.juddi.replication.ReplicationNotifier] - CR saved locally, it was from uddi:juddi.apache.org:node1 USN:119 Type:ChangeRecordNewData Key:uuid:6e10b91b-babc-3442-b8fc-5a3c8fde0794 Local id:119
2025-06-25 11:11:03,387 INFO [org.apache.juddi.replication.ReplicationNotifier] - CR saved locally, it was from uddi:juddi.apache.org:node1 USN:120 Type:ChangeRecordNewData Key:uuid:aa254698-93de-3870-8df3-a5c075d64a0e Local id:120
2025-06-25 11:11:03,387 INFO [org.apache.juddi.replication.ReplicationNotifier] - CR saved locally, it was from uddi:juddi.apache.org:node1 USN:121 Type:ChangeRecordNewData Key:uuid:807a2c6a-ee22-470d-adc7-e0424a337c03 Local id:121
2025-06-25 11:11:03,403 INFO [org.apache.juddi.replication.ReplicationNotifier] - CR saved locally, it was from uddi:juddi.apache.org:node1 USN:122 Type:ChangeRecordNewData Key:uuid:1e3e9cbc-f8ce-41ab-8f99-88326bad324a Local id:122
2025-06-25 11:11:03,459 INFO [org.apache.juddi.replication.ReplicationNotifier] - CR saved locally, it was from uddi:juddi.apache.org:node1 USN:123 Type:ChangeRecordNewData Key:uuid:c1acf26d-9672-4404-9d70-39b756e62ab4 Local id:123
2025-06-25 11:11:03,460 INFO [org.apache.juddi.replication.ReplicationNotifier] - CR saved locally, it was from uddi:juddi.apache.org:node1 USN:124 Type:ChangeRecordNewData Key:uuid:ad61de98-4db8-31b2-a299-a2373dc97212 Local id:124
2025-06-25 11:11:03,482 INFO [org.apache.juddi.replication.ReplicationNotifier] - CR saved locally, it was from uddi:juddi.apache.org:node1 USN:125 Type:ChangeRecordNewData Key:uuid:4dc74177-7806-34d9-aecd-33c57dc3a865 Local id:125
2025-06-25 11:11:03,639 INFO [org.apache.juddi.replication.ReplicationNotifier] - CR saved locally, it was from uddi:juddi.apache.org:node1 USN:126 Type:ChangeRecordNewData Key:uuid:e5c43936-86e4-37bf-8196-1d04b35c0099 Local id:126
2025-06-25 11:11:03,709 INFO [org.apache.juddi.replication.ReplicationNotifier] - CR saved locally, it was from uddi:juddi.apache.org:node1 USN:127 Type:ChangeRecordNewData Key:uuid:082b0851-25d8-303c-b332-f24a6d53e38e Local id:127
2025-06-25 11:11:03,726 INFO [org.apache.juddi.replication.ReplicationNotifier] - CR saved locally, it was from uddi:juddi.apache.org:node1 USN:128 Type:ChangeRecordNewData Key:uuid:6e090afa-33e5-36eb-81b7-1ca18373f457 Local id:128
2025-06-25 11:11:03,744 INFO [org.apache.juddi.replication.ReplicationNotifier] - CR saved locally, it was from uddi:juddi.apache.org:node1 USN:129 Type:ChangeRecordNewData Key:uuid:2ec65201-9109-3919-9bec-c9dbefcaccf6 Local id:129
2025-06-25 11:11:03,800 INFO [org.apache.juddi.replication.ReplicationNotifier] - CR saved locally, it was from uddi:juddi.apache.org:node1 USN:130 Type:ChangeRecordNewData Key:uuid:d01987d1-ab2e-3013-9be2-2a66eb99d824 Local id:130
2025-06-25 11:11:03,810 INFO [org.apache.juddi.replication.ReplicationNotifier] - CR saved locally, it was from uddi:juddi.apache.org:node1 USN:131 Type:ChangeRecordNewData Key:uuid:cd153257-086a-4237-b336-6bdcbdcc6634 Local id:131
2025-06-25 11:11:03,810 INFO [org.apache.juddi.replication.ReplicationNotifier] - CR saved locally, it was from uddi:juddi.apache.org:node1 USN:132 Type:ChangeRecordNewData Key:uuid:db77450d-9fa8-45d4-a7bc-04411d14e384 Local id:132
2025-06-25 11:11:03,832 INFO [org.apache.juddi.replication.ReplicationNotifier] - CR saved locally, it was from uddi:juddi.apache.org:node1 USN:133 Type:ChangeRecordNewData Key:uuid:f1b347da-6cbb-3a10-93e7-7cd4328b88d3 Local id:133
2025-06-25 11:11:03,832 INFO [org.apache.juddi.replication.ReplicationNotifier] - CR saved locally, it was from uddi:juddi.apache.org:node1 USN:134 Type:ChangeRecordNewData Key:uuid:1ff729f2-1948-46cf-b660-31ec107f1663 Local id:134
2025-06-25 11:11:03,855 INFO [org.apache.juddi.replication.ReplicationNotifier] - CR saved locally, it was from uddi:juddi.apache.org:node1 USN:135 Type:ChangeRecordNewData Key:uuid:4614c240-b483-11d7-8be8-000629dc0a53 Local id:135
2025-06-25 11:11:03,872 INFO [org.apache.juddi.replication.ReplicationNotifier] - CR saved locally, it was from uddi:juddi.apache.org:node1 USN:136 Type:ChangeRecordNewData Key:uuid:48eb2518-c1bd-354f-92c9-21a53b0ff2b1 Local id:136
2025-06-25 11:11:03,872 INFO [org.apache.juddi.replication.ReplicationNotifier] - CR saved locally, it was from uddi:juddi.apache.org:node1 USN:137 Type:ChangeRecordNewData Key:uddi:uddi.org:ubr:identifier:thomasregister.com:supplierid Local id:137
2025-06-25 11:11:03,898 INFO [org.apache.juddi.replication.ReplicationNotifier] - CR saved locally, it was from uddi:juddi.apache.org:node1 USN:138 Type:ChangeRecordNewData Key:uddi:uddi.org:v3_valuesetvalidation Local id:138
2025-06-25 11:11:03,937 INFO [org.apache.juddi.replication.ReplicationNotifier] - CR saved locally, it was from uddi:juddi.apache.org:node1 USN:139 Type:ChangeRecordNewData Key:uddi:uddi.org:v3_valuesetcaching Local id:139
2025-06-25 11:11:03,952 INFO [org.apache.juddi.replication.ReplicationNotifier] - CR saved locally, it was from uddi:juddi.apache.org:node1 USN:140 Type:ChangeRecordNewData Key:uuid:25b22e3e-3dfa-3024-b02a-3438b9050b59 Local id:140
2025-06-25 11:11:09,811 INFO [org.springframework.web.context.ContextLoader] - Root WebApplicationContext: initialization started
2025-06-25 11:11:09,967 INFO [org.springframework.web.context.support.XmlWebApplicationContext] - Refreshing Root WebApplicationContext: startup date [Wed Jun 25 11:11:09 WAT 2025]; root of context hierarchy
2025-06-25 11:11:10,058 INFO [org.springframework.beans.factory.xml.XmlBeanDefinitionReader] - Loading XML bean definitions from ServletContext resource [/WEB-INF/beans.xml]
2025-06-25 11:11:10,165 INFO [org.springframework.beans.factory.xml.XmlBeanDefinitionReader] - Loading XML bean definitions from class path resource [META-INF/cxf/cxf.xml]
2025-06-25 11:11:10,216 INFO [org.springframework.beans.factory.xml.XmlBeanDefinitionReader] - Loading XML bean definitions from class path resource [META-INF/cxf/cxf-extension-soap.xml]
2025-06-25 11:11:10,249 INFO [org.springframework.beans.factory.xml.XmlBeanDefinitionReader] - Loading XML bean definitions from class path resource [META-INF/cxf/cxf-servlet.xml]
2025-06-25 11:11:10,954 INFO [org.springframework.beans.factory.support.DefaultListableBeanFactory] - Pre-instantiating singletons in org.springframework.beans.factory.support.DefaultListableBeanFactory@7b167b42: defining beans [cxf,org.apache.cxf.bus.spring.BusWiringBeanFactoryPostProcessor,org.apache.cxf.bus.spring.Jsr250BeanPostProcessor,org.apache.cxf.bus.spring.BusExtensionPostProcessor,org.apache.cxf.binding.soap.SoapBindingFactory,org.apache.cxf.binding.soap.SoapTransportFactory,org.apache.cxf.binding.soap.customEditorConfigurer,replication]; root of factory hierarchy
2025-06-25 11:11:11,732 INFO [org.apache.juddi.config.AppConfig] - Reading from jUDDI config file from:  file:/C:/Users/hp/Downloads/juddi-3.3.5_tomcat-7.0.82_9090/webapps/juddiv3replication/WEB-INF/classes/juddiv3.xml
2025-06-25 11:11:14,415 INFO [org.apache.juddi.config.Install] - Checking if jUDDI is seeded by searching for root publisher root
2025-06-25 11:11:15,111 INFO [org.apache.juddi.api.impl.UDDIServiceCounter] - Found MBean server
2025-06-25 11:11:15,114 INFO [org.apache.juddi.api.impl.UDDIServiceCounter] - Found MBean server
2025-06-25 11:11:17,423 INFO [org.springframework.web.context.ContextLoader] - Root WebApplicationContext: initialization completed in 7612 ms
2025-06-25 11:11:17,472 INFO [org.apache.juddi.Registry] - Starting jUDDI registry...This is node uddi:juddi.apache.org:node1
2025-06-25 11:11:17,795 INFO [org.apache.juddi.config.AppConfig] - Reading from jUDDI config file from:  file:/C:/Users/hp/Downloads/juddi-3.3.5_tomcat-7.0.82_9090/webapps/juddiv3replication/WEB-INF/classes/juddiv3.xml
2025-06-25 11:11:17,795 INFO [org.apache.juddi.config.Install] - Checking if jUDDI is seeded by searching for root publisher root
2025-06-25 11:11:17,812 INFO [org.apache.juddi.api.impl.UDDIServiceCounter] - Found MBean server
2025-06-25 11:11:17,812 INFO [org.apache.juddi.Registry] - jUDDI registry started successfully.
2025-06-25 11:16:50,082 INFO [org.springframework.web.context.ContextLoader] - Root WebApplicationContext: initialization started
2025-06-25 11:16:50,249 INFO [org.springframework.web.context.support.XmlWebApplicationContext] - Refreshing Root WebApplicationContext: startup date [Wed Jun 25 11:16:50 WAT 2025]; root of context hierarchy
2025-06-25 11:16:50,368 INFO [org.springframework.beans.factory.xml.XmlBeanDefinitionReader] - Loading XML bean definitions from ServletContext resource [/WEB-INF/beans.xml]
2025-06-25 11:16:50,839 INFO [org.springframework.beans.factory.xml.XmlBeanDefinitionReader] - Loading XML bean definitions from class path resource [META-INF/cxf/cxf.xml]
2025-06-25 11:16:50,900 INFO [org.springframework.beans.factory.xml.XmlBeanDefinitionReader] - Loading XML bean definitions from class path resource [META-INF/cxf/cxf-extension-soap.xml]
2025-06-25 11:16:50,947 INFO [org.springframework.beans.factory.xml.XmlBeanDefinitionReader] - Loading XML bean definitions from class path resource [META-INF/cxf/cxf-servlet.xml]
2025-06-25 11:16:51,525 INFO [org.springframework.beans.factory.support.DefaultListableBeanFactory] - Pre-instantiating singletons in org.springframework.beans.factory.support.DefaultListableBeanFactory@523a0d9d: defining beans [cxf,org.apache.cxf.bus.spring.BusWiringBeanFactoryPostProcessor,org.apache.cxf.bus.spring.Jsr250BeanPostProcessor,org.apache.cxf.bus.spring.BusExtensionPostProcessor,org.apache.cxf.binding.soap.SoapBindingFactory,org.apache.cxf.binding.soap.SoapTransportFactory,org.apache.cxf.binding.soap.customEditorConfigurer,inquiry,publish,security,subscription,subscription-listener,custody-transfer,valueset-validation,valueset-caching,inquiryv2,publishv2,juddi-api,jsonNamespaceMap,inquiryRestService,inquiryRest,jsonProvider,jaxbProvider]; root of factory hierarchy
2025-06-25 11:16:52,057 INFO [org.apache.juddi.config.AppConfig] - Reading from jUDDI config file from:  file:/C:/Users/hp/Desktop/UDDI/juddi-3.3.5_tomcat-7.0.82_9090/webapps/juddiv3/WEB-INF/classes/juddiv3.xml
2025-06-25 11:17:04,354 INFO [org.apache.juddi.config.Install] - Checking if jUDDI is seeded by searching for root publisher root
2025-06-25 11:17:05,535 INFO [org.apache.juddi.api.impl.UDDIServiceCounter] - Found MBean server
2025-06-25 11:17:08,714 INFO [org.apache.juddi.api.impl.UDDIServiceCounter] - Found MBean server
2025-06-25 11:17:09,241 INFO [org.apache.juddi.api.impl.UDDIServiceCounter] - Found MBean server
2025-06-25 11:17:09,569 INFO [org.apache.juddi.api.impl.UDDIServiceCounter] - Found MBean server
2025-06-25 11:17:10,078 INFO [org.apache.juddi.api.impl.UDDIServiceCounter] - Found MBean server
2025-06-25 11:17:10,282 INFO [org.apache.juddi.api.impl.UDDIServiceCounter] - Found MBean server
2025-06-25 11:17:10,480 INFO [org.apache.juddi.api.impl.UDDIServiceCounter] - Found MBean server
2025-06-25 11:17:10,665 WARN [org.apache.juddi.api.impl.UDDIv2InquiryImpl] - This implementation of UDDIv2 Inquire service org.apache.juddi.api.impl.UDDIv2InquiryImpl is considered BETA. Please report any issues to https://issues.apache.org/jira/browse/JUDDI
2025-06-25 11:17:10,933 WARN [org.apache.juddi.api.impl.UDDIv2PublishImpl] - This implementation of UDDIv2 Publish service org.apache.juddi.api.impl.UDDIv2PublishImpl is considered BETA. Please report any issues to https://issues.apache.org/jira/browse/JUDDI
2025-06-25 11:17:11,146 INFO [org.apache.juddi.api.impl.UDDIServiceCounter] - Found MBean server
2025-06-25 11:17:12,495 INFO [org.springframework.web.context.ContextLoader] - Root WebApplicationContext: initialization completed in 22413 ms
2025-06-25 11:17:12,538 INFO [org.apache.juddi.Registry] - Starting jUDDI registry...This is node uddi:juddi.apache.org:node1
2025-06-25 11:17:12,677 INFO [org.apache.juddi.config.AppConfig] - Reading from jUDDI config file from:  file:/C:/Users/hp/Desktop/UDDI/juddi-3.3.5_tomcat-7.0.82_9090/webapps/juddiv3/WEB-INF/classes/juddiv3.xml
2025-06-25 11:17:12,681 INFO [org.apache.juddi.config.Install] - Checking if jUDDI is seeded by searching for root publisher root
2025-06-25 11:17:12,701 INFO [org.apache.juddi.Registry] - jUDDI registry started successfully.
2025-06-25 11:17:18,308 INFO [org.springframework.web.context.ContextLoader] - Root WebApplicationContext: initialization started
2025-06-25 11:17:18,521 INFO [org.springframework.web.context.support.XmlWebApplicationContext] - Refreshing Root WebApplicationContext: startup date [Wed Jun 25 11:17:18 WAT 2025]; root of context hierarchy
2025-06-25 11:17:18,632 INFO [org.springframework.beans.factory.xml.XmlBeanDefinitionReader] - Loading XML bean definitions from ServletContext resource [/WEB-INF/beans.xml]
2025-06-25 11:17:18,708 INFO [org.springframework.beans.factory.xml.XmlBeanDefinitionReader] - Loading XML bean definitions from class path resource [META-INF/cxf/cxf.xml]
2025-06-25 11:17:18,755 INFO [org.springframework.beans.factory.xml.XmlBeanDefinitionReader] - Loading XML bean definitions from class path resource [META-INF/cxf/cxf-extension-soap.xml]
2025-06-25 11:17:18,787 INFO [org.springframework.beans.factory.xml.XmlBeanDefinitionReader] - Loading XML bean definitions from class path resource [META-INF/cxf/cxf-servlet.xml]
2025-06-25 11:17:19,121 INFO [org.springframework.beans.factory.support.DefaultListableBeanFactory] - Pre-instantiating singletons in org.springframework.beans.factory.support.DefaultListableBeanFactory@71dde48f: defining beans [cxf,org.apache.cxf.bus.spring.BusWiringBeanFactoryPostProcessor,org.apache.cxf.bus.spring.Jsr250BeanPostProcessor,org.apache.cxf.bus.spring.BusExtensionPostProcessor,org.apache.cxf.binding.soap.SoapBindingFactory,org.apache.cxf.binding.soap.SoapTransportFactory,org.apache.cxf.binding.soap.customEditorConfigurer,replication]; root of factory hierarchy
2025-06-25 11:17:19,519 INFO [org.apache.juddi.config.AppConfig] - Reading from jUDDI config file from:  file:/C:/Users/hp/Desktop/UDDI/juddi-3.3.5_tomcat-7.0.82_9090/webapps/juddiv3replication/WEB-INF/classes/juddiv3.xml
2025-06-25 11:17:21,978 INFO [org.apache.juddi.config.Install] - Checking if jUDDI is seeded by searching for root publisher root
2025-06-25 11:17:22,721 INFO [org.apache.juddi.api.impl.UDDIServiceCounter] - Found MBean server
2025-06-25 11:17:22,735 INFO [org.apache.juddi.api.impl.UDDIServiceCounter] - Found MBean server
2025-06-25 11:17:25,342 INFO [org.springframework.web.context.ContextLoader] - Root WebApplicationContext: initialization completed in 7034 ms
2025-06-25 11:17:25,386 INFO [org.apache.juddi.Registry] - Starting jUDDI registry...This is node uddi:juddi.apache.org:node1
2025-06-25 11:17:25,717 INFO [org.apache.juddi.config.AppConfig] - Reading from jUDDI config file from:  file:/C:/Users/hp/Desktop/UDDI/juddi-3.3.5_tomcat-7.0.82_9090/webapps/juddiv3replication/WEB-INF/classes/juddiv3.xml
2025-06-25 11:17:25,717 INFO [org.apache.juddi.config.Install] - Checking if jUDDI is seeded by searching for root publisher root
2025-06-25 11:17:25,733 INFO [org.apache.juddi.api.impl.UDDIServiceCounter] - Found MBean server
2025-06-25 11:17:25,742 INFO [org.apache.juddi.Registry] - jUDDI registry started successfully.
2025-06-25 11:32:29,703 INFO [org.apache.juddi.Registry] - Stopping jUDDI registry...
2025-06-25 11:32:29,721 INFO [org.apache.juddi.Registry] - Shutting down SubscriptionNotifier
2025-06-25 11:32:29,727 INFO [org.apache.juddi.Registry] - jUDDI shutdown completed.
2025-06-25 11:32:29,789 INFO [org.springframework.web.context.support.XmlWebApplicationContext] - Closing Root WebApplicationContext: startup date [Wed Jun 25 11:17:18 WAT 2025]; root of context hierarchy
2025-06-25 11:32:29,789 INFO [org.springframework.beans.factory.support.DefaultListableBeanFactory] - Destroying singletons in org.springframework.beans.factory.support.DefaultListableBeanFactory@71dde48f: defining beans [cxf,org.apache.cxf.bus.spring.BusWiringBeanFactoryPostProcessor,org.apache.cxf.bus.spring.Jsr250BeanPostProcessor,org.apache.cxf.bus.spring.BusExtensionPostProcessor,org.apache.cxf.binding.soap.SoapBindingFactory,org.apache.cxf.binding.soap.SoapTransportFactory,org.apache.cxf.binding.soap.customEditorConfigurer,replication]; root of factory hierarchy
2025-06-25 11:32:30,167 INFO [org.apache.juddi.Registry] - Stopping jUDDI registry...
2025-06-25 11:32:30,167 INFO [org.apache.juddi.Registry] - Shutting down SubscriptionNotifier
2025-06-25 11:32:30,180 INFO [org.apache.juddi.Registry] - jUDDI shutdown completed.
2025-06-25 11:32:30,197 INFO [org.springframework.web.context.support.XmlWebApplicationContext] - Closing Root WebApplicationContext: startup date [Wed Jun 25 11:16:50 WAT 2025]; root of context hierarchy
2025-06-25 11:32:30,197 INFO [org.springframework.beans.factory.support.DefaultListableBeanFactory] - Destroying singletons in org.springframework.beans.factory.support.DefaultListableBeanFactory@523a0d9d: defining beans [cxf,org.apache.cxf.bus.spring.BusWiringBeanFactoryPostProcessor,org.apache.cxf.bus.spring.Jsr250BeanPostProcessor,org.apache.cxf.bus.spring.BusExtensionPostProcessor,org.apache.cxf.binding.soap.SoapBindingFactory,org.apache.cxf.binding.soap.SoapTransportFactory,org.apache.cxf.binding.soap.customEditorConfigurer,inquiry,publish,security,subscription,subscription-listener,custody-transfer,valueset-validation,valueset-caching,inquiryv2,publishv2,juddi-api,jsonNamespaceMap,inquiryRestService,inquiryRest,jsonProvider,jaxbProvider]; root of factory hierarchy
2025-06-25 11:32:50,648 INFO [org.springframework.web.context.ContextLoader] - Root WebApplicationContext: initialization started
2025-06-25 11:32:50,747 INFO [org.springframework.web.context.support.XmlWebApplicationContext] - Refreshing Root WebApplicationContext: startup date [Wed Jun 25 11:32:50 WAT 2025]; root of context hierarchy
2025-06-25 11:32:50,804 INFO [org.springframework.beans.factory.xml.XmlBeanDefinitionReader] - Loading XML bean definitions from ServletContext resource [/WEB-INF/beans.xml]
2025-06-25 11:32:51,073 INFO [org.springframework.beans.factory.xml.XmlBeanDefinitionReader] - Loading XML bean definitions from class path resource [META-INF/cxf/cxf.xml]
2025-06-25 11:32:51,105 INFO [org.springframework.beans.factory.xml.XmlBeanDefinitionReader] - Loading XML bean definitions from class path resource [META-INF/cxf/cxf-extension-soap.xml]
2025-06-25 11:32:51,136 INFO [org.springframework.beans.factory.xml.XmlBeanDefinitionReader] - Loading XML bean definitions from class path resource [META-INF/cxf/cxf-servlet.xml]
2025-06-25 11:32:51,408 INFO [org.springframework.beans.factory.support.DefaultListableBeanFactory] - Pre-instantiating singletons in org.springframework.beans.factory.support.DefaultListableBeanFactory@6aca703a: defining beans [cxf,org.apache.cxf.bus.spring.BusWiringBeanFactoryPostProcessor,org.apache.cxf.bus.spring.Jsr250BeanPostProcessor,org.apache.cxf.bus.spring.BusExtensionPostProcessor,org.apache.cxf.binding.soap.SoapBindingFactory,org.apache.cxf.binding.soap.SoapTransportFactory,org.apache.cxf.binding.soap.customEditorConfigurer,inquiry,publish,security,subscription,subscription-listener,custody-transfer,valueset-validation,valueset-caching,inquiryv2,publishv2,juddi-api,jsonNamespaceMap,inquiryRestService,inquiryRest,jsonProvider,jaxbProvider]; root of factory hierarchy
2025-06-25 11:32:51,662 INFO [org.apache.juddi.config.AppConfig] - Reading from jUDDI config file from:  file:/C:/Users/hp/Desktop/UDDI/juddi-3.3.5_tomcat-7.0.82_9090/webapps/juddiv3/WEB-INF/classes/juddiv3.xml
2025-06-25 11:32:55,712 INFO [org.apache.juddi.config.Install] - Checking if jUDDI is seeded by searching for root publisher root
2025-06-25 11:32:56,276 INFO [org.apache.juddi.api.impl.UDDIServiceCounter] - Found MBean server
2025-06-25 11:32:57,820 INFO [org.apache.juddi.api.impl.UDDIServiceCounter] - Found MBean server
2025-06-25 11:32:58,171 INFO [org.apache.juddi.api.impl.UDDIServiceCounter] - Found MBean server
2025-06-25 11:32:58,544 INFO [org.apache.juddi.api.impl.UDDIServiceCounter] - Found MBean server
2025-06-25 11:32:58,993 INFO [org.apache.juddi.api.impl.UDDIServiceCounter] - Found MBean server
2025-06-25 11:32:59,146 INFO [org.apache.juddi.api.impl.UDDIServiceCounter] - Found MBean server
2025-06-25 11:32:59,297 INFO [org.apache.juddi.api.impl.UDDIServiceCounter] - Found MBean server
2025-06-25 11:32:59,509 WARN [org.apache.juddi.api.impl.UDDIv2InquiryImpl] - This implementation of UDDIv2 Inquire service org.apache.juddi.api.impl.UDDIv2InquiryImpl is considered BETA. Please report any issues to https://issues.apache.org/jira/browse/JUDDI
2025-06-25 11:32:59,969 WARN [org.apache.juddi.api.impl.UDDIv2PublishImpl] - This implementation of UDDIv2 Publish service org.apache.juddi.api.impl.UDDIv2PublishImpl is considered BETA. Please report any issues to https://issues.apache.org/jira/browse/JUDDI
2025-06-25 11:33:00,124 INFO [org.apache.juddi.api.impl.UDDIServiceCounter] - Found MBean server
2025-06-25 11:33:01,058 INFO [org.springframework.web.context.ContextLoader] - Root WebApplicationContext: initialization completed in 10410 ms
2025-06-25 11:33:01,096 INFO [org.apache.juddi.Registry] - Starting jUDDI registry...This is node uddi:juddi.apache.org:node1
2025-06-25 11:33:01,194 INFO [org.apache.juddi.config.AppConfig] - Reading from jUDDI config file from:  file:/C:/Users/hp/Desktop/UDDI/juddi-3.3.5_tomcat-7.0.82_9090/webapps/juddiv3/WEB-INF/classes/juddiv3.xml
2025-06-25 11:33:01,194 INFO [org.apache.juddi.config.Install] - Checking if jUDDI is seeded by searching for root publisher root
2025-06-25 11:33:01,207 INFO [org.apache.juddi.Registry] - jUDDI registry started successfully.
2025-06-25 11:33:05,508 INFO [org.springframework.web.context.ContextLoader] - Root WebApplicationContext: initialization started
2025-06-25 11:33:06,033 INFO [org.springframework.web.context.support.XmlWebApplicationContext] - Refreshing Root WebApplicationContext: startup date [Wed Jun 25 11:33:06 WAT 2025]; root of context hierarchy
2025-06-25 11:33:06,078 INFO [org.springframework.beans.factory.xml.XmlBeanDefinitionReader] - Loading XML bean definitions from ServletContext resource [/WEB-INF/beans.xml]
2025-06-25 11:33:06,119 INFO [org.springframework.beans.factory.xml.XmlBeanDefinitionReader] - Loading XML bean definitions from class path resource [META-INF/cxf/cxf.xml]
2025-06-25 11:33:06,152 INFO [org.springframework.beans.factory.xml.XmlBeanDefinitionReader] - Loading XML bean definitions from class path resource [META-INF/cxf/cxf-extension-soap.xml]
2025-06-25 11:33:06,186 INFO [org.springframework.beans.factory.xml.XmlBeanDefinitionReader] - Loading XML bean definitions from class path resource [META-INF/cxf/cxf-servlet.xml]
2025-06-25 11:33:06,389 INFO [org.springframework.beans.factory.support.DefaultListableBeanFactory] - Pre-instantiating singletons in org.springframework.beans.factory.support.DefaultListableBeanFactory@1ff785c4: defining beans [cxf,org.apache.cxf.bus.spring.BusWiringBeanFactoryPostProcessor,org.apache.cxf.bus.spring.Jsr250BeanPostProcessor,org.apache.cxf.bus.spring.BusExtensionPostProcessor,org.apache.cxf.binding.soap.SoapBindingFactory,org.apache.cxf.binding.soap.SoapTransportFactory,org.apache.cxf.binding.soap.customEditorConfigurer,replication]; root of factory hierarchy
2025-06-25 11:33:06,771 INFO [org.apache.juddi.config.AppConfig] - Reading from jUDDI config file from:  file:/C:/Users/hp/Desktop/UDDI/juddi-3.3.5_tomcat-7.0.82_9090/webapps/juddiv3replication/WEB-INF/classes/juddiv3.xml
2025-06-25 11:33:09,021 INFO [org.apache.juddi.config.Install] - Checking if jUDDI is seeded by searching for root publisher root
2025-06-25 11:33:09,785 INFO [org.apache.juddi.api.impl.UDDIServiceCounter] - Found MBean server
2025-06-25 11:33:09,785 INFO [org.apache.juddi.api.impl.UDDIServiceCounter] - Found MBean server
2025-06-25 11:33:11,784 INFO [org.springframework.web.context.ContextLoader] - Root WebApplicationContext: initialization completed in 6275 ms
2025-06-25 11:33:11,809 INFO [org.apache.juddi.Registry] - Starting jUDDI registry...This is node uddi:juddi.apache.org:node1
2025-06-25 11:33:12,168 INFO [org.apache.juddi.config.AppConfig] - Reading from jUDDI config file from:  file:/C:/Users/hp/Desktop/UDDI/juddi-3.3.5_tomcat-7.0.82_9090/webapps/juddiv3replication/WEB-INF/classes/juddiv3.xml
2025-06-25 11:33:12,168 INFO [org.apache.juddi.config.Install] - Checking if jUDDI is seeded by searching for root publisher root
2025-06-25 11:33:12,191 INFO [org.apache.juddi.api.impl.UDDIServiceCounter] - Found MBean server
2025-06-25 11:33:12,207 INFO [org.apache.juddi.Registry] - jUDDI registry started successfully.
2025-06-25 11:34:02,114 INFO [org.apache.juddi.api.impl.AuthenticatedService] - FindBusiness with tModel bag filtering is enabled: true loaded from file:/C:/Users/hp/Desktop/UDDI/juddi-3.3.5_tomcat-7.0.82_9090/webapps/juddiv3/WEB-INF/classes/juddiv3.xml
2025-06-25 11:34:02,271 INFO [org.apache.juddi.api.impl.InquiryHelper] - FindBusiness by tModelBag is enabled! Loaded from file:/C:/Users/hp/Desktop/UDDI/juddi-3.3.5_tomcat-7.0.82_9090/webapps/juddiv3/WEB-INF/classes/juddiv3.xml
2025-06-25 11:34:03,321 INFO [org.apache.juddi.api.impl.AuthenticatedService] - AUDIT: AuthToken request for username from 127.0.0.1
2025-06-25 11:34:03,339 WARN [org.apache.juddi.v3.auth.JUDDIAuthenticator] - DO NOT USE JUDDI AUTHENTICATOR FOR PRODUCTION SYSTEMS - DOES NOT VALIDATE PASSWORDS, AT ALL!
2025-06-25 11:34:03,339 WARN [org.apache.juddi.v3.auth.JUDDIAuthenticator] - Publisher "username" was not found, adding the publisher in on the fly.
2025-06-25 11:34:03,529 INFO [org.apache.juddi.api.impl.AuthenticatedService] - AUDIT: AuthToken issued for username from 127.0.0.1
2025-06-25 11:34:04,523 WARN [org.apache.juddi.validation.ValidatePublish] - Hey, you should consider encrypting your trust store password!
2025-06-25 11:34:05,925 INFO [org.apache.juddi.api.impl.AuthenticatedService] - FindBusiness with tModel bag filtering is enabled: true loaded from file:/C:/Users/hp/Desktop/UDDI/juddi-3.3.5_tomcat-7.0.82_9090/webapps/juddiv3/WEB-INF/classes/juddiv3.xml
2025-06-25 11:34:06,017 INFO [org.apache.juddi.api.impl.InquiryHelper] - FindBusiness by tModelBag is enabled! Loaded from file:/C:/Users/hp/Desktop/UDDI/juddi-3.3.5_tomcat-7.0.82_9090/webapps/juddiv3/WEB-INF/classes/juddiv3.xml
2025-06-25 11:34:06,214 INFO [org.apache.juddi.subscription.SubscriptionNotifier] - Start Notification background task; checking if subscription notifications need to be send out..
2025-06-25 11:34:06,236 INFO [org.apache.juddi.subscription.SubscriptionNotifier] - Notification background task took 22 milliseconds.
2025-06-25 11:34:06,239 INFO [org.apache.juddi.replication.ReplicationNotifier] - Replication, Notifying nodes of new change records. 1 queued
2025-06-25 11:34:06,297 INFO [org.apache.juddi.replication.ReplicationNotifier] - CR saved locally, it was from uddi:juddi.apache.org:node1 USN:150 Type:ChangeRecordNewData Key:uddi:juddi.apache.org:8f9e3c74-bec1-4848-b13c-9cbb438e081c Local id:150
2025-06-25 11:34:08,077 INFO [org.apache.juddi.api.impl.AuthenticatedService] - FindBusiness with tModel bag filtering is enabled: true loaded from file:/C:/Users/hp/Desktop/UDDI/juddi-3.3.5_tomcat-7.0.82_9090/webapps/juddiv3/WEB-INF/classes/juddiv3.xml
2025-06-25 11:34:08,079 INFO [org.apache.juddi.api.impl.InquiryHelper] - FindBusiness by tModelBag is enabled! Loaded from file:/C:/Users/hp/Desktop/UDDI/juddi-3.3.5_tomcat-7.0.82_9090/webapps/juddiv3/WEB-INF/classes/juddiv3.xml
2025-06-25 11:34:12,556 INFO [org.apache.juddi.api.impl.AuthenticatedService] - FindBusiness with tModel bag filtering is enabled: true loaded from file:/C:/Users/hp/Desktop/UDDI/juddi-3.3.5_tomcat-7.0.82_9090/webapps/juddiv3/WEB-INF/classes/juddiv3.xml
2025-06-25 11:34:12,556 INFO [org.apache.juddi.api.impl.InquiryHelper] - FindBusiness by tModelBag is enabled! Loaded from file:/C:/Users/hp/Desktop/UDDI/juddi-3.3.5_tomcat-7.0.82_9090/webapps/juddiv3/WEB-INF/classes/juddiv3.xml
2025-06-25 11:34:13,306 WARN [org.apache.juddi.validation.ValidatePublish] - Hey, you should consider encrypting your trust store password!
2025-06-25 11:34:14,247 INFO [org.apache.juddi.api.impl.AuthenticatedService] - FindBusiness with tModel bag filtering is enabled: true loaded from file:/C:/Users/hp/Desktop/UDDI/juddi-3.3.5_tomcat-7.0.82_9090/webapps/juddiv3/WEB-INF/classes/juddiv3.xml
2025-06-25 11:34:14,260 INFO [org.apache.juddi.api.impl.InquiryHelper] - FindBusiness by tModelBag is enabled! Loaded from file:/C:/Users/hp/Desktop/UDDI/juddi-3.3.5_tomcat-7.0.82_9090/webapps/juddiv3/WEB-INF/classes/juddiv3.xml
2025-06-25 11:34:15,507 INFO [org.apache.juddi.api.impl.AuthenticatedService] - FindBusiness with tModel bag filtering is enabled: true loaded from file:/C:/Users/hp/Desktop/UDDI/juddi-3.3.5_tomcat-7.0.82_9090/webapps/juddiv3/WEB-INF/classes/juddiv3.xml
2025-06-25 11:34:15,507 INFO [org.apache.juddi.api.impl.InquiryHelper] - FindBusiness by tModelBag is enabled! Loaded from file:/C:/Users/hp/Desktop/UDDI/juddi-3.3.5_tomcat-7.0.82_9090/webapps/juddiv3/WEB-INF/classes/juddiv3.xml
2025-06-25 11:34:16,204 INFO [org.apache.juddi.replication.ReplicationNotifier] - Replication, Notifying nodes of new change records. 2 queued
2025-06-25 11:34:16,204 INFO [org.apache.juddi.replication.ReplicationNotifier] - CR saved locally, it was from uddi:juddi.apache.org:node1 USN:151 Type:ChangeRecordDelete Key:uddi:juddi.apache.org:8f9e3c74-bec1-4848-b13c-9cbb438e081c Local id:151
2025-06-25 11:34:16,231 INFO [org.apache.juddi.subscription.SubscriptionNotifier] - Start Notification background task; checking if subscription notifications need to be send out..
2025-06-25 11:34:16,238 INFO [org.apache.juddi.subscription.SubscriptionNotifier] - Notification background task took 7 milliseconds.
2025-06-25 11:34:16,283 INFO [org.apache.juddi.replication.ReplicationNotifier] - CR saved locally, it was from uddi:juddi.apache.org:node1 USN:152 Type:ChangeRecordNewData Key:uddi:juddi.apache.org:f0e14119-408b-4198-a066-0ccfa838eff8 Local id:152
2025-06-25 11:34:19,265 INFO [org.apache.juddi.api.impl.AuthenticatedService] - FindBusiness with tModel bag filtering is enabled: true loaded from file:/C:/Users/hp/Desktop/UDDI/juddi-3.3.5_tomcat-7.0.82_9090/webapps/juddiv3/WEB-INF/classes/juddiv3.xml
2025-06-25 11:34:19,265 INFO [org.apache.juddi.api.impl.InquiryHelper] - FindBusiness by tModelBag is enabled! Loaded from file:/C:/Users/hp/Desktop/UDDI/juddi-3.3.5_tomcat-7.0.82_9090/webapps/juddiv3/WEB-INF/classes/juddiv3.xml
2025-06-25 11:34:19,899 WARN [org.apache.juddi.validation.ValidatePublish] - Hey, you should consider encrypting your trust store password!
2025-06-25 11:34:20,597 INFO [org.apache.juddi.api.impl.AuthenticatedService] - FindBusiness with tModel bag filtering is enabled: true loaded from file:/C:/Users/hp/Desktop/UDDI/juddi-3.3.5_tomcat-7.0.82_9090/webapps/juddiv3/WEB-INF/classes/juddiv3.xml
2025-06-25 11:34:20,597 INFO [org.apache.juddi.api.impl.InquiryHelper] - FindBusiness by tModelBag is enabled! Loaded from file:/C:/Users/hp/Desktop/UDDI/juddi-3.3.5_tomcat-7.0.82_9090/webapps/juddiv3/WEB-INF/classes/juddiv3.xml
2025-06-25 11:34:21,199 WARN [org.apache.juddi.validation.ValidatePublish] - Hey, you should consider encrypting your trust store password!
2025-06-25 11:34:21,216 INFO [org.apache.juddi.subscription.SubscriptionNotifier] - Start Notification background task; checking if subscription notifications need to be send out..
2025-06-25 11:34:21,216 INFO [org.apache.juddi.replication.ReplicationNotifier] - Replication, Notifying nodes of new change records. 2 queued
2025-06-25 11:34:21,216 INFO [org.apache.juddi.replication.ReplicationNotifier] - CR saved locally, it was from uddi:juddi.apache.org:node1 USN:153 Type:ChangeRecordDelete Key:uddi:juddi.apache.org:f0e14119-408b-4198-a066-0ccfa838eff8 Local id:153
2025-06-25 11:34:21,216 INFO [org.apache.juddi.subscription.SubscriptionNotifier] - Notification background task took 0 milliseconds.
2025-06-25 11:34:21,429 INFO [org.apache.juddi.replication.ReplicationNotifier] - CR saved locally, it was from uddi:juddi.apache.org:node1 USN:154 Type:ChangeRecordNewData Key:uddi:juddi.apache.org:4013b095-44de-4101-a59c-6ccaa567d768 Local id:154
2025-06-25 11:34:21,492 INFO [org.apache.juddi.replication.ReplicationNotifier] - CR saved locally, it was from uddi:juddi.apache.org:node1 USN:155 Type:ChangeRecordNewData Key:uddi:juddi.apache.org:1504c608-5da9-4f5b-b0e7-c6b5881d0586 Local id:155
2025-06-25 11:34:21,989 INFO [org.apache.juddi.api.impl.AuthenticatedService] - FindBusiness with tModel bag filtering is enabled: true loaded from file:/C:/Users/hp/Desktop/UDDI/juddi-3.3.5_tomcat-7.0.82_9090/webapps/juddiv3/WEB-INF/classes/juddiv3.xml
2025-06-25 11:34:22,132 INFO [org.apache.juddi.api.impl.InquiryHelper] - FindBusiness by tModelBag is enabled! Loaded from file:/C:/Users/hp/Desktop/UDDI/juddi-3.3.5_tomcat-7.0.82_9090/webapps/juddiv3/WEB-INF/classes/juddiv3.xml
2025-06-25 11:34:24,228 INFO [org.apache.juddi.api.impl.AuthenticatedService] - FindBusiness with tModel bag filtering is enabled: true loaded from file:/C:/Users/hp/Desktop/UDDI/juddi-3.3.5_tomcat-7.0.82_9090/webapps/juddiv3/WEB-INF/classes/juddiv3.xml
2025-06-25 11:34:24,228 INFO [org.apache.juddi.api.impl.InquiryHelper] - FindBusiness by tModelBag is enabled! Loaded from file:/C:/Users/hp/Desktop/UDDI/juddi-3.3.5_tomcat-7.0.82_9090/webapps/juddiv3/WEB-INF/classes/juddiv3.xml
2025-06-25 11:34:26,215 INFO [org.apache.juddi.subscription.SubscriptionNotifier] - Start Notification background task; checking if subscription notifications need to be send out..
2025-06-25 11:34:26,215 INFO [org.apache.juddi.subscription.SubscriptionNotifier] - Notification background task took 0 milliseconds.
2025-06-25 11:34:28,599 INFO [org.apache.juddi.api.impl.AuthenticatedService] - FindBusiness with tModel bag filtering is enabled: true loaded from file:/C:/Users/hp/Desktop/UDDI/juddi-3.3.5_tomcat-7.0.82_9090/webapps/juddiv3/WEB-INF/classes/juddiv3.xml
2025-06-25 11:34:28,599 INFO [org.apache.juddi.api.impl.InquiryHelper] - FindBusiness by tModelBag is enabled! Loaded from file:/C:/Users/hp/Desktop/UDDI/juddi-3.3.5_tomcat-7.0.82_9090/webapps/juddiv3/WEB-INF/classes/juddiv3.xml
2025-06-25 11:34:29,182 WARN [org.apache.juddi.validation.ValidatePublish] - Hey, you should consider encrypting your trust store password!
2025-06-25 11:34:29,754 INFO [org.apache.juddi.api.impl.AuthenticatedService] - FindBusiness with tModel bag filtering is enabled: true loaded from file:/C:/Users/hp/Desktop/UDDI/juddi-3.3.5_tomcat-7.0.82_9090/webapps/juddiv3/WEB-INF/classes/juddiv3.xml
2025-06-25 11:34:29,754 INFO [org.apache.juddi.api.impl.InquiryHelper] - FindBusiness by tModelBag is enabled! Loaded from file:/C:/Users/hp/Desktop/UDDI/juddi-3.3.5_tomcat-7.0.82_9090/webapps/juddiv3/WEB-INF/classes/juddiv3.xml
2025-06-25 11:34:31,023 INFO [org.apache.juddi.api.impl.AuthenticatedService] - FindBusiness with tModel bag filtering is enabled: true loaded from file:/C:/Users/hp/Desktop/UDDI/juddi-3.3.5_tomcat-7.0.82_9090/webapps/juddiv3/WEB-INF/classes/juddiv3.xml
2025-06-25 11:34:31,023 INFO [org.apache.juddi.api.impl.InquiryHelper] - FindBusiness by tModelBag is enabled! Loaded from file:/C:/Users/hp/Desktop/UDDI/juddi-3.3.5_tomcat-7.0.82_9090/webapps/juddiv3/WEB-INF/classes/juddiv3.xml
2025-06-25 11:34:31,206 INFO [org.apache.juddi.replication.ReplicationNotifier] - Replication, Notifying nodes of new change records. 3 queued
2025-06-25 11:34:31,206 INFO [org.apache.juddi.replication.ReplicationNotifier] - CR saved locally, it was from uddi:juddi.apache.org:node1 USN:156 Type:ChangeRecordDelete Key:uddi:juddi.apache.org:1504c608-5da9-4f5b-b0e7-c6b5881d0586 Local id:156
2025-06-25 11:34:31,221 INFO [org.apache.juddi.replication.ReplicationNotifier] - CR saved locally, it was from uddi:juddi.apache.org:node1 USN:157 Type:ChangeRecordDelete Key:uddi:juddi.apache.org:4013b095-44de-4101-a59c-6ccaa567d768 Local id:157
2025-06-25 11:34:31,221 INFO [org.apache.juddi.subscription.SubscriptionNotifier] - Start Notification background task; checking if subscription notifications need to be send out..
2025-06-25 11:34:31,221 INFO [org.apache.juddi.subscription.SubscriptionNotifier] - Notification background task took 0 milliseconds.
2025-06-25 11:34:31,221 INFO [org.apache.juddi.replication.ReplicationNotifier] - CR saved locally, it was from uddi:juddi.apache.org:node1 USN:158 Type:ChangeRecordNewData Key:uddi:juddi.apache.org:ea03ce94-10d6-4aa8-8388-29c1b50b7b77 Local id:158
2025-06-25 11:34:36,199 INFO [org.apache.juddi.replication.ReplicationNotifier] - Replication, Notifying nodes of new change records. 1 queued
2025-06-25 11:34:36,200 INFO [org.apache.juddi.replication.ReplicationNotifier] - CR saved locally, it was from uddi:juddi.apache.org:node1 USN:159 Type:ChangeRecordDelete Key:uddi:juddi.apache.org:ea03ce94-10d6-4aa8-8388-29c1b50b7b77 Local id:159
2025-06-25 11:34:36,218 INFO [org.apache.juddi.subscription.SubscriptionNotifier] - Start Notification background task; checking if subscription notifications need to be send out..
2025-06-25 11:34:36,219 INFO [org.apache.juddi.subscription.SubscriptionNotifier] - Notification background task took 1 milliseconds.
2025-06-25 13:57:43,927 INFO [org.apache.juddi.api.impl.AuthenticatedService] - FindBusiness with tModel bag filtering is enabled: true loaded from file:/C:/Users/hp/Desktop/UDDI/juddi-3.3.5_tomcat-7.0.82_9090/webapps/juddiv3/WEB-INF/classes/juddiv3.xml
2025-06-25 13:57:44,099 INFO [org.apache.juddi.api.impl.InquiryHelper] - FindBusiness by tModelBag is enabled! Loaded from file:/C:/Users/hp/Desktop/UDDI/juddi-3.3.5_tomcat-7.0.82_9090/webapps/juddiv3/WEB-INF/classes/juddiv3.xml
2025-06-25 13:57:45,447 INFO [org.apache.juddi.api.impl.AuthenticatedService] - AUDIT: AuthToken request for username from 127.0.0.1
2025-06-25 13:57:45,447 WARN [org.apache.juddi.v3.auth.JUDDIAuthenticator] - DO NOT USE JUDDI AUTHENTICATOR FOR PRODUCTION SYSTEMS - DOES NOT VALIDATE PASSWORDS, AT ALL!
2025-06-25 13:57:46,011 INFO [org.apache.juddi.api.impl.AuthenticatedService] - AUDIT: AuthToken issued for username from 127.0.0.1
2025-06-25 13:57:48,910 WARN [org.apache.juddi.validation.ValidatePublish] - Hey, you should consider encrypting your trust store password!
2025-06-25 13:57:51,275 INFO [org.apache.juddi.replication.ReplicationNotifier] - Replication, Notifying nodes of new change records. 1 queued
2025-06-25 13:57:51,275 INFO [org.apache.juddi.subscription.SubscriptionNotifier] - Start Notification background task; checking if subscription notifications need to be send out..
2025-06-25 13:57:51,275 INFO [org.apache.juddi.subscription.SubscriptionNotifier] - Notification background task took 0 milliseconds.
2025-06-25 13:57:51,291 INFO [org.apache.juddi.replication.ReplicationNotifier] - CR saved locally, it was from uddi:juddi.apache.org:node1 USN:160 Type:ChangeRecordNewData Key:uddi:juddi.apache.org:30fe0d68-ba4f-4ea0-a84e-c73a061cdf78 Local id:160
2025-06-25 13:58:09,174 INFO [org.apache.juddi.api.impl.AuthenticatedService] - FindBusiness with tModel bag filtering is enabled: true loaded from file:/C:/Users/hp/Desktop/UDDI/juddi-3.3.5_tomcat-7.0.82_9090/webapps/juddiv3/WEB-INF/classes/juddiv3.xml
2025-06-25 13:58:09,182 INFO [org.apache.juddi.api.impl.InquiryHelper] - FindBusiness by tModelBag is enabled! Loaded from file:/C:/Users/hp/Desktop/UDDI/juddi-3.3.5_tomcat-7.0.82_9090/webapps/juddiv3/WEB-INF/classes/juddiv3.xml
2025-06-25 13:58:11,207 INFO [org.apache.juddi.replication.ReplicationNotifier] - Replication, Notifying nodes of new change records. 1 queued
2025-06-25 13:58:11,207 INFO [org.apache.juddi.replication.ReplicationNotifier] - CR saved locally, it was from uddi:juddi.apache.org:node1 USN:161 Type:ChangeRecordDelete Key:uddi:juddi.apache.org:30fe0d68-ba4f-4ea0-a84e-c73a061cdf78 Local id:161
2025-06-25 13:58:11,222 INFO [org.apache.juddi.subscription.SubscriptionNotifier] - Start Notification background task; checking if subscription notifications need to be send out..
2025-06-25 13:58:11,222 INFO [org.apache.juddi.subscription.SubscriptionNotifier] - Notification background task took 0 milliseconds.
2025-06-25 15:08:15,545 INFO [org.apache.juddi.api.impl.AuthenticatedService] - FindBusiness with tModel bag filtering is enabled: true loaded from file:/C:/Users/hp/Desktop/UDDI/juddi-3.3.5_tomcat-7.0.82_9090/webapps/juddiv3/WEB-INF/classes/juddiv3.xml
2025-06-25 15:08:15,795 INFO [org.apache.juddi.api.impl.InquiryHelper] - FindBusiness by tModelBag is enabled! Loaded from file:/C:/Users/hp/Desktop/UDDI/juddi-3.3.5_tomcat-7.0.82_9090/webapps/juddiv3/WEB-INF/classes/juddiv3.xml
2025-06-25 15:08:16,639 INFO [org.apache.juddi.api.impl.AuthenticatedService] - AUDIT: FAILTURE Token authtoken:8a17a364-e10e-40ec-bbfc-386e06ce981c expired due to inactivity 127.0.0.1
2025-06-25 15:08:16,639 INFO [org.apache.juddi.api.impl.AuthenticatedService] - AUDIT: FAILURE - Token username expired due to old age 127.0.0.1
2025-06-25 15:08:17,438 INFO [org.apache.juddi.api.impl.AuthenticatedService] - AUDIT: AuthToken request for username from 127.0.0.1
2025-06-25 15:08:17,438 WARN [org.apache.juddi.v3.auth.JUDDIAuthenticator] - DO NOT USE JUDDI AUTHENTICATOR FOR PRODUCTION SYSTEMS - DOES NOT VALIDATE PASSWORDS, AT ALL!
2025-06-25 15:08:17,532 INFO [org.apache.juddi.api.impl.AuthenticatedService] - AUDIT: AuthToken issued for username from 127.0.0.1
2025-06-25 15:08:17,641 WARN [org.apache.juddi.validation.ValidatePublish] - Hey, you should consider encrypting your trust store password!
2025-06-25 15:08:17,874 INFO [org.apache.juddi.api.impl.AuthenticatedService] - FindBusiness with tModel bag filtering is enabled: true loaded from file:/C:/Users/hp/Desktop/UDDI/juddi-3.3.5_tomcat-7.0.82_9090/webapps/juddiv3/WEB-INF/classes/juddiv3.xml
2025-06-25 15:08:17,939 INFO [org.apache.juddi.api.impl.InquiryHelper] - FindBusiness by tModelBag is enabled! Loaded from file:/C:/Users/hp/Desktop/UDDI/juddi-3.3.5_tomcat-7.0.82_9090/webapps/juddiv3/WEB-INF/classes/juddiv3.xml
2025-06-25 15:08:21,200 INFO [org.apache.juddi.replication.ReplicationNotifier] - Replication, Notifying nodes of new change records. 2 queued
2025-06-25 15:08:21,200 INFO [org.apache.juddi.replication.ReplicationNotifier] - CR saved locally, it was from uddi:juddi.apache.org:node1 USN:162 Type:ChangeRecordNewData Key:uddi:juddi.apache.org:02e78dcb-cce1-49fb-aa68-c75321172294 Local id:162
2025-06-25 15:08:21,215 INFO [org.apache.juddi.subscription.SubscriptionNotifier] - Start Notification background task; checking if subscription notifications need to be send out..
2025-06-25 15:08:21,215 INFO [org.apache.juddi.subscription.SubscriptionNotifier] - Notification background task took 0 milliseconds.
2025-06-25 15:08:21,231 INFO [org.apache.juddi.replication.ReplicationNotifier] - CR saved locally, it was from uddi:juddi.apache.org:node1 USN:163 Type:ChangeRecordDelete Key:uddi:juddi.apache.org:02e78dcb-cce1-49fb-aa68-c75321172294 Local id:163
2025-06-25 15:19:52,227 INFO [org.apache.juddi.api.impl.AuthenticatedService] - FindBusiness with tModel bag filtering is enabled: true loaded from file:/C:/Users/hp/Desktop/UDDI/juddi-3.3.5_tomcat-7.0.82_9090/webapps/juddiv3/WEB-INF/classes/juddiv3.xml
2025-06-25 15:19:52,282 INFO [org.apache.juddi.api.impl.InquiryHelper] - FindBusiness by tModelBag is enabled! Loaded from file:/C:/Users/hp/Desktop/UDDI/juddi-3.3.5_tomcat-7.0.82_9090/webapps/juddiv3/WEB-INF/classes/juddiv3.xml
2025-06-25 15:19:52,655 INFO [org.apache.juddi.api.impl.AuthenticatedService] - FindBusiness with tModel bag filtering is enabled: true loaded from file:/C:/Users/hp/Desktop/UDDI/juddi-3.3.5_tomcat-7.0.82_9090/webapps/juddiv3/WEB-INF/classes/juddiv3.xml
2025-06-25 15:19:52,657 INFO [org.apache.juddi.api.impl.InquiryHelper] - FindBusiness by tModelBag is enabled! Loaded from file:/C:/Users/hp/Desktop/UDDI/juddi-3.3.5_tomcat-7.0.82_9090/webapps/juddiv3/WEB-INF/classes/juddiv3.xml
2025-06-25 15:19:52,738 INFO [org.apache.juddi.api.impl.AuthenticatedService] - FindBusiness with tModel bag filtering is enabled: true loaded from file:/C:/Users/hp/Desktop/UDDI/juddi-3.3.5_tomcat-7.0.82_9090/webapps/juddiv3/WEB-INF/classes/juddiv3.xml
2025-06-25 15:19:52,740 INFO [org.apache.juddi.api.impl.InquiryHelper] - FindBusiness by tModelBag is enabled! Loaded from file:/C:/Users/hp/Desktop/UDDI/juddi-3.3.5_tomcat-7.0.82_9090/webapps/juddiv3/WEB-INF/classes/juddiv3.xml
2025-06-25 15:19:52,807 INFO [org.apache.juddi.api.impl.AuthenticatedService] - FindBusiness with tModel bag filtering is enabled: true loaded from file:/C:/Users/hp/Desktop/UDDI/juddi-3.3.5_tomcat-7.0.82_9090/webapps/juddiv3/WEB-INF/classes/juddiv3.xml
2025-06-25 15:19:52,808 INFO [org.apache.juddi.api.impl.InquiryHelper] - FindBusiness by tModelBag is enabled! Loaded from file:/C:/Users/hp/Desktop/UDDI/juddi-3.3.5_tomcat-7.0.82_9090/webapps/juddiv3/WEB-INF/classes/juddiv3.xml
2025-06-25 15:19:52,883 INFO [org.apache.juddi.api.impl.AuthenticatedService] - FindBusiness with tModel bag filtering is enabled: true loaded from file:/C:/Users/hp/Desktop/UDDI/juddi-3.3.5_tomcat-7.0.82_9090/webapps/juddiv3/WEB-INF/classes/juddiv3.xml
2025-06-25 15:19:52,884 INFO [org.apache.juddi.api.impl.InquiryHelper] - FindBusiness by tModelBag is enabled! Loaded from file:/C:/Users/hp/Desktop/UDDI/juddi-3.3.5_tomcat-7.0.82_9090/webapps/juddiv3/WEB-INF/classes/juddiv3.xml
2025-06-25 15:19:52,961 INFO [org.apache.juddi.api.impl.AuthenticatedService] - FindBusiness with tModel bag filtering is enabled: true loaded from file:/C:/Users/hp/Desktop/UDDI/juddi-3.3.5_tomcat-7.0.82_9090/webapps/juddiv3/WEB-INF/classes/juddiv3.xml
2025-06-25 15:19:52,964 INFO [org.apache.juddi.api.impl.InquiryHelper] - FindBusiness by tModelBag is enabled! Loaded from file:/C:/Users/hp/Desktop/UDDI/juddi-3.3.5_tomcat-7.0.82_9090/webapps/juddiv3/WEB-INF/classes/juddiv3.xml
2025-06-25 15:19:53,029 INFO [org.apache.juddi.api.impl.AuthenticatedService] - FindBusiness with tModel bag filtering is enabled: true loaded from file:/C:/Users/hp/Desktop/UDDI/juddi-3.3.5_tomcat-7.0.82_9090/webapps/juddiv3/WEB-INF/classes/juddiv3.xml
2025-06-25 15:19:53,036 INFO [org.apache.juddi.api.impl.InquiryHelper] - FindBusiness by tModelBag is enabled! Loaded from file:/C:/Users/hp/Desktop/UDDI/juddi-3.3.5_tomcat-7.0.82_9090/webapps/juddiv3/WEB-INF/classes/juddiv3.xml
2025-06-25 15:19:53,110 INFO [org.apache.juddi.api.impl.AuthenticatedService] - FindBusiness with tModel bag filtering is enabled: true loaded from file:/C:/Users/hp/Desktop/UDDI/juddi-3.3.5_tomcat-7.0.82_9090/webapps/juddiv3/WEB-INF/classes/juddiv3.xml
2025-06-25 15:19:53,119 INFO [org.apache.juddi.api.impl.InquiryHelper] - FindBusiness by tModelBag is enabled! Loaded from file:/C:/Users/hp/Desktop/UDDI/juddi-3.3.5_tomcat-7.0.82_9090/webapps/juddiv3/WEB-INF/classes/juddiv3.xml
2025-06-25 15:19:53,194 INFO [org.apache.juddi.api.impl.AuthenticatedService] - FindBusiness with tModel bag filtering is enabled: true loaded from file:/C:/Users/hp/Desktop/UDDI/juddi-3.3.5_tomcat-7.0.82_9090/webapps/juddiv3/WEB-INF/classes/juddiv3.xml
2025-06-25 15:19:53,197 INFO [org.apache.juddi.api.impl.InquiryHelper] - FindBusiness by tModelBag is enabled! Loaded from file:/C:/Users/hp/Desktop/UDDI/juddi-3.3.5_tomcat-7.0.82_9090/webapps/juddiv3/WEB-INF/classes/juddiv3.xml
2025-06-25 15:19:53,268 INFO [org.apache.juddi.api.impl.AuthenticatedService] - FindBusiness with tModel bag filtering is enabled: true loaded from file:/C:/Users/hp/Desktop/UDDI/juddi-3.3.5_tomcat-7.0.82_9090/webapps/juddiv3/WEB-INF/classes/juddiv3.xml
2025-06-25 15:19:53,270 INFO [org.apache.juddi.api.impl.InquiryHelper] - FindBusiness by tModelBag is enabled! Loaded from file:/C:/Users/hp/Desktop/UDDI/juddi-3.3.5_tomcat-7.0.82_9090/webapps/juddiv3/WEB-INF/classes/juddiv3.xml
2025-06-25 15:22:51,675 INFO [org.apache.juddi.api.impl.AuthenticatedService] - FindBusiness with tModel bag filtering is enabled: true loaded from file:/C:/Users/hp/Desktop/UDDI/juddi-3.3.5_tomcat-7.0.82_9090/webapps/juddiv3/WEB-INF/classes/juddiv3.xml
2025-06-25 15:22:51,679 INFO [org.apache.juddi.api.impl.InquiryHelper] - FindBusiness by tModelBag is enabled! Loaded from file:/C:/Users/hp/Desktop/UDDI/juddi-3.3.5_tomcat-7.0.82_9090/webapps/juddiv3/WEB-INF/classes/juddiv3.xml
2025-06-25 15:22:51,871 INFO [org.apache.juddi.api.impl.AuthenticatedService] - FindBusiness with tModel bag filtering is enabled: true loaded from file:/C:/Users/hp/Desktop/UDDI/juddi-3.3.5_tomcat-7.0.82_9090/webapps/juddiv3/WEB-INF/classes/juddiv3.xml
2025-06-25 15:22:51,871 INFO [org.apache.juddi.api.impl.InquiryHelper] - FindBusiness by tModelBag is enabled! Loaded from file:/C:/Users/hp/Desktop/UDDI/juddi-3.3.5_tomcat-7.0.82_9090/webapps/juddiv3/WEB-INF/classes/juddiv3.xml
2025-06-25 15:22:52,082 INFO [org.apache.juddi.api.impl.AuthenticatedService] - FindBusiness with tModel bag filtering is enabled: true loaded from file:/C:/Users/hp/Desktop/UDDI/juddi-3.3.5_tomcat-7.0.82_9090/webapps/juddiv3/WEB-INF/classes/juddiv3.xml
2025-06-25 15:22:52,082 INFO [org.apache.juddi.api.impl.InquiryHelper] - FindBusiness by tModelBag is enabled! Loaded from file:/C:/Users/hp/Desktop/UDDI/juddi-3.3.5_tomcat-7.0.82_9090/webapps/juddiv3/WEB-INF/classes/juddiv3.xml
2025-06-25 15:22:52,194 INFO [org.apache.juddi.api.impl.AuthenticatedService] - FindBusiness with tModel bag filtering is enabled: true loaded from file:/C:/Users/hp/Desktop/UDDI/juddi-3.3.5_tomcat-7.0.82_9090/webapps/juddiv3/WEB-INF/classes/juddiv3.xml
2025-06-25 15:22:52,198 INFO [org.apache.juddi.api.impl.InquiryHelper] - FindBusiness by tModelBag is enabled! Loaded from file:/C:/Users/hp/Desktop/UDDI/juddi-3.3.5_tomcat-7.0.82_9090/webapps/juddiv3/WEB-INF/classes/juddiv3.xml
2025-06-25 15:22:52,416 INFO [org.apache.juddi.api.impl.AuthenticatedService] - FindBusiness with tModel bag filtering is enabled: true loaded from file:/C:/Users/hp/Desktop/UDDI/juddi-3.3.5_tomcat-7.0.82_9090/webapps/juddiv3/WEB-INF/classes/juddiv3.xml
2025-06-25 15:22:52,424 INFO [org.apache.juddi.api.impl.InquiryHelper] - FindBusiness by tModelBag is enabled! Loaded from file:/C:/Users/hp/Desktop/UDDI/juddi-3.3.5_tomcat-7.0.82_9090/webapps/juddiv3/WEB-INF/classes/juddiv3.xml
2025-06-25 15:22:52,694 INFO [org.apache.juddi.api.impl.AuthenticatedService] - FindBusiness with tModel bag filtering is enabled: true loaded from file:/C:/Users/hp/Desktop/UDDI/juddi-3.3.5_tomcat-7.0.82_9090/webapps/juddiv3/WEB-INF/classes/juddiv3.xml
2025-06-25 15:22:52,700 INFO [org.apache.juddi.api.impl.InquiryHelper] - FindBusiness by tModelBag is enabled! Loaded from file:/C:/Users/hp/Desktop/UDDI/juddi-3.3.5_tomcat-7.0.82_9090/webapps/juddiv3/WEB-INF/classes/juddiv3.xml
2025-06-25 15:22:52,793 INFO [org.apache.juddi.api.impl.AuthenticatedService] - FindBusiness with tModel bag filtering is enabled: true loaded from file:/C:/Users/hp/Desktop/UDDI/juddi-3.3.5_tomcat-7.0.82_9090/webapps/juddiv3/WEB-INF/classes/juddiv3.xml
2025-06-25 15:22:52,793 INFO [org.apache.juddi.api.impl.InquiryHelper] - FindBusiness by tModelBag is enabled! Loaded from file:/C:/Users/hp/Desktop/UDDI/juddi-3.3.5_tomcat-7.0.82_9090/webapps/juddiv3/WEB-INF/classes/juddiv3.xml
2025-06-25 15:22:52,874 INFO [org.apache.juddi.api.impl.AuthenticatedService] - FindBusiness with tModel bag filtering is enabled: true loaded from file:/C:/Users/hp/Desktop/UDDI/juddi-3.3.5_tomcat-7.0.82_9090/webapps/juddiv3/WEB-INF/classes/juddiv3.xml
2025-06-25 15:22:52,882 INFO [org.apache.juddi.api.impl.InquiryHelper] - FindBusiness by tModelBag is enabled! Loaded from file:/C:/Users/hp/Desktop/UDDI/juddi-3.3.5_tomcat-7.0.82_9090/webapps/juddiv3/WEB-INF/classes/juddiv3.xml
2025-06-25 15:22:53,024 INFO [org.apache.juddi.api.impl.AuthenticatedService] - FindBusiness with tModel bag filtering is enabled: true loaded from file:/C:/Users/hp/Desktop/UDDI/juddi-3.3.5_tomcat-7.0.82_9090/webapps/juddiv3/WEB-INF/classes/juddiv3.xml
2025-06-25 15:22:53,039 INFO [org.apache.juddi.api.impl.InquiryHelper] - FindBusiness by tModelBag is enabled! Loaded from file:/C:/Users/hp/Desktop/UDDI/juddi-3.3.5_tomcat-7.0.82_9090/webapps/juddiv3/WEB-INF/classes/juddiv3.xml
2025-06-25 15:22:53,216 INFO [org.apache.juddi.api.impl.AuthenticatedService] - FindBusiness with tModel bag filtering is enabled: true loaded from file:/C:/Users/hp/Desktop/UDDI/juddi-3.3.5_tomcat-7.0.82_9090/webapps/juddiv3/WEB-INF/classes/juddiv3.xml
2025-06-25 15:22:53,219 INFO [org.apache.juddi.api.impl.InquiryHelper] - FindBusiness by tModelBag is enabled! Loaded from file:/C:/Users/hp/Desktop/UDDI/juddi-3.3.5_tomcat-7.0.82_9090/webapps/juddiv3/WEB-INF/classes/juddiv3.xml
2025-06-25 15:23:06,125 INFO [org.apache.juddi.api.impl.AuthenticatedService] - FindBusiness with tModel bag filtering is enabled: true loaded from file:/C:/Users/hp/Desktop/UDDI/juddi-3.3.5_tomcat-7.0.82_9090/webapps/juddiv3/WEB-INF/classes/juddiv3.xml
2025-06-25 15:23:06,125 INFO [org.apache.juddi.api.impl.InquiryHelper] - FindBusiness by tModelBag is enabled! Loaded from file:/C:/Users/hp/Desktop/UDDI/juddi-3.3.5_tomcat-7.0.82_9090/webapps/juddiv3/WEB-INF/classes/juddiv3.xml
2025-06-25 15:23:06,207 INFO [org.apache.juddi.api.impl.AuthenticatedService] - FindBusiness with tModel bag filtering is enabled: true loaded from file:/C:/Users/hp/Desktop/UDDI/juddi-3.3.5_tomcat-7.0.82_9090/webapps/juddiv3/WEB-INF/classes/juddiv3.xml
2025-06-25 15:23:06,207 INFO [org.apache.juddi.api.impl.InquiryHelper] - FindBusiness by tModelBag is enabled! Loaded from file:/C:/Users/hp/Desktop/UDDI/juddi-3.3.5_tomcat-7.0.82_9090/webapps/juddiv3/WEB-INF/classes/juddiv3.xml
2025-06-25 15:23:06,278 INFO [org.apache.juddi.api.impl.AuthenticatedService] - FindBusiness with tModel bag filtering is enabled: true loaded from file:/C:/Users/hp/Desktop/UDDI/juddi-3.3.5_tomcat-7.0.82_9090/webapps/juddiv3/WEB-INF/classes/juddiv3.xml
2025-06-25 15:23:06,278 INFO [org.apache.juddi.api.impl.InquiryHelper] - FindBusiness by tModelBag is enabled! Loaded from file:/C:/Users/hp/Desktop/UDDI/juddi-3.3.5_tomcat-7.0.82_9090/webapps/juddiv3/WEB-INF/classes/juddiv3.xml
2025-06-25 15:23:06,357 INFO [org.apache.juddi.api.impl.AuthenticatedService] - FindBusiness with tModel bag filtering is enabled: true loaded from file:/C:/Users/hp/Desktop/UDDI/juddi-3.3.5_tomcat-7.0.82_9090/webapps/juddiv3/WEB-INF/classes/juddiv3.xml
2025-06-25 15:23:06,357 INFO [org.apache.juddi.api.impl.InquiryHelper] - FindBusiness by tModelBag is enabled! Loaded from file:/C:/Users/hp/Desktop/UDDI/juddi-3.3.5_tomcat-7.0.82_9090/webapps/juddiv3/WEB-INF/classes/juddiv3.xml
2025-06-25 15:23:06,424 INFO [org.apache.juddi.api.impl.AuthenticatedService] - FindBusiness with tModel bag filtering is enabled: true loaded from file:/C:/Users/hp/Desktop/UDDI/juddi-3.3.5_tomcat-7.0.82_9090/webapps/juddiv3/WEB-INF/classes/juddiv3.xml
2025-06-25 15:23:06,424 INFO [org.apache.juddi.api.impl.InquiryHelper] - FindBusiness by tModelBag is enabled! Loaded from file:/C:/Users/hp/Desktop/UDDI/juddi-3.3.5_tomcat-7.0.82_9090/webapps/juddiv3/WEB-INF/classes/juddiv3.xml
2025-06-25 15:23:06,571 INFO [org.apache.juddi.api.impl.AuthenticatedService] - FindBusiness with tModel bag filtering is enabled: true loaded from file:/C:/Users/hp/Desktop/UDDI/juddi-3.3.5_tomcat-7.0.82_9090/webapps/juddiv3/WEB-INF/classes/juddiv3.xml
2025-06-25 15:23:06,573 INFO [org.apache.juddi.api.impl.InquiryHelper] - FindBusiness by tModelBag is enabled! Loaded from file:/C:/Users/hp/Desktop/UDDI/juddi-3.3.5_tomcat-7.0.82_9090/webapps/juddiv3/WEB-INF/classes/juddiv3.xml
2025-06-25 15:23:06,715 INFO [org.apache.juddi.api.impl.AuthenticatedService] - FindBusiness with tModel bag filtering is enabled: true loaded from file:/C:/Users/hp/Desktop/UDDI/juddi-3.3.5_tomcat-7.0.82_9090/webapps/juddiv3/WEB-INF/classes/juddiv3.xml
2025-06-25 15:23:06,717 INFO [org.apache.juddi.api.impl.InquiryHelper] - FindBusiness by tModelBag is enabled! Loaded from file:/C:/Users/hp/Desktop/UDDI/juddi-3.3.5_tomcat-7.0.82_9090/webapps/juddiv3/WEB-INF/classes/juddiv3.xml
2025-06-25 15:23:06,856 INFO [org.apache.juddi.api.impl.AuthenticatedService] - FindBusiness with tModel bag filtering is enabled: true loaded from file:/C:/Users/hp/Desktop/UDDI/juddi-3.3.5_tomcat-7.0.82_9090/webapps/juddiv3/WEB-INF/classes/juddiv3.xml
2025-06-25 15:23:06,859 INFO [org.apache.juddi.api.impl.InquiryHelper] - FindBusiness by tModelBag is enabled! Loaded from file:/C:/Users/hp/Desktop/UDDI/juddi-3.3.5_tomcat-7.0.82_9090/webapps/juddiv3/WEB-INF/classes/juddiv3.xml
2025-06-25 15:23:07,068 INFO [org.apache.juddi.api.impl.AuthenticatedService] - FindBusiness with tModel bag filtering is enabled: true loaded from file:/C:/Users/hp/Desktop/UDDI/juddi-3.3.5_tomcat-7.0.82_9090/webapps/juddiv3/WEB-INF/classes/juddiv3.xml
2025-06-25 15:23:07,070 INFO [org.apache.juddi.api.impl.InquiryHelper] - FindBusiness by tModelBag is enabled! Loaded from file:/C:/Users/hp/Desktop/UDDI/juddi-3.3.5_tomcat-7.0.82_9090/webapps/juddiv3/WEB-INF/classes/juddiv3.xml
2025-06-25 15:23:07,560 INFO [org.apache.juddi.api.impl.AuthenticatedService] - FindBusiness with tModel bag filtering is enabled: true loaded from file:/C:/Users/hp/Desktop/UDDI/juddi-3.3.5_tomcat-7.0.82_9090/webapps/juddiv3/WEB-INF/classes/juddiv3.xml
2025-06-25 15:23:07,560 INFO [org.apache.juddi.api.impl.InquiryHelper] - FindBusiness by tModelBag is enabled! Loaded from file:/C:/Users/hp/Desktop/UDDI/juddi-3.3.5_tomcat-7.0.82_9090/webapps/juddiv3/WEB-INF/classes/juddiv3.xml
2025-06-25 15:23:12,715 INFO [org.apache.juddi.api.impl.AuthenticatedService] - FindBusiness with tModel bag filtering is enabled: true loaded from file:/C:/Users/hp/Desktop/UDDI/juddi-3.3.5_tomcat-7.0.82_9090/webapps/juddiv3/WEB-INF/classes/juddiv3.xml
2025-06-25 15:23:12,715 INFO [org.apache.juddi.api.impl.InquiryHelper] - FindBusiness by tModelBag is enabled! Loaded from file:/C:/Users/hp/Desktop/UDDI/juddi-3.3.5_tomcat-7.0.82_9090/webapps/juddiv3/WEB-INF/classes/juddiv3.xml
2025-06-25 15:23:12,853 INFO [org.apache.juddi.api.impl.AuthenticatedService] - FindBusiness with tModel bag filtering is enabled: true loaded from file:/C:/Users/hp/Desktop/UDDI/juddi-3.3.5_tomcat-7.0.82_9090/webapps/juddiv3/WEB-INF/classes/juddiv3.xml
2025-06-25 15:23:12,869 INFO [org.apache.juddi.api.impl.InquiryHelper] - FindBusiness by tModelBag is enabled! Loaded from file:/C:/Users/hp/Desktop/UDDI/juddi-3.3.5_tomcat-7.0.82_9090/webapps/juddiv3/WEB-INF/classes/juddiv3.xml
2025-06-25 15:23:13,003 INFO [org.apache.juddi.api.impl.AuthenticatedService] - FindBusiness with tModel bag filtering is enabled: true loaded from file:/C:/Users/hp/Desktop/UDDI/juddi-3.3.5_tomcat-7.0.82_9090/webapps/juddiv3/WEB-INF/classes/juddiv3.xml
2025-06-25 15:23:13,003 INFO [org.apache.juddi.api.impl.InquiryHelper] - FindBusiness by tModelBag is enabled! Loaded from file:/C:/Users/hp/Desktop/UDDI/juddi-3.3.5_tomcat-7.0.82_9090/webapps/juddiv3/WEB-INF/classes/juddiv3.xml
2025-06-25 15:23:13,137 INFO [org.apache.juddi.api.impl.AuthenticatedService] - FindBusiness with tModel bag filtering is enabled: true loaded from file:/C:/Users/hp/Desktop/UDDI/juddi-3.3.5_tomcat-7.0.82_9090/webapps/juddiv3/WEB-INF/classes/juddiv3.xml
2025-06-25 15:23:13,137 INFO [org.apache.juddi.api.impl.InquiryHelper] - FindBusiness by tModelBag is enabled! Loaded from file:/C:/Users/hp/Desktop/UDDI/juddi-3.3.5_tomcat-7.0.82_9090/webapps/juddiv3/WEB-INF/classes/juddiv3.xml
2025-06-25 15:23:13,237 INFO [org.apache.juddi.api.impl.AuthenticatedService] - FindBusiness with tModel bag filtering is enabled: true loaded from file:/C:/Users/hp/Desktop/UDDI/juddi-3.3.5_tomcat-7.0.82_9090/webapps/juddiv3/WEB-INF/classes/juddiv3.xml
2025-06-25 15:23:13,237 INFO [org.apache.juddi.api.impl.InquiryHelper] - FindBusiness by tModelBag is enabled! Loaded from file:/C:/Users/hp/Desktop/UDDI/juddi-3.3.5_tomcat-7.0.82_9090/webapps/juddiv3/WEB-INF/classes/juddiv3.xml
2025-06-25 15:23:13,396 INFO [org.apache.juddi.api.impl.AuthenticatedService] - FindBusiness with tModel bag filtering is enabled: true loaded from file:/C:/Users/hp/Desktop/UDDI/juddi-3.3.5_tomcat-7.0.82_9090/webapps/juddiv3/WEB-INF/classes/juddiv3.xml
2025-06-25 15:23:13,398 INFO [org.apache.juddi.api.impl.InquiryHelper] - FindBusiness by tModelBag is enabled! Loaded from file:/C:/Users/hp/Desktop/UDDI/juddi-3.3.5_tomcat-7.0.82_9090/webapps/juddiv3/WEB-INF/classes/juddiv3.xml
2025-06-25 15:23:13,487 INFO [org.apache.juddi.api.impl.AuthenticatedService] - FindBusiness with tModel bag filtering is enabled: true loaded from file:/C:/Users/hp/Desktop/UDDI/juddi-3.3.5_tomcat-7.0.82_9090/webapps/juddiv3/WEB-INF/classes/juddiv3.xml
2025-06-25 15:23:13,487 INFO [org.apache.juddi.api.impl.InquiryHelper] - FindBusiness by tModelBag is enabled! Loaded from file:/C:/Users/hp/Desktop/UDDI/juddi-3.3.5_tomcat-7.0.82_9090/webapps/juddiv3/WEB-INF/classes/juddiv3.xml
2025-06-25 15:23:14,026 INFO [org.apache.juddi.api.impl.AuthenticatedService] - FindBusiness with tModel bag filtering is enabled: true loaded from file:/C:/Users/hp/Desktop/UDDI/juddi-3.3.5_tomcat-7.0.82_9090/webapps/juddiv3/WEB-INF/classes/juddiv3.xml
2025-06-25 15:23:14,028 INFO [org.apache.juddi.api.impl.InquiryHelper] - FindBusiness by tModelBag is enabled! Loaded from file:/C:/Users/hp/Desktop/UDDI/juddi-3.3.5_tomcat-7.0.82_9090/webapps/juddiv3/WEB-INF/classes/juddiv3.xml
2025-06-25 15:23:14,144 INFO [org.apache.juddi.api.impl.AuthenticatedService] - FindBusiness with tModel bag filtering is enabled: true loaded from file:/C:/Users/hp/Desktop/UDDI/juddi-3.3.5_tomcat-7.0.82_9090/webapps/juddiv3/WEB-INF/classes/juddiv3.xml
2025-06-25 15:23:14,144 INFO [org.apache.juddi.api.impl.InquiryHelper] - FindBusiness by tModelBag is enabled! Loaded from file:/C:/Users/hp/Desktop/UDDI/juddi-3.3.5_tomcat-7.0.82_9090/webapps/juddiv3/WEB-INF/classes/juddiv3.xml
2025-06-25 15:23:14,284 INFO [org.apache.juddi.api.impl.AuthenticatedService] - FindBusiness with tModel bag filtering is enabled: true loaded from file:/C:/Users/hp/Desktop/UDDI/juddi-3.3.5_tomcat-7.0.82_9090/webapps/juddiv3/WEB-INF/classes/juddiv3.xml
2025-06-25 15:23:14,284 INFO [org.apache.juddi.api.impl.InquiryHelper] - FindBusiness by tModelBag is enabled! Loaded from file:/C:/Users/hp/Desktop/UDDI/juddi-3.3.5_tomcat-7.0.82_9090/webapps/juddiv3/WEB-INF/classes/juddiv3.xml
2025-06-25 15:23:16,501 INFO [org.apache.juddi.api.impl.AuthenticatedService] - FindBusiness with tModel bag filtering is enabled: true loaded from file:/C:/Users/hp/Desktop/UDDI/juddi-3.3.5_tomcat-7.0.82_9090/webapps/juddiv3/WEB-INF/classes/juddiv3.xml
2025-06-25 15:23:16,501 INFO [org.apache.juddi.api.impl.InquiryHelper] - FindBusiness by tModelBag is enabled! Loaded from file:/C:/Users/hp/Desktop/UDDI/juddi-3.3.5_tomcat-7.0.82_9090/webapps/juddiv3/WEB-INF/classes/juddiv3.xml
2025-06-25 15:23:16,597 INFO [org.apache.juddi.api.impl.AuthenticatedService] - FindBusiness with tModel bag filtering is enabled: true loaded from file:/C:/Users/hp/Desktop/UDDI/juddi-3.3.5_tomcat-7.0.82_9090/webapps/juddiv3/WEB-INF/classes/juddiv3.xml
2025-06-25 15:23:16,599 INFO [org.apache.juddi.api.impl.InquiryHelper] - FindBusiness by tModelBag is enabled! Loaded from file:/C:/Users/hp/Desktop/UDDI/juddi-3.3.5_tomcat-7.0.82_9090/webapps/juddiv3/WEB-INF/classes/juddiv3.xml
2025-06-25 15:23:16,684 INFO [org.apache.juddi.api.impl.AuthenticatedService] - FindBusiness with tModel bag filtering is enabled: true loaded from file:/C:/Users/hp/Desktop/UDDI/juddi-3.3.5_tomcat-7.0.82_9090/webapps/juddiv3/WEB-INF/classes/juddiv3.xml
2025-06-25 15:23:16,684 INFO [org.apache.juddi.api.impl.InquiryHelper] - FindBusiness by tModelBag is enabled! Loaded from file:/C:/Users/hp/Desktop/UDDI/juddi-3.3.5_tomcat-7.0.82_9090/webapps/juddiv3/WEB-INF/classes/juddiv3.xml
2025-06-25 15:23:16,759 INFO [org.apache.juddi.api.impl.AuthenticatedService] - FindBusiness with tModel bag filtering is enabled: true loaded from file:/C:/Users/hp/Desktop/UDDI/juddi-3.3.5_tomcat-7.0.82_9090/webapps/juddiv3/WEB-INF/classes/juddiv3.xml
2025-06-25 15:23:16,761 INFO [org.apache.juddi.api.impl.InquiryHelper] - FindBusiness by tModelBag is enabled! Loaded from file:/C:/Users/hp/Desktop/UDDI/juddi-3.3.5_tomcat-7.0.82_9090/webapps/juddiv3/WEB-INF/classes/juddiv3.xml
2025-06-25 15:23:16,866 INFO [org.apache.juddi.api.impl.AuthenticatedService] - FindBusiness with tModel bag filtering is enabled: true loaded from file:/C:/Users/hp/Desktop/UDDI/juddi-3.3.5_tomcat-7.0.82_9090/webapps/juddiv3/WEB-INF/classes/juddiv3.xml
2025-06-25 15:23:16,866 INFO [org.apache.juddi.api.impl.InquiryHelper] - FindBusiness by tModelBag is enabled! Loaded from file:/C:/Users/hp/Desktop/UDDI/juddi-3.3.5_tomcat-7.0.82_9090/webapps/juddiv3/WEB-INF/classes/juddiv3.xml
2025-06-25 15:23:16,983 INFO [org.apache.juddi.api.impl.AuthenticatedService] - FindBusiness with tModel bag filtering is enabled: true loaded from file:/C:/Users/hp/Desktop/UDDI/juddi-3.3.5_tomcat-7.0.82_9090/webapps/juddiv3/WEB-INF/classes/juddiv3.xml
2025-06-25 15:23:16,983 INFO [org.apache.juddi.api.impl.InquiryHelper] - FindBusiness by tModelBag is enabled! Loaded from file:/C:/Users/hp/Desktop/UDDI/juddi-3.3.5_tomcat-7.0.82_9090/webapps/juddiv3/WEB-INF/classes/juddiv3.xml
2025-06-25 15:23:17,050 INFO [org.apache.juddi.api.impl.AuthenticatedService] - FindBusiness with tModel bag filtering is enabled: true loaded from file:/C:/Users/hp/Desktop/UDDI/juddi-3.3.5_tomcat-7.0.82_9090/webapps/juddiv3/WEB-INF/classes/juddiv3.xml
2025-06-25 15:23:17,053 INFO [org.apache.juddi.api.impl.InquiryHelper] - FindBusiness by tModelBag is enabled! Loaded from file:/C:/Users/hp/Desktop/UDDI/juddi-3.3.5_tomcat-7.0.82_9090/webapps/juddiv3/WEB-INF/classes/juddiv3.xml
2025-06-25 15:23:17,141 INFO [org.apache.juddi.api.impl.AuthenticatedService] - FindBusiness with tModel bag filtering is enabled: true loaded from file:/C:/Users/hp/Desktop/UDDI/juddi-3.3.5_tomcat-7.0.82_9090/webapps/juddiv3/WEB-INF/classes/juddiv3.xml
2025-06-25 15:23:17,143 INFO [org.apache.juddi.api.impl.InquiryHelper] - FindBusiness by tModelBag is enabled! Loaded from file:/C:/Users/hp/Desktop/UDDI/juddi-3.3.5_tomcat-7.0.82_9090/webapps/juddiv3/WEB-INF/classes/juddiv3.xml
2025-06-25 15:23:17,200 INFO [org.apache.juddi.api.impl.AuthenticatedService] - FindBusiness with tModel bag filtering is enabled: true loaded from file:/C:/Users/hp/Desktop/UDDI/juddi-3.3.5_tomcat-7.0.82_9090/webapps/juddiv3/WEB-INF/classes/juddiv3.xml
2025-06-25 15:23:17,202 INFO [org.apache.juddi.api.impl.InquiryHelper] - FindBusiness by tModelBag is enabled! Loaded from file:/C:/Users/hp/Desktop/UDDI/juddi-3.3.5_tomcat-7.0.82_9090/webapps/juddiv3/WEB-INF/classes/juddiv3.xml
2025-06-25 15:23:17,233 INFO [org.apache.juddi.api.impl.AuthenticatedService] - FindBusiness with tModel bag filtering is enabled: true loaded from file:/C:/Users/hp/Desktop/UDDI/juddi-3.3.5_tomcat-7.0.82_9090/webapps/juddiv3/WEB-INF/classes/juddiv3.xml
2025-06-25 15:23:17,233 INFO [org.apache.juddi.api.impl.InquiryHelper] - FindBusiness by tModelBag is enabled! Loaded from file:/C:/Users/hp/Desktop/UDDI/juddi-3.3.5_tomcat-7.0.82_9090/webapps/juddiv3/WEB-INF/classes/juddiv3.xml
2025-06-25 15:24:50,758 INFO [org.apache.juddi.api.impl.AuthenticatedService] - FindBusiness with tModel bag filtering is enabled: true loaded from file:/C:/Users/hp/Desktop/UDDI/juddi-3.3.5_tomcat-7.0.82_9090/webapps/juddiv3/WEB-INF/classes/juddiv3.xml
2025-06-25 15:24:50,774 INFO [org.apache.juddi.api.impl.InquiryHelper] - FindBusiness by tModelBag is enabled! Loaded from file:/C:/Users/hp/Desktop/UDDI/juddi-3.3.5_tomcat-7.0.82_9090/webapps/juddiv3/WEB-INF/classes/juddiv3.xml
2025-06-25 15:24:56,249 INFO [org.apache.juddi.api.impl.AuthenticatedService] - FindBusiness with tModel bag filtering is enabled: true loaded from file:/C:/Users/hp/Desktop/UDDI/juddi-3.3.5_tomcat-7.0.82_9090/webapps/juddiv3/WEB-INF/classes/juddiv3.xml
2025-06-25 15:24:56,249 INFO [org.apache.juddi.api.impl.InquiryHelper] - FindBusiness by tModelBag is enabled! Loaded from file:/C:/Users/hp/Desktop/UDDI/juddi-3.3.5_tomcat-7.0.82_9090/webapps/juddiv3/WEB-INF/classes/juddiv3.xml
2025-06-25 15:24:56,876 INFO [org.apache.juddi.api.impl.AuthenticatedService] - FindBusiness with tModel bag filtering is enabled: true loaded from file:/C:/Users/hp/Desktop/UDDI/juddi-3.3.5_tomcat-7.0.82_9090/webapps/juddiv3/WEB-INF/classes/juddiv3.xml
2025-06-25 15:24:56,877 INFO [org.apache.juddi.api.impl.InquiryHelper] - FindBusiness by tModelBag is enabled! Loaded from file:/C:/Users/hp/Desktop/UDDI/juddi-3.3.5_tomcat-7.0.82_9090/webapps/juddiv3/WEB-INF/classes/juddiv3.xml
2025-06-25 15:24:57,075 INFO [org.apache.juddi.api.impl.AuthenticatedService] - FindBusiness with tModel bag filtering is enabled: true loaded from file:/C:/Users/hp/Desktop/UDDI/juddi-3.3.5_tomcat-7.0.82_9090/webapps/juddiv3/WEB-INF/classes/juddiv3.xml
2025-06-25 15:24:57,077 INFO [org.apache.juddi.api.impl.InquiryHelper] - FindBusiness by tModelBag is enabled! Loaded from file:/C:/Users/hp/Desktop/UDDI/juddi-3.3.5_tomcat-7.0.82_9090/webapps/juddiv3/WEB-INF/classes/juddiv3.xml
2025-06-25 15:24:57,239 INFO [org.apache.juddi.api.impl.AuthenticatedService] - FindBusiness with tModel bag filtering is enabled: true loaded from file:/C:/Users/hp/Desktop/UDDI/juddi-3.3.5_tomcat-7.0.82_9090/webapps/juddiv3/WEB-INF/classes/juddiv3.xml
2025-06-25 15:24:57,239 INFO [org.apache.juddi.api.impl.InquiryHelper] - FindBusiness by tModelBag is enabled! Loaded from file:/C:/Users/hp/Desktop/UDDI/juddi-3.3.5_tomcat-7.0.82_9090/webapps/juddiv3/WEB-INF/classes/juddiv3.xml
2025-06-25 15:25:00,490 INFO [org.apache.juddi.api.impl.AuthenticatedService] - FindBusiness with tModel bag filtering is enabled: true loaded from file:/C:/Users/hp/Desktop/UDDI/juddi-3.3.5_tomcat-7.0.82_9090/webapps/juddiv3/WEB-INF/classes/juddiv3.xml
2025-06-25 15:25:00,493 INFO [org.apache.juddi.api.impl.InquiryHelper] - FindBusiness by tModelBag is enabled! Loaded from file:/C:/Users/hp/Desktop/UDDI/juddi-3.3.5_tomcat-7.0.82_9090/webapps/juddiv3/WEB-INF/classes/juddiv3.xml
2025-06-25 15:25:01,392 INFO [org.apache.juddi.api.impl.AuthenticatedService] - FindBusiness with tModel bag filtering is enabled: true loaded from file:/C:/Users/hp/Desktop/UDDI/juddi-3.3.5_tomcat-7.0.82_9090/webapps/juddiv3/WEB-INF/classes/juddiv3.xml
2025-06-25 15:25:01,701 INFO [org.apache.juddi.api.impl.InquiryHelper] - FindBusiness by tModelBag is enabled! Loaded from file:/C:/Users/hp/Desktop/UDDI/juddi-3.3.5_tomcat-7.0.82_9090/webapps/juddiv3/WEB-INF/classes/juddiv3.xml
2025-06-25 15:25:01,701 INFO [org.apache.juddi.api.impl.AuthenticatedService] - FindBusiness with tModel bag filtering is enabled: true loaded from file:/C:/Users/hp/Desktop/UDDI/juddi-3.3.5_tomcat-7.0.82_9090/webapps/juddiv3/WEB-INF/classes/juddiv3.xml
2025-06-25 15:25:01,701 INFO [org.apache.juddi.api.impl.InquiryHelper] - FindBusiness by tModelBag is enabled! Loaded from file:/C:/Users/hp/Desktop/UDDI/juddi-3.3.5_tomcat-7.0.82_9090/webapps/juddiv3/WEB-INF/classes/juddiv3.xml
2025-06-25 15:25:03,443 INFO [org.apache.juddi.api.impl.AuthenticatedService] - FindBusiness with tModel bag filtering is enabled: true loaded from file:/C:/Users/hp/Desktop/UDDI/juddi-3.3.5_tomcat-7.0.82_9090/webapps/juddiv3/WEB-INF/classes/juddiv3.xml
2025-06-25 15:25:03,537 INFO [org.apache.juddi.api.impl.InquiryHelper] - FindBusiness by tModelBag is enabled! Loaded from file:/C:/Users/hp/Desktop/UDDI/juddi-3.3.5_tomcat-7.0.82_9090/webapps/juddiv3/WEB-INF/classes/juddiv3.xml
2025-06-25 15:25:05,671 INFO [org.apache.juddi.api.impl.AuthenticatedService] - FindBusiness with tModel bag filtering is enabled: true loaded from file:/C:/Users/hp/Desktop/UDDI/juddi-3.3.5_tomcat-7.0.82_9090/webapps/juddiv3/WEB-INF/classes/juddiv3.xml
2025-06-25 15:25:06,015 INFO [org.apache.juddi.api.impl.InquiryHelper] - FindBusiness by tModelBag is enabled! Loaded from file:/C:/Users/hp/Desktop/UDDI/juddi-3.3.5_tomcat-7.0.82_9090/webapps/juddiv3/WEB-INF/classes/juddiv3.xml
2025-06-25 15:25:06,383 INFO [org.apache.juddi.api.impl.AuthenticatedService] - FindBusiness with tModel bag filtering is enabled: true loaded from file:/C:/Users/hp/Desktop/UDDI/juddi-3.3.5_tomcat-7.0.82_9090/webapps/juddiv3/WEB-INF/classes/juddiv3.xml
2025-06-25 15:25:06,502 INFO [org.apache.juddi.api.impl.InquiryHelper] - FindBusiness by tModelBag is enabled! Loaded from file:/C:/Users/hp/Desktop/UDDI/juddi-3.3.5_tomcat-7.0.82_9090/webapps/juddiv3/WEB-INF/classes/juddiv3.xml
2025-06-25 15:25:06,502 INFO [org.apache.juddi.api.impl.AuthenticatedService] - FindBusiness with tModel bag filtering is enabled: true loaded from file:/C:/Users/hp/Desktop/UDDI/juddi-3.3.5_tomcat-7.0.82_9090/webapps/juddiv3/WEB-INF/classes/juddiv3.xml
2025-06-25 15:25:06,502 INFO [org.apache.juddi.api.impl.InquiryHelper] - FindBusiness by tModelBag is enabled! Loaded from file:/C:/Users/hp/Desktop/UDDI/juddi-3.3.5_tomcat-7.0.82_9090/webapps/juddiv3/WEB-INF/classes/juddiv3.xml
2025-06-25 15:25:06,991 INFO [org.apache.juddi.api.impl.AuthenticatedService] - FindBusiness with tModel bag filtering is enabled: true loaded from file:/C:/Users/hp/Desktop/UDDI/juddi-3.3.5_tomcat-7.0.82_9090/webapps/juddiv3/WEB-INF/classes/juddiv3.xml
2025-06-25 15:25:07,122 INFO [org.apache.juddi.api.impl.InquiryHelper] - FindBusiness by tModelBag is enabled! Loaded from file:/C:/Users/hp/Desktop/UDDI/juddi-3.3.5_tomcat-7.0.82_9090/webapps/juddiv3/WEB-INF/classes/juddiv3.xml
2025-06-25 15:25:08,472 INFO [org.apache.juddi.api.impl.AuthenticatedService] - FindBusiness with tModel bag filtering is enabled: true loaded from file:/C:/Users/hp/Desktop/UDDI/juddi-3.3.5_tomcat-7.0.82_9090/webapps/juddiv3/WEB-INF/classes/juddiv3.xml
2025-06-25 15:25:08,473 INFO [org.apache.juddi.api.impl.AuthenticatedService] - FindBusiness with tModel bag filtering is enabled: true loaded from file:/C:/Users/hp/Desktop/UDDI/juddi-3.3.5_tomcat-7.0.82_9090/webapps/juddiv3/WEB-INF/classes/juddiv3.xml
2025-06-25 15:25:08,474 INFO [org.apache.juddi.api.impl.InquiryHelper] - FindBusiness by tModelBag is enabled! Loaded from file:/C:/Users/hp/Desktop/UDDI/juddi-3.3.5_tomcat-7.0.82_9090/webapps/juddiv3/WEB-INF/classes/juddiv3.xml
2025-06-25 15:25:08,475 INFO [org.apache.juddi.api.impl.InquiryHelper] - FindBusiness by tModelBag is enabled! Loaded from file:/C:/Users/hp/Desktop/UDDI/juddi-3.3.5_tomcat-7.0.82_9090/webapps/juddiv3/WEB-INF/classes/juddiv3.xml
2025-06-25 15:25:09,412 INFO [org.apache.juddi.api.impl.AuthenticatedService] - FindBusiness with tModel bag filtering is enabled: true loaded from file:/C:/Users/hp/Desktop/UDDI/juddi-3.3.5_tomcat-7.0.82_9090/webapps/juddiv3/WEB-INF/classes/juddiv3.xml
2025-06-25 15:25:09,508 INFO [org.apache.juddi.api.impl.InquiryHelper] - FindBusiness by tModelBag is enabled! Loaded from file:/C:/Users/hp/Desktop/UDDI/juddi-3.3.5_tomcat-7.0.82_9090/webapps/juddiv3/WEB-INF/classes/juddiv3.xml
2025-06-25 15:25:09,591 INFO [org.apache.juddi.api.impl.AuthenticatedService] - FindBusiness with tModel bag filtering is enabled: true loaded from file:/C:/Users/hp/Desktop/UDDI/juddi-3.3.5_tomcat-7.0.82_9090/webapps/juddiv3/WEB-INF/classes/juddiv3.xml
2025-06-25 15:25:09,592 INFO [org.apache.juddi.api.impl.InquiryHelper] - FindBusiness by tModelBag is enabled! Loaded from file:/C:/Users/hp/Desktop/UDDI/juddi-3.3.5_tomcat-7.0.82_9090/webapps/juddiv3/WEB-INF/classes/juddiv3.xml
2025-06-25 15:25:09,646 INFO [org.apache.juddi.api.impl.AuthenticatedService] - FindBusiness with tModel bag filtering is enabled: true loaded from file:/C:/Users/hp/Desktop/UDDI/juddi-3.3.5_tomcat-7.0.82_9090/webapps/juddiv3/WEB-INF/classes/juddiv3.xml
2025-06-25 15:25:09,647 INFO [org.apache.juddi.api.impl.InquiryHelper] - FindBusiness by tModelBag is enabled! Loaded from file:/C:/Users/hp/Desktop/UDDI/juddi-3.3.5_tomcat-7.0.82_9090/webapps/juddiv3/WEB-INF/classes/juddiv3.xml
2025-06-25 15:25:09,695 INFO [org.apache.juddi.api.impl.AuthenticatedService] - FindBusiness with tModel bag filtering is enabled: true loaded from file:/C:/Users/hp/Desktop/UDDI/juddi-3.3.5_tomcat-7.0.82_9090/webapps/juddiv3/WEB-INF/classes/juddiv3.xml
2025-06-25 15:25:09,695 INFO [org.apache.juddi.api.impl.InquiryHelper] - FindBusiness by tModelBag is enabled! Loaded from file:/C:/Users/hp/Desktop/UDDI/juddi-3.3.5_tomcat-7.0.82_9090/webapps/juddiv3/WEB-INF/classes/juddiv3.xml
2025-06-25 15:25:09,744 INFO [org.apache.juddi.api.impl.AuthenticatedService] - FindBusiness with tModel bag filtering is enabled: true loaded from file:/C:/Users/hp/Desktop/UDDI/juddi-3.3.5_tomcat-7.0.82_9090/webapps/juddiv3/WEB-INF/classes/juddiv3.xml
2025-06-25 15:25:09,744 INFO [org.apache.juddi.api.impl.InquiryHelper] - FindBusiness by tModelBag is enabled! Loaded from file:/C:/Users/hp/Desktop/UDDI/juddi-3.3.5_tomcat-7.0.82_9090/webapps/juddiv3/WEB-INF/classes/juddiv3.xml
2025-06-25 15:26:16,877 INFO [org.apache.juddi.api.impl.AuthenticatedService] - FindBusiness with tModel bag filtering is enabled: true loaded from file:/C:/Users/hp/Desktop/UDDI/juddi-3.3.5_tomcat-7.0.82_9090/webapps/juddiv3/WEB-INF/classes/juddiv3.xml
2025-06-25 15:26:16,879 INFO [org.apache.juddi.api.impl.InquiryHelper] - FindBusiness by tModelBag is enabled! Loaded from file:/C:/Users/hp/Desktop/UDDI/juddi-3.3.5_tomcat-7.0.82_9090/webapps/juddiv3/WEB-INF/classes/juddiv3.xml
2025-06-25 15:26:16,940 INFO [org.apache.juddi.api.impl.AuthenticatedService] - FindBusiness with tModel bag filtering is enabled: true loaded from file:/C:/Users/hp/Desktop/UDDI/juddi-3.3.5_tomcat-7.0.82_9090/webapps/juddiv3/WEB-INF/classes/juddiv3.xml
2025-06-25 15:26:16,945 INFO [org.apache.juddi.api.impl.InquiryHelper] - FindBusiness by tModelBag is enabled! Loaded from file:/C:/Users/hp/Desktop/UDDI/juddi-3.3.5_tomcat-7.0.82_9090/webapps/juddiv3/WEB-INF/classes/juddiv3.xml
2025-06-25 15:26:17,010 INFO [org.apache.juddi.api.impl.AuthenticatedService] - FindBusiness with tModel bag filtering is enabled: true loaded from file:/C:/Users/hp/Desktop/UDDI/juddi-3.3.5_tomcat-7.0.82_9090/webapps/juddiv3/WEB-INF/classes/juddiv3.xml
2025-06-25 15:26:17,013 INFO [org.apache.juddi.api.impl.InquiryHelper] - FindBusiness by tModelBag is enabled! Loaded from file:/C:/Users/hp/Desktop/UDDI/juddi-3.3.5_tomcat-7.0.82_9090/webapps/juddiv3/WEB-INF/classes/juddiv3.xml
2025-06-25 15:26:17,064 INFO [org.apache.juddi.api.impl.AuthenticatedService] - FindBusiness with tModel bag filtering is enabled: true loaded from file:/C:/Users/hp/Desktop/UDDI/juddi-3.3.5_tomcat-7.0.82_9090/webapps/juddiv3/WEB-INF/classes/juddiv3.xml
2025-06-25 15:26:17,079 INFO [org.apache.juddi.api.impl.InquiryHelper] - FindBusiness by tModelBag is enabled! Loaded from file:/C:/Users/hp/Desktop/UDDI/juddi-3.3.5_tomcat-7.0.82_9090/webapps/juddiv3/WEB-INF/classes/juddiv3.xml
2025-06-25 15:26:17,146 INFO [org.apache.juddi.api.impl.AuthenticatedService] - FindBusiness with tModel bag filtering is enabled: true loaded from file:/C:/Users/hp/Desktop/UDDI/juddi-3.3.5_tomcat-7.0.82_9090/webapps/juddiv3/WEB-INF/classes/juddiv3.xml
2025-06-25 15:26:17,146 INFO [org.apache.juddi.api.impl.InquiryHelper] - FindBusiness by tModelBag is enabled! Loaded from file:/C:/Users/hp/Desktop/UDDI/juddi-3.3.5_tomcat-7.0.82_9090/webapps/juddiv3/WEB-INF/classes/juddiv3.xml
2025-06-25 15:26:17,230 INFO [org.apache.juddi.api.impl.AuthenticatedService] - FindBusiness with tModel bag filtering is enabled: true loaded from file:/C:/Users/hp/Desktop/UDDI/juddi-3.3.5_tomcat-7.0.82_9090/webapps/juddiv3/WEB-INF/classes/juddiv3.xml
2025-06-25 15:26:17,230 INFO [org.apache.juddi.api.impl.InquiryHelper] - FindBusiness by tModelBag is enabled! Loaded from file:/C:/Users/hp/Desktop/UDDI/juddi-3.3.5_tomcat-7.0.82_9090/webapps/juddiv3/WEB-INF/classes/juddiv3.xml
2025-06-25 15:26:17,312 INFO [org.apache.juddi.api.impl.AuthenticatedService] - FindBusiness with tModel bag filtering is enabled: true loaded from file:/C:/Users/hp/Desktop/UDDI/juddi-3.3.5_tomcat-7.0.82_9090/webapps/juddiv3/WEB-INF/classes/juddiv3.xml
2025-06-25 15:26:17,312 INFO [org.apache.juddi.api.impl.InquiryHelper] - FindBusiness by tModelBag is enabled! Loaded from file:/C:/Users/hp/Desktop/UDDI/juddi-3.3.5_tomcat-7.0.82_9090/webapps/juddiv3/WEB-INF/classes/juddiv3.xml
2025-06-25 15:26:17,379 INFO [org.apache.juddi.api.impl.AuthenticatedService] - FindBusiness with tModel bag filtering is enabled: true loaded from file:/C:/Users/hp/Desktop/UDDI/juddi-3.3.5_tomcat-7.0.82_9090/webapps/juddiv3/WEB-INF/classes/juddiv3.xml
2025-06-25 15:26:17,379 INFO [org.apache.juddi.api.impl.InquiryHelper] - FindBusiness by tModelBag is enabled! Loaded from file:/C:/Users/hp/Desktop/UDDI/juddi-3.3.5_tomcat-7.0.82_9090/webapps/juddiv3/WEB-INF/classes/juddiv3.xml
2025-06-25 15:26:17,462 INFO [org.apache.juddi.api.impl.AuthenticatedService] - FindBusiness with tModel bag filtering is enabled: true loaded from file:/C:/Users/hp/Desktop/UDDI/juddi-3.3.5_tomcat-7.0.82_9090/webapps/juddiv3/WEB-INF/classes/juddiv3.xml
2025-06-25 15:26:17,462 INFO [org.apache.juddi.api.impl.InquiryHelper] - FindBusiness by tModelBag is enabled! Loaded from file:/C:/Users/hp/Desktop/UDDI/juddi-3.3.5_tomcat-7.0.82_9090/webapps/juddiv3/WEB-INF/classes/juddiv3.xml
2025-06-25 15:26:17,531 INFO [org.apache.juddi.api.impl.AuthenticatedService] - FindBusiness with tModel bag filtering is enabled: true loaded from file:/C:/Users/hp/Desktop/UDDI/juddi-3.3.5_tomcat-7.0.82_9090/webapps/juddiv3/WEB-INF/classes/juddiv3.xml
2025-06-25 15:26:17,533 INFO [org.apache.juddi.api.impl.InquiryHelper] - FindBusiness by tModelBag is enabled! Loaded from file:/C:/Users/hp/Desktop/UDDI/juddi-3.3.5_tomcat-7.0.82_9090/webapps/juddiv3/WEB-INF/classes/juddiv3.xml
2025-06-25 15:45:39,064 INFO [org.apache.juddi.api.impl.AuthenticatedService] - FindBusiness with tModel bag filtering is enabled: true loaded from file:/C:/Users/hp/Desktop/UDDI/juddi-3.3.5_tomcat-7.0.82_9090/webapps/juddiv3/WEB-INF/classes/juddiv3.xml
2025-06-25 15:45:39,508 INFO [org.apache.juddi.api.impl.InquiryHelper] - FindBusiness by tModelBag is enabled! Loaded from file:/C:/Users/hp/Desktop/UDDI/juddi-3.3.5_tomcat-7.0.82_9090/webapps/juddiv3/WEB-INF/classes/juddiv3.xml
2025-06-25 15:45:40,277 INFO [org.apache.juddi.api.impl.AuthenticatedService] - FindBusiness with tModel bag filtering is enabled: true loaded from file:/C:/Users/hp/Desktop/UDDI/juddi-3.3.5_tomcat-7.0.82_9090/webapps/juddiv3/WEB-INF/classes/juddiv3.xml
2025-06-25 15:45:40,283 INFO [org.apache.juddi.api.impl.InquiryHelper] - FindBusiness by tModelBag is enabled! Loaded from file:/C:/Users/hp/Desktop/UDDI/juddi-3.3.5_tomcat-7.0.82_9090/webapps/juddiv3/WEB-INF/classes/juddiv3.xml
2025-06-25 15:45:40,395 INFO [org.apache.juddi.api.impl.AuthenticatedService] - FindBusiness with tModel bag filtering is enabled: true loaded from file:/C:/Users/hp/Desktop/UDDI/juddi-3.3.5_tomcat-7.0.82_9090/webapps/juddiv3/WEB-INF/classes/juddiv3.xml
2025-06-25 15:45:40,395 INFO [org.apache.juddi.api.impl.InquiryHelper] - FindBusiness by tModelBag is enabled! Loaded from file:/C:/Users/hp/Desktop/UDDI/juddi-3.3.5_tomcat-7.0.82_9090/webapps/juddiv3/WEB-INF/classes/juddiv3.xml
2025-06-25 15:45:40,598 INFO [org.apache.juddi.api.impl.AuthenticatedService] - FindBusiness with tModel bag filtering is enabled: true loaded from file:/C:/Users/hp/Desktop/UDDI/juddi-3.3.5_tomcat-7.0.82_9090/webapps/juddiv3/WEB-INF/classes/juddiv3.xml
2025-06-25 15:45:40,612 INFO [org.apache.juddi.api.impl.InquiryHelper] - FindBusiness by tModelBag is enabled! Loaded from file:/C:/Users/hp/Desktop/UDDI/juddi-3.3.5_tomcat-7.0.82_9090/webapps/juddiv3/WEB-INF/classes/juddiv3.xml
2025-06-25 15:45:40,689 INFO [org.apache.juddi.api.impl.AuthenticatedService] - FindBusiness with tModel bag filtering is enabled: true loaded from file:/C:/Users/hp/Desktop/UDDI/juddi-3.3.5_tomcat-7.0.82_9090/webapps/juddiv3/WEB-INF/classes/juddiv3.xml
2025-06-25 15:45:40,689 INFO [org.apache.juddi.api.impl.InquiryHelper] - FindBusiness by tModelBag is enabled! Loaded from file:/C:/Users/hp/Desktop/UDDI/juddi-3.3.5_tomcat-7.0.82_9090/webapps/juddiv3/WEB-INF/classes/juddiv3.xml
2025-06-25 15:45:40,773 INFO [org.apache.juddi.api.impl.AuthenticatedService] - FindBusiness with tModel bag filtering is enabled: true loaded from file:/C:/Users/hp/Desktop/UDDI/juddi-3.3.5_tomcat-7.0.82_9090/webapps/juddiv3/WEB-INF/classes/juddiv3.xml
2025-06-25 15:45:40,773 INFO [org.apache.juddi.api.impl.InquiryHelper] - FindBusiness by tModelBag is enabled! Loaded from file:/C:/Users/hp/Desktop/UDDI/juddi-3.3.5_tomcat-7.0.82_9090/webapps/juddiv3/WEB-INF/classes/juddiv3.xml
2025-06-25 15:45:40,898 INFO [org.apache.juddi.api.impl.AuthenticatedService] - FindBusiness with tModel bag filtering is enabled: true loaded from file:/C:/Users/hp/Desktop/UDDI/juddi-3.3.5_tomcat-7.0.82_9090/webapps/juddiv3/WEB-INF/classes/juddiv3.xml
2025-06-25 15:45:40,898 INFO [org.apache.juddi.api.impl.InquiryHelper] - FindBusiness by tModelBag is enabled! Loaded from file:/C:/Users/hp/Desktop/UDDI/juddi-3.3.5_tomcat-7.0.82_9090/webapps/juddiv3/WEB-INF/classes/juddiv3.xml
2025-06-25 15:45:41,062 INFO [org.apache.juddi.api.impl.AuthenticatedService] - FindBusiness with tModel bag filtering is enabled: true loaded from file:/C:/Users/hp/Desktop/UDDI/juddi-3.3.5_tomcat-7.0.82_9090/webapps/juddiv3/WEB-INF/classes/juddiv3.xml
2025-06-25 15:45:41,062 INFO [org.apache.juddi.api.impl.InquiryHelper] - FindBusiness by tModelBag is enabled! Loaded from file:/C:/Users/hp/Desktop/UDDI/juddi-3.3.5_tomcat-7.0.82_9090/webapps/juddiv3/WEB-INF/classes/juddiv3.xml
2025-06-25 15:45:41,155 INFO [org.apache.juddi.api.impl.AuthenticatedService] - FindBusiness with tModel bag filtering is enabled: true loaded from file:/C:/Users/hp/Desktop/UDDI/juddi-3.3.5_tomcat-7.0.82_9090/webapps/juddiv3/WEB-INF/classes/juddiv3.xml
2025-06-25 15:45:41,155 INFO [org.apache.juddi.api.impl.InquiryHelper] - FindBusiness by tModelBag is enabled! Loaded from file:/C:/Users/hp/Desktop/UDDI/juddi-3.3.5_tomcat-7.0.82_9090/webapps/juddiv3/WEB-INF/classes/juddiv3.xml
2025-06-25 15:45:41,233 INFO [org.apache.juddi.api.impl.AuthenticatedService] - FindBusiness with tModel bag filtering is enabled: true loaded from file:/C:/Users/hp/Desktop/UDDI/juddi-3.3.5_tomcat-7.0.82_9090/webapps/juddiv3/WEB-INF/classes/juddiv3.xml
2025-06-25 15:45:41,233 INFO [org.apache.juddi.api.impl.InquiryHelper] - FindBusiness by tModelBag is enabled! Loaded from file:/C:/Users/hp/Desktop/UDDI/juddi-3.3.5_tomcat-7.0.82_9090/webapps/juddiv3/WEB-INF/classes/juddiv3.xml
2025-06-25 15:46:53,965 INFO [org.apache.juddi.api.impl.AuthenticatedService] - FindBusiness with tModel bag filtering is enabled: true loaded from file:/C:/Users/hp/Desktop/UDDI/juddi-3.3.5_tomcat-7.0.82_9090/webapps/juddiv3/WEB-INF/classes/juddiv3.xml
2025-06-25 15:46:53,970 INFO [org.apache.juddi.api.impl.InquiryHelper] - FindBusiness by tModelBag is enabled! Loaded from file:/C:/Users/hp/Desktop/UDDI/juddi-3.3.5_tomcat-7.0.82_9090/webapps/juddiv3/WEB-INF/classes/juddiv3.xml
2025-06-25 15:46:54,148 INFO [org.apache.juddi.api.impl.AuthenticatedService] - FindBusiness with tModel bag filtering is enabled: true loaded from file:/C:/Users/hp/Desktop/UDDI/juddi-3.3.5_tomcat-7.0.82_9090/webapps/juddiv3/WEB-INF/classes/juddiv3.xml
2025-06-25 15:46:54,157 INFO [org.apache.juddi.api.impl.InquiryHelper] - FindBusiness by tModelBag is enabled! Loaded from file:/C:/Users/hp/Desktop/UDDI/juddi-3.3.5_tomcat-7.0.82_9090/webapps/juddiv3/WEB-INF/classes/juddiv3.xml
2025-06-25 15:46:54,312 INFO [org.apache.juddi.api.impl.AuthenticatedService] - FindBusiness with tModel bag filtering is enabled: true loaded from file:/C:/Users/hp/Desktop/UDDI/juddi-3.3.5_tomcat-7.0.82_9090/webapps/juddiv3/WEB-INF/classes/juddiv3.xml
2025-06-25 15:46:54,314 INFO [org.apache.juddi.api.impl.InquiryHelper] - FindBusiness by tModelBag is enabled! Loaded from file:/C:/Users/hp/Desktop/UDDI/juddi-3.3.5_tomcat-7.0.82_9090/webapps/juddiv3/WEB-INF/classes/juddiv3.xml
2025-06-25 15:46:54,427 INFO [org.apache.juddi.api.impl.AuthenticatedService] - FindBusiness with tModel bag filtering is enabled: true loaded from file:/C:/Users/hp/Desktop/UDDI/juddi-3.3.5_tomcat-7.0.82_9090/webapps/juddiv3/WEB-INF/classes/juddiv3.xml
2025-06-25 15:46:54,432 INFO [org.apache.juddi.api.impl.InquiryHelper] - FindBusiness by tModelBag is enabled! Loaded from file:/C:/Users/hp/Desktop/UDDI/juddi-3.3.5_tomcat-7.0.82_9090/webapps/juddiv3/WEB-INF/classes/juddiv3.xml
2025-06-25 15:46:54,519 INFO [org.apache.juddi.api.impl.AuthenticatedService] - FindBusiness with tModel bag filtering is enabled: true loaded from file:/C:/Users/hp/Desktop/UDDI/juddi-3.3.5_tomcat-7.0.82_9090/webapps/juddiv3/WEB-INF/classes/juddiv3.xml
2025-06-25 15:46:54,519 INFO [org.apache.juddi.api.impl.InquiryHelper] - FindBusiness by tModelBag is enabled! Loaded from file:/C:/Users/hp/Desktop/UDDI/juddi-3.3.5_tomcat-7.0.82_9090/webapps/juddiv3/WEB-INF/classes/juddiv3.xml
2025-06-25 15:46:54,674 INFO [org.apache.juddi.api.impl.AuthenticatedService] - FindBusiness with tModel bag filtering is enabled: true loaded from file:/C:/Users/hp/Desktop/UDDI/juddi-3.3.5_tomcat-7.0.82_9090/webapps/juddiv3/WEB-INF/classes/juddiv3.xml
2025-06-25 15:46:54,680 INFO [org.apache.juddi.api.impl.InquiryHelper] - FindBusiness by tModelBag is enabled! Loaded from file:/C:/Users/hp/Desktop/UDDI/juddi-3.3.5_tomcat-7.0.82_9090/webapps/juddiv3/WEB-INF/classes/juddiv3.xml
2025-06-25 15:46:54,792 INFO [org.apache.juddi.api.impl.AuthenticatedService] - FindBusiness with tModel bag filtering is enabled: true loaded from file:/C:/Users/hp/Desktop/UDDI/juddi-3.3.5_tomcat-7.0.82_9090/webapps/juddiv3/WEB-INF/classes/juddiv3.xml
2025-06-25 15:46:54,794 INFO [org.apache.juddi.api.impl.InquiryHelper] - FindBusiness by tModelBag is enabled! Loaded from file:/C:/Users/hp/Desktop/UDDI/juddi-3.3.5_tomcat-7.0.82_9090/webapps/juddiv3/WEB-INF/classes/juddiv3.xml
2025-06-25 15:46:54,872 INFO [org.apache.juddi.api.impl.AuthenticatedService] - FindBusiness with tModel bag filtering is enabled: true loaded from file:/C:/Users/hp/Desktop/UDDI/juddi-3.3.5_tomcat-7.0.82_9090/webapps/juddiv3/WEB-INF/classes/juddiv3.xml
2025-06-25 15:46:54,873 INFO [org.apache.juddi.api.impl.InquiryHelper] - FindBusiness by tModelBag is enabled! Loaded from file:/C:/Users/hp/Desktop/UDDI/juddi-3.3.5_tomcat-7.0.82_9090/webapps/juddiv3/WEB-INF/classes/juddiv3.xml
2025-06-25 15:46:54,965 INFO [org.apache.juddi.api.impl.AuthenticatedService] - FindBusiness with tModel bag filtering is enabled: true loaded from file:/C:/Users/hp/Desktop/UDDI/juddi-3.3.5_tomcat-7.0.82_9090/webapps/juddiv3/WEB-INF/classes/juddiv3.xml
2025-06-25 15:46:54,967 INFO [org.apache.juddi.api.impl.InquiryHelper] - FindBusiness by tModelBag is enabled! Loaded from file:/C:/Users/hp/Desktop/UDDI/juddi-3.3.5_tomcat-7.0.82_9090/webapps/juddiv3/WEB-INF/classes/juddiv3.xml
2025-06-25 15:46:55,894 INFO [org.apache.juddi.api.impl.AuthenticatedService] - FindBusiness with tModel bag filtering is enabled: true loaded from file:/C:/Users/hp/Desktop/UDDI/juddi-3.3.5_tomcat-7.0.82_9090/webapps/juddiv3/WEB-INF/classes/juddiv3.xml
2025-06-25 15:46:55,894 INFO [org.apache.juddi.api.impl.InquiryHelper] - FindBusiness by tModelBag is enabled! Loaded from file:/C:/Users/hp/Desktop/UDDI/juddi-3.3.5_tomcat-7.0.82_9090/webapps/juddiv3/WEB-INF/classes/juddiv3.xml
2025-06-25 15:47:02,895 INFO [org.apache.juddi.api.impl.AuthenticatedService] - FindBusiness with tModel bag filtering is enabled: true loaded from file:/C:/Users/hp/Desktop/UDDI/juddi-3.3.5_tomcat-7.0.82_9090/webapps/juddiv3/WEB-INF/classes/juddiv3.xml
2025-06-25 15:47:02,899 INFO [org.apache.juddi.api.impl.InquiryHelper] - FindBusiness by tModelBag is enabled! Loaded from file:/C:/Users/hp/Desktop/UDDI/juddi-3.3.5_tomcat-7.0.82_9090/webapps/juddiv3/WEB-INF/classes/juddiv3.xml
2025-06-25 15:47:03,020 INFO [org.apache.juddi.api.impl.AuthenticatedService] - FindBusiness with tModel bag filtering is enabled: true loaded from file:/C:/Users/hp/Desktop/UDDI/juddi-3.3.5_tomcat-7.0.82_9090/webapps/juddiv3/WEB-INF/classes/juddiv3.xml
2025-06-25 15:47:03,022 INFO [org.apache.juddi.api.impl.InquiryHelper] - FindBusiness by tModelBag is enabled! Loaded from file:/C:/Users/hp/Desktop/UDDI/juddi-3.3.5_tomcat-7.0.82_9090/webapps/juddiv3/WEB-INF/classes/juddiv3.xml
2025-06-25 15:47:03,473 INFO [org.apache.juddi.api.impl.AuthenticatedService] - FindBusiness with tModel bag filtering is enabled: true loaded from file:/C:/Users/hp/Desktop/UDDI/juddi-3.3.5_tomcat-7.0.82_9090/webapps/juddiv3/WEB-INF/classes/juddiv3.xml
2025-06-25 15:47:03,477 INFO [org.apache.juddi.api.impl.InquiryHelper] - FindBusiness by tModelBag is enabled! Loaded from file:/C:/Users/hp/Desktop/UDDI/juddi-3.3.5_tomcat-7.0.82_9090/webapps/juddiv3/WEB-INF/classes/juddiv3.xml
2025-06-25 15:47:04,432 INFO [org.apache.juddi.api.impl.AuthenticatedService] - FindBusiness with tModel bag filtering is enabled: true loaded from file:/C:/Users/hp/Desktop/UDDI/juddi-3.3.5_tomcat-7.0.82_9090/webapps/juddiv3/WEB-INF/classes/juddiv3.xml
2025-06-25 15:47:04,554 INFO [org.apache.juddi.api.impl.InquiryHelper] - FindBusiness by tModelBag is enabled! Loaded from file:/C:/Users/hp/Desktop/UDDI/juddi-3.3.5_tomcat-7.0.82_9090/webapps/juddiv3/WEB-INF/classes/juddiv3.xml
2025-06-25 15:47:04,915 INFO [org.apache.juddi.api.impl.AuthenticatedService] - FindBusiness with tModel bag filtering is enabled: true loaded from file:/C:/Users/hp/Desktop/UDDI/juddi-3.3.5_tomcat-7.0.82_9090/webapps/juddiv3/WEB-INF/classes/juddiv3.xml
2025-06-25 15:47:05,037 INFO [org.apache.juddi.api.impl.InquiryHelper] - FindBusiness by tModelBag is enabled! Loaded from file:/C:/Users/hp/Desktop/UDDI/juddi-3.3.5_tomcat-7.0.82_9090/webapps/juddiv3/WEB-INF/classes/juddiv3.xml
2025-06-25 15:47:05,161 INFO [org.apache.juddi.api.impl.AuthenticatedService] - FindBusiness with tModel bag filtering is enabled: true loaded from file:/C:/Users/hp/Desktop/UDDI/juddi-3.3.5_tomcat-7.0.82_9090/webapps/juddiv3/WEB-INF/classes/juddiv3.xml
2025-06-25 15:47:05,386 INFO [org.apache.juddi.api.impl.InquiryHelper] - FindBusiness by tModelBag is enabled! Loaded from file:/C:/Users/hp/Desktop/UDDI/juddi-3.3.5_tomcat-7.0.82_9090/webapps/juddiv3/WEB-INF/classes/juddiv3.xml
2025-06-25 15:47:06,036 INFO [org.apache.juddi.api.impl.AuthenticatedService] - FindBusiness with tModel bag filtering is enabled: true loaded from file:/C:/Users/hp/Desktop/UDDI/juddi-3.3.5_tomcat-7.0.82_9090/webapps/juddiv3/WEB-INF/classes/juddiv3.xml
2025-06-25 15:47:06,385 INFO [org.apache.juddi.api.impl.InquiryHelper] - FindBusiness by tModelBag is enabled! Loaded from file:/C:/Users/hp/Desktop/UDDI/juddi-3.3.5_tomcat-7.0.82_9090/webapps/juddiv3/WEB-INF/classes/juddiv3.xml
2025-06-25 15:47:06,999 INFO [org.apache.juddi.api.impl.AuthenticatedService] - FindBusiness with tModel bag filtering is enabled: true loaded from file:/C:/Users/hp/Desktop/UDDI/juddi-3.3.5_tomcat-7.0.82_9090/webapps/juddiv3/WEB-INF/classes/juddiv3.xml
2025-06-25 15:47:06,999 INFO [org.apache.juddi.api.impl.InquiryHelper] - FindBusiness by tModelBag is enabled! Loaded from file:/C:/Users/hp/Desktop/UDDI/juddi-3.3.5_tomcat-7.0.82_9090/webapps/juddiv3/WEB-INF/classes/juddiv3.xml
2025-06-25 15:47:10,486 INFO [org.apache.juddi.api.impl.AuthenticatedService] - FindBusiness with tModel bag filtering is enabled: true loaded from file:/C:/Users/hp/Desktop/UDDI/juddi-3.3.5_tomcat-7.0.82_9090/webapps/juddiv3/WEB-INF/classes/juddiv3.xml
2025-06-25 15:47:10,498 INFO [org.apache.juddi.api.impl.InquiryHelper] - FindBusiness by tModelBag is enabled! Loaded from file:/C:/Users/hp/Desktop/UDDI/juddi-3.3.5_tomcat-7.0.82_9090/webapps/juddiv3/WEB-INF/classes/juddiv3.xml
2025-06-25 15:47:10,841 INFO [org.apache.juddi.api.impl.AuthenticatedService] - FindBusiness with tModel bag filtering is enabled: true loaded from file:/C:/Users/hp/Desktop/UDDI/juddi-3.3.5_tomcat-7.0.82_9090/webapps/juddiv3/WEB-INF/classes/juddiv3.xml
2025-06-25 15:47:10,995 INFO [org.apache.juddi.api.impl.InquiryHelper] - FindBusiness by tModelBag is enabled! Loaded from file:/C:/Users/hp/Desktop/UDDI/juddi-3.3.5_tomcat-7.0.82_9090/webapps/juddiv3/WEB-INF/classes/juddiv3.xml
2025-06-25 15:47:22,295 INFO [org.apache.juddi.api.impl.AuthenticatedService] - FindBusiness with tModel bag filtering is enabled: true loaded from file:/C:/Users/hp/Desktop/UDDI/juddi-3.3.5_tomcat-7.0.82_9090/webapps/juddiv3/WEB-INF/classes/juddiv3.xml
2025-06-25 15:47:22,305 INFO [org.apache.juddi.api.impl.InquiryHelper] - FindBusiness by tModelBag is enabled! Loaded from file:/C:/Users/hp/Desktop/UDDI/juddi-3.3.5_tomcat-7.0.82_9090/webapps/juddiv3/WEB-INF/classes/juddiv3.xml
2025-06-25 15:47:22,536 INFO [org.apache.juddi.api.impl.AuthenticatedService] - FindBusiness with tModel bag filtering is enabled: true loaded from file:/C:/Users/hp/Desktop/UDDI/juddi-3.3.5_tomcat-7.0.82_9090/webapps/juddiv3/WEB-INF/classes/juddiv3.xml
2025-06-25 15:47:22,542 INFO [org.apache.juddi.api.impl.InquiryHelper] - FindBusiness by tModelBag is enabled! Loaded from file:/C:/Users/hp/Desktop/UDDI/juddi-3.3.5_tomcat-7.0.82_9090/webapps/juddiv3/WEB-INF/classes/juddiv3.xml
2025-06-25 15:47:22,659 INFO [org.apache.juddi.api.impl.AuthenticatedService] - FindBusiness with tModel bag filtering is enabled: true loaded from file:/C:/Users/hp/Desktop/UDDI/juddi-3.3.5_tomcat-7.0.82_9090/webapps/juddiv3/WEB-INF/classes/juddiv3.xml
2025-06-25 15:47:22,661 INFO [org.apache.juddi.api.impl.InquiryHelper] - FindBusiness by tModelBag is enabled! Loaded from file:/C:/Users/hp/Desktop/UDDI/juddi-3.3.5_tomcat-7.0.82_9090/webapps/juddiv3/WEB-INF/classes/juddiv3.xml
2025-06-25 15:47:22,828 INFO [org.apache.juddi.api.impl.AuthenticatedService] - FindBusiness with tModel bag filtering is enabled: true loaded from file:/C:/Users/hp/Desktop/UDDI/juddi-3.3.5_tomcat-7.0.82_9090/webapps/juddiv3/WEB-INF/classes/juddiv3.xml
2025-06-25 15:47:22,833 INFO [org.apache.juddi.api.impl.InquiryHelper] - FindBusiness by tModelBag is enabled! Loaded from file:/C:/Users/hp/Desktop/UDDI/juddi-3.3.5_tomcat-7.0.82_9090/webapps/juddiv3/WEB-INF/classes/juddiv3.xml
2025-06-25 15:47:22,944 INFO [org.apache.juddi.api.impl.AuthenticatedService] - FindBusiness with tModel bag filtering is enabled: true loaded from file:/C:/Users/hp/Desktop/UDDI/juddi-3.3.5_tomcat-7.0.82_9090/webapps/juddiv3/WEB-INF/classes/juddiv3.xml
2025-06-25 15:47:22,949 INFO [org.apache.juddi.api.impl.InquiryHelper] - FindBusiness by tModelBag is enabled! Loaded from file:/C:/Users/hp/Desktop/UDDI/juddi-3.3.5_tomcat-7.0.82_9090/webapps/juddiv3/WEB-INF/classes/juddiv3.xml
2025-06-25 15:47:23,110 INFO [org.apache.juddi.api.impl.AuthenticatedService] - FindBusiness with tModel bag filtering is enabled: true loaded from file:/C:/Users/hp/Desktop/UDDI/juddi-3.3.5_tomcat-7.0.82_9090/webapps/juddiv3/WEB-INF/classes/juddiv3.xml
2025-06-25 15:47:23,113 INFO [org.apache.juddi.api.impl.InquiryHelper] - FindBusiness by tModelBag is enabled! Loaded from file:/C:/Users/hp/Desktop/UDDI/juddi-3.3.5_tomcat-7.0.82_9090/webapps/juddiv3/WEB-INF/classes/juddiv3.xml
2025-06-25 15:47:23,232 INFO [org.apache.juddi.api.impl.AuthenticatedService] - FindBusiness with tModel bag filtering is enabled: true loaded from file:/C:/Users/hp/Desktop/UDDI/juddi-3.3.5_tomcat-7.0.82_9090/webapps/juddiv3/WEB-INF/classes/juddiv3.xml
2025-06-25 15:47:23,236 INFO [org.apache.juddi.api.impl.InquiryHelper] - FindBusiness by tModelBag is enabled! Loaded from file:/C:/Users/hp/Desktop/UDDI/juddi-3.3.5_tomcat-7.0.82_9090/webapps/juddiv3/WEB-INF/classes/juddiv3.xml
2025-06-25 15:47:23,343 INFO [org.apache.juddi.api.impl.AuthenticatedService] - FindBusiness with tModel bag filtering is enabled: true loaded from file:/C:/Users/hp/Desktop/UDDI/juddi-3.3.5_tomcat-7.0.82_9090/webapps/juddiv3/WEB-INF/classes/juddiv3.xml
2025-06-25 15:47:23,347 INFO [org.apache.juddi.api.impl.InquiryHelper] - FindBusiness by tModelBag is enabled! Loaded from file:/C:/Users/hp/Desktop/UDDI/juddi-3.3.5_tomcat-7.0.82_9090/webapps/juddiv3/WEB-INF/classes/juddiv3.xml
2025-06-25 15:47:23,425 INFO [org.apache.juddi.api.impl.AuthenticatedService] - FindBusiness with tModel bag filtering is enabled: true loaded from file:/C:/Users/hp/Desktop/UDDI/juddi-3.3.5_tomcat-7.0.82_9090/webapps/juddiv3/WEB-INF/classes/juddiv3.xml
2025-06-25 15:47:23,425 INFO [org.apache.juddi.api.impl.InquiryHelper] - FindBusiness by tModelBag is enabled! Loaded from file:/C:/Users/hp/Desktop/UDDI/juddi-3.3.5_tomcat-7.0.82_9090/webapps/juddiv3/WEB-INF/classes/juddiv3.xml
2025-06-25 15:47:23,498 INFO [org.apache.juddi.api.impl.AuthenticatedService] - FindBusiness with tModel bag filtering is enabled: true loaded from file:/C:/Users/hp/Desktop/UDDI/juddi-3.3.5_tomcat-7.0.82_9090/webapps/juddiv3/WEB-INF/classes/juddiv3.xml
2025-06-25 15:47:23,688 INFO [org.apache.juddi.api.impl.InquiryHelper] - FindBusiness by tModelBag is enabled! Loaded from file:/C:/Users/hp/Desktop/UDDI/juddi-3.3.5_tomcat-7.0.82_9090/webapps/juddiv3/WEB-INF/classes/juddiv3.xml
2025-06-25 15:51:36,278 INFO [org.apache.juddi.api.impl.AuthenticatedService] - FindBusiness with tModel bag filtering is enabled: true loaded from file:/C:/Users/hp/Desktop/UDDI/juddi-3.3.5_tomcat-7.0.82_9090/webapps/juddiv3/WEB-INF/classes/juddiv3.xml
2025-06-25 15:51:36,287 INFO [org.apache.juddi.api.impl.InquiryHelper] - FindBusiness by tModelBag is enabled! Loaded from file:/C:/Users/hp/Desktop/UDDI/juddi-3.3.5_tomcat-7.0.82_9090/webapps/juddiv3/WEB-INF/classes/juddiv3.xml
2025-06-25 15:51:36,574 INFO [org.apache.juddi.api.impl.AuthenticatedService] - FindBusiness with tModel bag filtering is enabled: true loaded from file:/C:/Users/hp/Desktop/UDDI/juddi-3.3.5_tomcat-7.0.82_9090/webapps/juddiv3/WEB-INF/classes/juddiv3.xml
2025-06-25 15:51:36,574 INFO [org.apache.juddi.api.impl.InquiryHelper] - FindBusiness by tModelBag is enabled! Loaded from file:/C:/Users/hp/Desktop/UDDI/juddi-3.3.5_tomcat-7.0.82_9090/webapps/juddiv3/WEB-INF/classes/juddiv3.xml
2025-06-25 15:51:36,710 INFO [org.apache.juddi.api.impl.AuthenticatedService] - FindBusiness with tModel bag filtering is enabled: true loaded from file:/C:/Users/hp/Desktop/UDDI/juddi-3.3.5_tomcat-7.0.82_9090/webapps/juddiv3/WEB-INF/classes/juddiv3.xml
2025-06-25 15:51:36,710 INFO [org.apache.juddi.api.impl.InquiryHelper] - FindBusiness by tModelBag is enabled! Loaded from file:/C:/Users/hp/Desktop/UDDI/juddi-3.3.5_tomcat-7.0.82_9090/webapps/juddiv3/WEB-INF/classes/juddiv3.xml
2025-06-25 15:51:36,847 INFO [org.apache.juddi.api.impl.AuthenticatedService] - FindBusiness with tModel bag filtering is enabled: true loaded from file:/C:/Users/hp/Desktop/UDDI/juddi-3.3.5_tomcat-7.0.82_9090/webapps/juddiv3/WEB-INF/classes/juddiv3.xml
2025-06-25 15:51:36,847 INFO [org.apache.juddi.api.impl.InquiryHelper] - FindBusiness by tModelBag is enabled! Loaded from file:/C:/Users/hp/Desktop/UDDI/juddi-3.3.5_tomcat-7.0.82_9090/webapps/juddiv3/WEB-INF/classes/juddiv3.xml
2025-06-25 15:51:36,928 INFO [org.apache.juddi.api.impl.AuthenticatedService] - FindBusiness with tModel bag filtering is enabled: true loaded from file:/C:/Users/hp/Desktop/UDDI/juddi-3.3.5_tomcat-7.0.82_9090/webapps/juddiv3/WEB-INF/classes/juddiv3.xml
2025-06-25 15:51:36,928 INFO [org.apache.juddi.api.impl.InquiryHelper] - FindBusiness by tModelBag is enabled! Loaded from file:/C:/Users/hp/Desktop/UDDI/juddi-3.3.5_tomcat-7.0.82_9090/webapps/juddiv3/WEB-INF/classes/juddiv3.xml
2025-06-25 15:51:37,044 INFO [org.apache.juddi.api.impl.AuthenticatedService] - FindBusiness with tModel bag filtering is enabled: true loaded from file:/C:/Users/hp/Desktop/UDDI/juddi-3.3.5_tomcat-7.0.82_9090/webapps/juddiv3/WEB-INF/classes/juddiv3.xml
2025-06-25 15:51:37,045 INFO [org.apache.juddi.api.impl.InquiryHelper] - FindBusiness by tModelBag is enabled! Loaded from file:/C:/Users/hp/Desktop/UDDI/juddi-3.3.5_tomcat-7.0.82_9090/webapps/juddiv3/WEB-INF/classes/juddiv3.xml
2025-06-25 15:51:37,163 INFO [org.apache.juddi.api.impl.AuthenticatedService] - FindBusiness with tModel bag filtering is enabled: true loaded from file:/C:/Users/hp/Desktop/UDDI/juddi-3.3.5_tomcat-7.0.82_9090/webapps/juddiv3/WEB-INF/classes/juddiv3.xml
2025-06-25 15:51:37,163 INFO [org.apache.juddi.api.impl.InquiryHelper] - FindBusiness by tModelBag is enabled! Loaded from file:/C:/Users/hp/Desktop/UDDI/juddi-3.3.5_tomcat-7.0.82_9090/webapps/juddiv3/WEB-INF/classes/juddiv3.xml
2025-06-25 15:51:37,340 INFO [org.apache.juddi.api.impl.AuthenticatedService] - FindBusiness with tModel bag filtering is enabled: true loaded from file:/C:/Users/hp/Desktop/UDDI/juddi-3.3.5_tomcat-7.0.82_9090/webapps/juddiv3/WEB-INF/classes/juddiv3.xml
2025-06-25 15:51:37,343 INFO [org.apache.juddi.api.impl.InquiryHelper] - FindBusiness by tModelBag is enabled! Loaded from file:/C:/Users/hp/Desktop/UDDI/juddi-3.3.5_tomcat-7.0.82_9090/webapps/juddiv3/WEB-INF/classes/juddiv3.xml
2025-06-25 15:51:37,465 INFO [org.apache.juddi.api.impl.AuthenticatedService] - FindBusiness with tModel bag filtering is enabled: true loaded from file:/C:/Users/hp/Desktop/UDDI/juddi-3.3.5_tomcat-7.0.82_9090/webapps/juddiv3/WEB-INF/classes/juddiv3.xml
2025-06-25 15:51:37,466 INFO [org.apache.juddi.api.impl.InquiryHelper] - FindBusiness by tModelBag is enabled! Loaded from file:/C:/Users/hp/Desktop/UDDI/juddi-3.3.5_tomcat-7.0.82_9090/webapps/juddiv3/WEB-INF/classes/juddiv3.xml
2025-06-25 15:51:37,630 INFO [org.apache.juddi.api.impl.AuthenticatedService] - FindBusiness with tModel bag filtering is enabled: true loaded from file:/C:/Users/hp/Desktop/UDDI/juddi-3.3.5_tomcat-7.0.82_9090/webapps/juddiv3/WEB-INF/classes/juddiv3.xml
2025-06-25 15:51:37,630 INFO [org.apache.juddi.api.impl.InquiryHelper] - FindBusiness by tModelBag is enabled! Loaded from file:/C:/Users/hp/Desktop/UDDI/juddi-3.3.5_tomcat-7.0.82_9090/webapps/juddiv3/WEB-INF/classes/juddiv3.xml
2025-06-25 15:54:47,491 INFO [org.apache.juddi.api.impl.AuthenticatedService] - FindBusiness with tModel bag filtering is enabled: true loaded from file:/C:/Users/hp/Desktop/UDDI/juddi-3.3.5_tomcat-7.0.82_9090/webapps/juddiv3/WEB-INF/classes/juddiv3.xml
2025-06-25 15:54:47,491 INFO [org.apache.juddi.api.impl.InquiryHelper] - FindBusiness by tModelBag is enabled! Loaded from file:/C:/Users/hp/Desktop/UDDI/juddi-3.3.5_tomcat-7.0.82_9090/webapps/juddiv3/WEB-INF/classes/juddiv3.xml
2025-06-25 15:54:47,871 INFO [org.apache.juddi.api.impl.AuthenticatedService] - AUDIT: AuthToken request for username from 127.0.0.1
2025-06-25 15:54:47,871 WARN [org.apache.juddi.v3.auth.JUDDIAuthenticator] - DO NOT USE JUDDI AUTHENTICATOR FOR PRODUCTION SYSTEMS - DOES NOT VALIDATE PASSWORDS, AT ALL!
2025-06-25 15:54:48,042 INFO [org.apache.juddi.api.impl.AuthenticatedService] - AUDIT: AuthToken issued for username from 127.0.0.1
2025-06-25 15:54:48,466 WARN [org.apache.juddi.validation.ValidatePublish] - Hey, you should consider encrypting your trust store password!
2025-06-25 15:54:51,200 INFO [org.apache.juddi.replication.ReplicationNotifier] - Replication, Notifying nodes of new change records. 1 queued
2025-06-25 15:54:51,213 INFO [org.apache.juddi.replication.ReplicationNotifier] - CR saved locally, it was from uddi:juddi.apache.org:node1 USN:164 Type:ChangeRecordNewData Key:uddi:juddi.apache.org:0582e566-211f-403e-9364-d39fa2eac727 Local id:164
2025-06-25 15:54:51,222 INFO [org.apache.juddi.subscription.SubscriptionNotifier] - Start Notification background task; checking if subscription notifications need to be send out..
2025-06-25 15:54:51,232 INFO [org.apache.juddi.subscription.SubscriptionNotifier] - Notification background task took 19 milliseconds.
2025-06-25 15:55:35,916 INFO [org.apache.juddi.api.impl.AuthenticatedService] - FindBusiness with tModel bag filtering is enabled: true loaded from file:/C:/Users/hp/Desktop/UDDI/juddi-3.3.5_tomcat-7.0.82_9090/webapps/juddiv3/WEB-INF/classes/juddiv3.xml
2025-06-25 15:55:35,920 INFO [org.apache.juddi.api.impl.InquiryHelper] - FindBusiness by tModelBag is enabled! Loaded from file:/C:/Users/hp/Desktop/UDDI/juddi-3.3.5_tomcat-7.0.82_9090/webapps/juddiv3/WEB-INF/classes/juddiv3.xml
2025-06-25 15:55:36,057 INFO [org.apache.juddi.api.impl.AuthenticatedService] - FindBusiness with tModel bag filtering is enabled: true loaded from file:/C:/Users/hp/Desktop/UDDI/juddi-3.3.5_tomcat-7.0.82_9090/webapps/juddiv3/WEB-INF/classes/juddiv3.xml
2025-06-25 15:55:36,057 INFO [org.apache.juddi.api.impl.InquiryHelper] - FindBusiness by tModelBag is enabled! Loaded from file:/C:/Users/hp/Desktop/UDDI/juddi-3.3.5_tomcat-7.0.82_9090/webapps/juddiv3/WEB-INF/classes/juddiv3.xml
2025-06-25 15:55:36,245 INFO [org.apache.juddi.api.impl.AuthenticatedService] - FindBusiness with tModel bag filtering is enabled: true loaded from file:/C:/Users/hp/Desktop/UDDI/juddi-3.3.5_tomcat-7.0.82_9090/webapps/juddiv3/WEB-INF/classes/juddiv3.xml
2025-06-25 15:55:36,248 INFO [org.apache.juddi.api.impl.InquiryHelper] - FindBusiness by tModelBag is enabled! Loaded from file:/C:/Users/hp/Desktop/UDDI/juddi-3.3.5_tomcat-7.0.82_9090/webapps/juddiv3/WEB-INF/classes/juddiv3.xml
2025-06-25 15:55:36,324 INFO [org.apache.juddi.api.impl.AuthenticatedService] - FindBusiness with tModel bag filtering is enabled: true loaded from file:/C:/Users/hp/Desktop/UDDI/juddi-3.3.5_tomcat-7.0.82_9090/webapps/juddiv3/WEB-INF/classes/juddiv3.xml
2025-06-25 15:55:36,324 INFO [org.apache.juddi.api.impl.InquiryHelper] - FindBusiness by tModelBag is enabled! Loaded from file:/C:/Users/hp/Desktop/UDDI/juddi-3.3.5_tomcat-7.0.82_9090/webapps/juddiv3/WEB-INF/classes/juddiv3.xml
2025-06-25 15:55:36,452 INFO [org.apache.juddi.api.impl.AuthenticatedService] - FindBusiness with tModel bag filtering is enabled: true loaded from file:/C:/Users/hp/Desktop/UDDI/juddi-3.3.5_tomcat-7.0.82_9090/webapps/juddiv3/WEB-INF/classes/juddiv3.xml
2025-06-25 15:55:36,454 INFO [org.apache.juddi.api.impl.InquiryHelper] - FindBusiness by tModelBag is enabled! Loaded from file:/C:/Users/hp/Desktop/UDDI/juddi-3.3.5_tomcat-7.0.82_9090/webapps/juddiv3/WEB-INF/classes/juddiv3.xml
2025-06-25 15:55:36,626 INFO [org.apache.juddi.api.impl.AuthenticatedService] - FindBusiness with tModel bag filtering is enabled: true loaded from file:/C:/Users/hp/Desktop/UDDI/juddi-3.3.5_tomcat-7.0.82_9090/webapps/juddiv3/WEB-INF/classes/juddiv3.xml
2025-06-25 15:55:36,626 INFO [org.apache.juddi.api.impl.InquiryHelper] - FindBusiness by tModelBag is enabled! Loaded from file:/C:/Users/hp/Desktop/UDDI/juddi-3.3.5_tomcat-7.0.82_9090/webapps/juddiv3/WEB-INF/classes/juddiv3.xml
2025-06-25 15:55:36,754 INFO [org.apache.juddi.api.impl.AuthenticatedService] - FindBusiness with tModel bag filtering is enabled: true loaded from file:/C:/Users/hp/Desktop/UDDI/juddi-3.3.5_tomcat-7.0.82_9090/webapps/juddiv3/WEB-INF/classes/juddiv3.xml
2025-06-25 15:55:36,756 INFO [org.apache.juddi.api.impl.InquiryHelper] - FindBusiness by tModelBag is enabled! Loaded from file:/C:/Users/hp/Desktop/UDDI/juddi-3.3.5_tomcat-7.0.82_9090/webapps/juddiv3/WEB-INF/classes/juddiv3.xml
2025-06-25 15:55:36,937 INFO [org.apache.juddi.api.impl.AuthenticatedService] - FindBusiness with tModel bag filtering is enabled: true loaded from file:/C:/Users/hp/Desktop/UDDI/juddi-3.3.5_tomcat-7.0.82_9090/webapps/juddiv3/WEB-INF/classes/juddiv3.xml
2025-06-25 15:55:36,937 INFO [org.apache.juddi.api.impl.InquiryHelper] - FindBusiness by tModelBag is enabled! Loaded from file:/C:/Users/hp/Desktop/UDDI/juddi-3.3.5_tomcat-7.0.82_9090/webapps/juddiv3/WEB-INF/classes/juddiv3.xml
2025-06-25 15:55:37,048 INFO [org.apache.juddi.api.impl.AuthenticatedService] - FindBusiness with tModel bag filtering is enabled: true loaded from file:/C:/Users/hp/Desktop/UDDI/juddi-3.3.5_tomcat-7.0.82_9090/webapps/juddiv3/WEB-INF/classes/juddiv3.xml
2025-06-25 15:55:37,054 INFO [org.apache.juddi.api.impl.InquiryHelper] - FindBusiness by tModelBag is enabled! Loaded from file:/C:/Users/hp/Desktop/UDDI/juddi-3.3.5_tomcat-7.0.82_9090/webapps/juddiv3/WEB-INF/classes/juddiv3.xml
2025-06-25 15:55:37,154 INFO [org.apache.juddi.api.impl.AuthenticatedService] - FindBusiness with tModel bag filtering is enabled: true loaded from file:/C:/Users/hp/Desktop/UDDI/juddi-3.3.5_tomcat-7.0.82_9090/webapps/juddiv3/WEB-INF/classes/juddiv3.xml
2025-06-25 15:55:37,172 INFO [org.apache.juddi.api.impl.InquiryHelper] - FindBusiness by tModelBag is enabled! Loaded from file:/C:/Users/hp/Desktop/UDDI/juddi-3.3.5_tomcat-7.0.82_9090/webapps/juddiv3/WEB-INF/classes/juddiv3.xml
2025-06-25 15:58:28,623 INFO [org.apache.juddi.api.impl.AuthenticatedService] - FindBusiness with tModel bag filtering is enabled: true loaded from file:/C:/Users/hp/Desktop/UDDI/juddi-3.3.5_tomcat-7.0.82_9090/webapps/juddiv3/WEB-INF/classes/juddiv3.xml
2025-06-25 15:58:28,626 INFO [org.apache.juddi.api.impl.InquiryHelper] - FindBusiness by tModelBag is enabled! Loaded from file:/C:/Users/hp/Desktop/UDDI/juddi-3.3.5_tomcat-7.0.82_9090/webapps/juddiv3/WEB-INF/classes/juddiv3.xml
2025-06-25 15:58:28,938 INFO [org.apache.juddi.api.impl.AuthenticatedService] - FindBusiness with tModel bag filtering is enabled: true loaded from file:/C:/Users/hp/Desktop/UDDI/juddi-3.3.5_tomcat-7.0.82_9090/webapps/juddiv3/WEB-INF/classes/juddiv3.xml
2025-06-25 15:58:28,941 INFO [org.apache.juddi.api.impl.InquiryHelper] - FindBusiness by tModelBag is enabled! Loaded from file:/C:/Users/hp/Desktop/UDDI/juddi-3.3.5_tomcat-7.0.82_9090/webapps/juddiv3/WEB-INF/classes/juddiv3.xml
2025-06-25 15:58:29,013 INFO [org.apache.juddi.api.impl.AuthenticatedService] - FindBusiness with tModel bag filtering is enabled: true loaded from file:/C:/Users/hp/Desktop/UDDI/juddi-3.3.5_tomcat-7.0.82_9090/webapps/juddiv3/WEB-INF/classes/juddiv3.xml
2025-06-25 15:58:29,019 INFO [org.apache.juddi.api.impl.InquiryHelper] - FindBusiness by tModelBag is enabled! Loaded from file:/C:/Users/hp/Desktop/UDDI/juddi-3.3.5_tomcat-7.0.82_9090/webapps/juddiv3/WEB-INF/classes/juddiv3.xml
2025-06-25 15:58:29,101 INFO [org.apache.juddi.api.impl.AuthenticatedService] - FindBusiness with tModel bag filtering is enabled: true loaded from file:/C:/Users/hp/Desktop/UDDI/juddi-3.3.5_tomcat-7.0.82_9090/webapps/juddiv3/WEB-INF/classes/juddiv3.xml
2025-06-25 15:58:29,103 INFO [org.apache.juddi.api.impl.InquiryHelper] - FindBusiness by tModelBag is enabled! Loaded from file:/C:/Users/hp/Desktop/UDDI/juddi-3.3.5_tomcat-7.0.82_9090/webapps/juddiv3/WEB-INF/classes/juddiv3.xml
2025-06-25 15:58:29,250 INFO [org.apache.juddi.api.impl.AuthenticatedService] - FindBusiness with tModel bag filtering is enabled: true loaded from file:/C:/Users/hp/Desktop/UDDI/juddi-3.3.5_tomcat-7.0.82_9090/webapps/juddiv3/WEB-INF/classes/juddiv3.xml
2025-06-25 15:58:29,251 INFO [org.apache.juddi.api.impl.InquiryHelper] - FindBusiness by tModelBag is enabled! Loaded from file:/C:/Users/hp/Desktop/UDDI/juddi-3.3.5_tomcat-7.0.82_9090/webapps/juddiv3/WEB-INF/classes/juddiv3.xml
2025-06-25 15:58:29,346 INFO [org.apache.juddi.api.impl.AuthenticatedService] - FindBusiness with tModel bag filtering is enabled: true loaded from file:/C:/Users/hp/Desktop/UDDI/juddi-3.3.5_tomcat-7.0.82_9090/webapps/juddiv3/WEB-INF/classes/juddiv3.xml
2025-06-25 15:58:29,347 INFO [org.apache.juddi.api.impl.InquiryHelper] - FindBusiness by tModelBag is enabled! Loaded from file:/C:/Users/hp/Desktop/UDDI/juddi-3.3.5_tomcat-7.0.82_9090/webapps/juddiv3/WEB-INF/classes/juddiv3.xml
2025-06-25 15:58:29,942 INFO [org.apache.juddi.api.impl.AuthenticatedService] - FindBusiness with tModel bag filtering is enabled: true loaded from file:/C:/Users/hp/Desktop/UDDI/juddi-3.3.5_tomcat-7.0.82_9090/webapps/juddiv3/WEB-INF/classes/juddiv3.xml
2025-06-25 15:58:29,944 INFO [org.apache.juddi.api.impl.InquiryHelper] - FindBusiness by tModelBag is enabled! Loaded from file:/C:/Users/hp/Desktop/UDDI/juddi-3.3.5_tomcat-7.0.82_9090/webapps/juddiv3/WEB-INF/classes/juddiv3.xml
2025-06-25 15:58:30,097 INFO [org.apache.juddi.api.impl.AuthenticatedService] - FindBusiness with tModel bag filtering is enabled: true loaded from file:/C:/Users/hp/Desktop/UDDI/juddi-3.3.5_tomcat-7.0.82_9090/webapps/juddiv3/WEB-INF/classes/juddiv3.xml
2025-06-25 15:58:30,099 INFO [org.apache.juddi.api.impl.InquiryHelper] - FindBusiness by tModelBag is enabled! Loaded from file:/C:/Users/hp/Desktop/UDDI/juddi-3.3.5_tomcat-7.0.82_9090/webapps/juddiv3/WEB-INF/classes/juddiv3.xml
2025-06-25 15:58:30,212 INFO [org.apache.juddi.api.impl.AuthenticatedService] - FindBusiness with tModel bag filtering is enabled: true loaded from file:/C:/Users/hp/Desktop/UDDI/juddi-3.3.5_tomcat-7.0.82_9090/webapps/juddiv3/WEB-INF/classes/juddiv3.xml
2025-06-25 15:58:30,214 INFO [org.apache.juddi.api.impl.InquiryHelper] - FindBusiness by tModelBag is enabled! Loaded from file:/C:/Users/hp/Desktop/UDDI/juddi-3.3.5_tomcat-7.0.82_9090/webapps/juddiv3/WEB-INF/classes/juddiv3.xml
2025-06-25 15:58:30,320 INFO [org.apache.juddi.api.impl.AuthenticatedService] - FindBusiness with tModel bag filtering is enabled: true loaded from file:/C:/Users/hp/Desktop/UDDI/juddi-3.3.5_tomcat-7.0.82_9090/webapps/juddiv3/WEB-INF/classes/juddiv3.xml
2025-06-25 15:58:30,325 INFO [org.apache.juddi.api.impl.InquiryHelper] - FindBusiness by tModelBag is enabled! Loaded from file:/C:/Users/hp/Desktop/UDDI/juddi-3.3.5_tomcat-7.0.82_9090/webapps/juddiv3/WEB-INF/classes/juddiv3.xml
2025-06-25 15:58:34,976 INFO [org.apache.juddi.api.impl.AuthenticatedService] - FindBusiness with tModel bag filtering is enabled: true loaded from file:/C:/Users/hp/Desktop/UDDI/juddi-3.3.5_tomcat-7.0.82_9090/webapps/juddiv3/WEB-INF/classes/juddiv3.xml
2025-06-25 15:58:34,980 INFO [org.apache.juddi.api.impl.InquiryHelper] - FindBusiness by tModelBag is enabled! Loaded from file:/C:/Users/hp/Desktop/UDDI/juddi-3.3.5_tomcat-7.0.82_9090/webapps/juddiv3/WEB-INF/classes/juddiv3.xml
2025-06-25 15:58:35,295 INFO [org.apache.juddi.api.impl.AuthenticatedService] - FindBusiness with tModel bag filtering is enabled: true loaded from file:/C:/Users/hp/Desktop/UDDI/juddi-3.3.5_tomcat-7.0.82_9090/webapps/juddiv3/WEB-INF/classes/juddiv3.xml
2025-06-25 15:58:35,298 INFO [org.apache.juddi.api.impl.InquiryHelper] - FindBusiness by tModelBag is enabled! Loaded from file:/C:/Users/hp/Desktop/UDDI/juddi-3.3.5_tomcat-7.0.82_9090/webapps/juddiv3/WEB-INF/classes/juddiv3.xml
2025-06-25 15:58:35,475 INFO [org.apache.juddi.api.impl.AuthenticatedService] - FindBusiness with tModel bag filtering is enabled: true loaded from file:/C:/Users/hp/Desktop/UDDI/juddi-3.3.5_tomcat-7.0.82_9090/webapps/juddiv3/WEB-INF/classes/juddiv3.xml
2025-06-25 15:58:35,479 INFO [org.apache.juddi.api.impl.InquiryHelper] - FindBusiness by tModelBag is enabled! Loaded from file:/C:/Users/hp/Desktop/UDDI/juddi-3.3.5_tomcat-7.0.82_9090/webapps/juddiv3/WEB-INF/classes/juddiv3.xml
2025-06-25 15:58:35,633 INFO [org.apache.juddi.api.impl.AuthenticatedService] - FindBusiness with tModel bag filtering is enabled: true loaded from file:/C:/Users/hp/Desktop/UDDI/juddi-3.3.5_tomcat-7.0.82_9090/webapps/juddiv3/WEB-INF/classes/juddiv3.xml
2025-06-25 15:58:35,635 INFO [org.apache.juddi.api.impl.InquiryHelper] - FindBusiness by tModelBag is enabled! Loaded from file:/C:/Users/hp/Desktop/UDDI/juddi-3.3.5_tomcat-7.0.82_9090/webapps/juddiv3/WEB-INF/classes/juddiv3.xml
2025-06-25 15:58:35,699 INFO [org.apache.juddi.api.impl.AuthenticatedService] - FindBusiness with tModel bag filtering is enabled: true loaded from file:/C:/Users/hp/Desktop/UDDI/juddi-3.3.5_tomcat-7.0.82_9090/webapps/juddiv3/WEB-INF/classes/juddiv3.xml
2025-06-25 15:58:35,702 INFO [org.apache.juddi.api.impl.InquiryHelper] - FindBusiness by tModelBag is enabled! Loaded from file:/C:/Users/hp/Desktop/UDDI/juddi-3.3.5_tomcat-7.0.82_9090/webapps/juddiv3/WEB-INF/classes/juddiv3.xml
2025-06-25 15:58:35,789 INFO [org.apache.juddi.api.impl.AuthenticatedService] - FindBusiness with tModel bag filtering is enabled: true loaded from file:/C:/Users/hp/Desktop/UDDI/juddi-3.3.5_tomcat-7.0.82_9090/webapps/juddiv3/WEB-INF/classes/juddiv3.xml
2025-06-25 15:58:35,793 INFO [org.apache.juddi.api.impl.InquiryHelper] - FindBusiness by tModelBag is enabled! Loaded from file:/C:/Users/hp/Desktop/UDDI/juddi-3.3.5_tomcat-7.0.82_9090/webapps/juddiv3/WEB-INF/classes/juddiv3.xml
2025-06-25 15:58:35,891 INFO [org.apache.juddi.api.impl.AuthenticatedService] - FindBusiness with tModel bag filtering is enabled: true loaded from file:/C:/Users/hp/Desktop/UDDI/juddi-3.3.5_tomcat-7.0.82_9090/webapps/juddiv3/WEB-INF/classes/juddiv3.xml
2025-06-25 15:58:35,892 INFO [org.apache.juddi.api.impl.InquiryHelper] - FindBusiness by tModelBag is enabled! Loaded from file:/C:/Users/hp/Desktop/UDDI/juddi-3.3.5_tomcat-7.0.82_9090/webapps/juddiv3/WEB-INF/classes/juddiv3.xml
2025-06-25 15:58:36,012 INFO [org.apache.juddi.api.impl.AuthenticatedService] - FindBusiness with tModel bag filtering is enabled: true loaded from file:/C:/Users/hp/Desktop/UDDI/juddi-3.3.5_tomcat-7.0.82_9090/webapps/juddiv3/WEB-INF/classes/juddiv3.xml
2025-06-25 15:58:36,015 INFO [org.apache.juddi.api.impl.InquiryHelper] - FindBusiness by tModelBag is enabled! Loaded from file:/C:/Users/hp/Desktop/UDDI/juddi-3.3.5_tomcat-7.0.82_9090/webapps/juddiv3/WEB-INF/classes/juddiv3.xml
2025-06-25 15:58:36,608 INFO [org.apache.juddi.api.impl.AuthenticatedService] - FindBusiness with tModel bag filtering is enabled: true loaded from file:/C:/Users/hp/Desktop/UDDI/juddi-3.3.5_tomcat-7.0.82_9090/webapps/juddiv3/WEB-INF/classes/juddiv3.xml
2025-06-25 15:58:36,609 INFO [org.apache.juddi.api.impl.InquiryHelper] - FindBusiness by tModelBag is enabled! Loaded from file:/C:/Users/hp/Desktop/UDDI/juddi-3.3.5_tomcat-7.0.82_9090/webapps/juddiv3/WEB-INF/classes/juddiv3.xml
2025-06-25 15:58:36,994 INFO [org.apache.juddi.api.impl.AuthenticatedService] - FindBusiness with tModel bag filtering is enabled: true loaded from file:/C:/Users/hp/Desktop/UDDI/juddi-3.3.5_tomcat-7.0.82_9090/webapps/juddiv3/WEB-INF/classes/juddiv3.xml
2025-06-25 15:58:37,260 INFO [org.apache.juddi.api.impl.InquiryHelper] - FindBusiness by tModelBag is enabled! Loaded from file:/C:/Users/hp/Desktop/UDDI/juddi-3.3.5_tomcat-7.0.82_9090/webapps/juddiv3/WEB-INF/classes/juddiv3.xml
2025-06-25 15:59:52,250 INFO [org.apache.juddi.api.impl.AuthenticatedService] - FindBusiness with tModel bag filtering is enabled: true loaded from file:/C:/Users/hp/Desktop/UDDI/juddi-3.3.5_tomcat-7.0.82_9090/webapps/juddiv3/WEB-INF/classes/juddiv3.xml
2025-06-25 15:59:52,256 INFO [org.apache.juddi.api.impl.InquiryHelper] - FindBusiness by tModelBag is enabled! Loaded from file:/C:/Users/hp/Desktop/UDDI/juddi-3.3.5_tomcat-7.0.82_9090/webapps/juddiv3/WEB-INF/classes/juddiv3.xml
2025-06-25 16:00:24,848 INFO [org.apache.juddi.api.impl.AuthenticatedService] - FindBusiness with tModel bag filtering is enabled: true loaded from file:/C:/Users/hp/Desktop/UDDI/juddi-3.3.5_tomcat-7.0.82_9090/webapps/juddiv3/WEB-INF/classes/juddiv3.xml
2025-06-25 16:00:24,848 INFO [org.apache.juddi.api.impl.InquiryHelper] - FindBusiness by tModelBag is enabled! Loaded from file:/C:/Users/hp/Desktop/UDDI/juddi-3.3.5_tomcat-7.0.82_9090/webapps/juddiv3/WEB-INF/classes/juddiv3.xml
2025-06-25 16:00:25,206 INFO [org.apache.juddi.api.impl.AuthenticatedService] - AUDIT: AuthToken request for username from 127.0.0.1
2025-06-25 16:00:25,206 WARN [org.apache.juddi.v3.auth.JUDDIAuthenticator] - DO NOT USE JUDDI AUTHENTICATOR FOR PRODUCTION SYSTEMS - DOES NOT VALIDATE PASSWORDS, AT ALL!
2025-06-25 16:00:25,222 INFO [org.apache.juddi.api.impl.AuthenticatedService] - AUDIT: AuthToken issued for username from 127.0.0.1
2025-06-25 16:00:25,862 WARN [org.apache.juddi.validation.ValidatePublish] - Hey, you should consider encrypting your trust store password!
2025-06-25 16:00:26,207 INFO [org.apache.juddi.replication.ReplicationNotifier] - Replication, Notifying nodes of new change records. 2 queued
2025-06-25 16:00:26,208 INFO [org.apache.juddi.replication.ReplicationNotifier] - CR saved locally, it was from uddi:juddi.apache.org:node1 USN:165 Type:ChangeRecordDelete Key:uddi:juddi.apache.org:0582e566-211f-403e-9364-d39fa2eac727 Local id:165
2025-06-25 16:00:26,223 INFO [org.apache.juddi.subscription.SubscriptionNotifier] - Start Notification background task; checking if subscription notifications need to be send out..
2025-06-25 16:00:26,223 INFO [org.apache.juddi.subscription.SubscriptionNotifier] - Notification background task took 0 milliseconds.
2025-06-25 16:00:26,245 INFO [org.apache.juddi.replication.ReplicationNotifier] - CR saved locally, it was from uddi:juddi.apache.org:node1 USN:166 Type:ChangeRecordNewData Key:uddi:juddi.apache.org:f8d2269a-bd09-4c93-9d34-79a8fd799d6f Local id:166
2025-06-25 16:01:14,086 INFO [org.apache.juddi.api.impl.AuthenticatedService] - FindBusiness with tModel bag filtering is enabled: true loaded from file:/C:/Users/hp/Desktop/UDDI/juddi-3.3.5_tomcat-7.0.82_9090/webapps/juddiv3/WEB-INF/classes/juddiv3.xml
2025-06-25 16:01:14,094 INFO [org.apache.juddi.api.impl.InquiryHelper] - FindBusiness by tModelBag is enabled! Loaded from file:/C:/Users/hp/Desktop/UDDI/juddi-3.3.5_tomcat-7.0.82_9090/webapps/juddiv3/WEB-INF/classes/juddiv3.xml
2025-06-25 16:01:14,243 INFO [org.apache.juddi.api.impl.AuthenticatedService] - FindBusiness with tModel bag filtering is enabled: true loaded from file:/C:/Users/hp/Desktop/UDDI/juddi-3.3.5_tomcat-7.0.82_9090/webapps/juddiv3/WEB-INF/classes/juddiv3.xml
2025-06-25 16:01:14,245 INFO [org.apache.juddi.api.impl.InquiryHelper] - FindBusiness by tModelBag is enabled! Loaded from file:/C:/Users/hp/Desktop/UDDI/juddi-3.3.5_tomcat-7.0.82_9090/webapps/juddiv3/WEB-INF/classes/juddiv3.xml
2025-06-25 16:01:14,352 INFO [org.apache.juddi.api.impl.AuthenticatedService] - FindBusiness with tModel bag filtering is enabled: true loaded from file:/C:/Users/hp/Desktop/UDDI/juddi-3.3.5_tomcat-7.0.82_9090/webapps/juddiv3/WEB-INF/classes/juddiv3.xml
2025-06-25 16:01:14,353 INFO [org.apache.juddi.api.impl.InquiryHelper] - FindBusiness by tModelBag is enabled! Loaded from file:/C:/Users/hp/Desktop/UDDI/juddi-3.3.5_tomcat-7.0.82_9090/webapps/juddiv3/WEB-INF/classes/juddiv3.xml
2025-06-25 16:01:14,443 INFO [org.apache.juddi.api.impl.AuthenticatedService] - FindBusiness with tModel bag filtering is enabled: true loaded from file:/C:/Users/hp/Desktop/UDDI/juddi-3.3.5_tomcat-7.0.82_9090/webapps/juddiv3/WEB-INF/classes/juddiv3.xml
2025-06-25 16:01:14,443 INFO [org.apache.juddi.api.impl.InquiryHelper] - FindBusiness by tModelBag is enabled! Loaded from file:/C:/Users/hp/Desktop/UDDI/juddi-3.3.5_tomcat-7.0.82_9090/webapps/juddiv3/WEB-INF/classes/juddiv3.xml
2025-06-25 16:01:14,530 INFO [org.apache.juddi.api.impl.AuthenticatedService] - FindBusiness with tModel bag filtering is enabled: true loaded from file:/C:/Users/hp/Desktop/UDDI/juddi-3.3.5_tomcat-7.0.82_9090/webapps/juddiv3/WEB-INF/classes/juddiv3.xml
2025-06-25 16:01:14,530 INFO [org.apache.juddi.api.impl.InquiryHelper] - FindBusiness by tModelBag is enabled! Loaded from file:/C:/Users/hp/Desktop/UDDI/juddi-3.3.5_tomcat-7.0.82_9090/webapps/juddiv3/WEB-INF/classes/juddiv3.xml
2025-06-25 16:01:14,756 INFO [org.apache.juddi.api.impl.AuthenticatedService] - FindBusiness with tModel bag filtering is enabled: true loaded from file:/C:/Users/hp/Desktop/UDDI/juddi-3.3.5_tomcat-7.0.82_9090/webapps/juddiv3/WEB-INF/classes/juddiv3.xml
2025-06-25 16:01:14,758 INFO [org.apache.juddi.api.impl.InquiryHelper] - FindBusiness by tModelBag is enabled! Loaded from file:/C:/Users/hp/Desktop/UDDI/juddi-3.3.5_tomcat-7.0.82_9090/webapps/juddiv3/WEB-INF/classes/juddiv3.xml
2025-06-25 16:01:15,001 INFO [org.apache.juddi.api.impl.AuthenticatedService] - FindBusiness with tModel bag filtering is enabled: true loaded from file:/C:/Users/hp/Desktop/UDDI/juddi-3.3.5_tomcat-7.0.82_9090/webapps/juddiv3/WEB-INF/classes/juddiv3.xml
2025-06-25 16:01:15,006 INFO [org.apache.juddi.api.impl.InquiryHelper] - FindBusiness by tModelBag is enabled! Loaded from file:/C:/Users/hp/Desktop/UDDI/juddi-3.3.5_tomcat-7.0.82_9090/webapps/juddiv3/WEB-INF/classes/juddiv3.xml
2025-06-25 16:01:15,436 INFO [org.apache.juddi.api.impl.AuthenticatedService] - FindBusiness with tModel bag filtering is enabled: true loaded from file:/C:/Users/hp/Desktop/UDDI/juddi-3.3.5_tomcat-7.0.82_9090/webapps/juddiv3/WEB-INF/classes/juddiv3.xml
2025-06-25 16:01:15,437 INFO [org.apache.juddi.api.impl.InquiryHelper] - FindBusiness by tModelBag is enabled! Loaded from file:/C:/Users/hp/Desktop/UDDI/juddi-3.3.5_tomcat-7.0.82_9090/webapps/juddiv3/WEB-INF/classes/juddiv3.xml
2025-06-25 16:01:15,577 INFO [org.apache.juddi.api.impl.AuthenticatedService] - FindBusiness with tModel bag filtering is enabled: true loaded from file:/C:/Users/hp/Desktop/UDDI/juddi-3.3.5_tomcat-7.0.82_9090/webapps/juddiv3/WEB-INF/classes/juddiv3.xml
2025-06-25 16:01:15,579 INFO [org.apache.juddi.api.impl.InquiryHelper] - FindBusiness by tModelBag is enabled! Loaded from file:/C:/Users/hp/Desktop/UDDI/juddi-3.3.5_tomcat-7.0.82_9090/webapps/juddiv3/WEB-INF/classes/juddiv3.xml
2025-06-25 16:01:15,681 INFO [org.apache.juddi.api.impl.AuthenticatedService] - FindBusiness with tModel bag filtering is enabled: true loaded from file:/C:/Users/hp/Desktop/UDDI/juddi-3.3.5_tomcat-7.0.82_9090/webapps/juddiv3/WEB-INF/classes/juddiv3.xml
2025-06-25 16:01:15,681 INFO [org.apache.juddi.api.impl.InquiryHelper] - FindBusiness by tModelBag is enabled! Loaded from file:/C:/Users/hp/Desktop/UDDI/juddi-3.3.5_tomcat-7.0.82_9090/webapps/juddiv3/WEB-INF/classes/juddiv3.xml
2025-06-25 16:01:19,740 INFO [org.apache.juddi.api.impl.AuthenticatedService] - FindBusiness with tModel bag filtering is enabled: true loaded from file:/C:/Users/hp/Desktop/UDDI/juddi-3.3.5_tomcat-7.0.82_9090/webapps/juddiv3/WEB-INF/classes/juddiv3.xml
2025-06-25 16:01:19,740 INFO [org.apache.juddi.api.impl.InquiryHelper] - FindBusiness by tModelBag is enabled! Loaded from file:/C:/Users/hp/Desktop/UDDI/juddi-3.3.5_tomcat-7.0.82_9090/webapps/juddiv3/WEB-INF/classes/juddiv3.xml
2025-06-25 16:01:19,841 INFO [org.apache.juddi.api.impl.AuthenticatedService] - FindBusiness with tModel bag filtering is enabled: true loaded from file:/C:/Users/hp/Desktop/UDDI/juddi-3.3.5_tomcat-7.0.82_9090/webapps/juddiv3/WEB-INF/classes/juddiv3.xml
2025-06-25 16:01:19,841 INFO [org.apache.juddi.api.impl.InquiryHelper] - FindBusiness by tModelBag is enabled! Loaded from file:/C:/Users/hp/Desktop/UDDI/juddi-3.3.5_tomcat-7.0.82_9090/webapps/juddiv3/WEB-INF/classes/juddiv3.xml
2025-06-25 16:01:19,917 INFO [org.apache.juddi.api.impl.AuthenticatedService] - FindBusiness with tModel bag filtering is enabled: true loaded from file:/C:/Users/hp/Desktop/UDDI/juddi-3.3.5_tomcat-7.0.82_9090/webapps/juddiv3/WEB-INF/classes/juddiv3.xml
2025-06-25 16:01:19,917 INFO [org.apache.juddi.api.impl.InquiryHelper] - FindBusiness by tModelBag is enabled! Loaded from file:/C:/Users/hp/Desktop/UDDI/juddi-3.3.5_tomcat-7.0.82_9090/webapps/juddiv3/WEB-INF/classes/juddiv3.xml
2025-06-25 16:01:20,007 INFO [org.apache.juddi.api.impl.AuthenticatedService] - FindBusiness with tModel bag filtering is enabled: true loaded from file:/C:/Users/hp/Desktop/UDDI/juddi-3.3.5_tomcat-7.0.82_9090/webapps/juddiv3/WEB-INF/classes/juddiv3.xml
2025-06-25 16:01:20,007 INFO [org.apache.juddi.api.impl.InquiryHelper] - FindBusiness by tModelBag is enabled! Loaded from file:/C:/Users/hp/Desktop/UDDI/juddi-3.3.5_tomcat-7.0.82_9090/webapps/juddiv3/WEB-INF/classes/juddiv3.xml
2025-06-25 16:01:20,092 INFO [org.apache.juddi.api.impl.AuthenticatedService] - FindBusiness with tModel bag filtering is enabled: true loaded from file:/C:/Users/hp/Desktop/UDDI/juddi-3.3.5_tomcat-7.0.82_9090/webapps/juddiv3/WEB-INF/classes/juddiv3.xml
2025-06-25 16:01:20,101 INFO [org.apache.juddi.api.impl.InquiryHelper] - FindBusiness by tModelBag is enabled! Loaded from file:/C:/Users/hp/Desktop/UDDI/juddi-3.3.5_tomcat-7.0.82_9090/webapps/juddiv3/WEB-INF/classes/juddiv3.xml
2025-06-25 16:01:20,195 INFO [org.apache.juddi.api.impl.AuthenticatedService] - FindBusiness with tModel bag filtering is enabled: true loaded from file:/C:/Users/hp/Desktop/UDDI/juddi-3.3.5_tomcat-7.0.82_9090/webapps/juddiv3/WEB-INF/classes/juddiv3.xml
2025-06-25 16:01:20,197 INFO [org.apache.juddi.api.impl.InquiryHelper] - FindBusiness by tModelBag is enabled! Loaded from file:/C:/Users/hp/Desktop/UDDI/juddi-3.3.5_tomcat-7.0.82_9090/webapps/juddiv3/WEB-INF/classes/juddiv3.xml
2025-06-25 16:01:20,290 INFO [org.apache.juddi.api.impl.AuthenticatedService] - FindBusiness with tModel bag filtering is enabled: true loaded from file:/C:/Users/hp/Desktop/UDDI/juddi-3.3.5_tomcat-7.0.82_9090/webapps/juddiv3/WEB-INF/classes/juddiv3.xml
2025-06-25 16:01:20,291 INFO [org.apache.juddi.api.impl.InquiryHelper] - FindBusiness by tModelBag is enabled! Loaded from file:/C:/Users/hp/Desktop/UDDI/juddi-3.3.5_tomcat-7.0.82_9090/webapps/juddiv3/WEB-INF/classes/juddiv3.xml
2025-06-25 16:01:20,393 INFO [org.apache.juddi.api.impl.AuthenticatedService] - FindBusiness with tModel bag filtering is enabled: true loaded from file:/C:/Users/hp/Desktop/UDDI/juddi-3.3.5_tomcat-7.0.82_9090/webapps/juddiv3/WEB-INF/classes/juddiv3.xml
2025-06-25 16:01:20,393 INFO [org.apache.juddi.api.impl.InquiryHelper] - FindBusiness by tModelBag is enabled! Loaded from file:/C:/Users/hp/Desktop/UDDI/juddi-3.3.5_tomcat-7.0.82_9090/webapps/juddiv3/WEB-INF/classes/juddiv3.xml
2025-06-25 16:01:20,499 INFO [org.apache.juddi.api.impl.AuthenticatedService] - FindBusiness with tModel bag filtering is enabled: true loaded from file:/C:/Users/hp/Desktop/UDDI/juddi-3.3.5_tomcat-7.0.82_9090/webapps/juddiv3/WEB-INF/classes/juddiv3.xml
2025-06-25 16:01:20,507 INFO [org.apache.juddi.api.impl.InquiryHelper] - FindBusiness by tModelBag is enabled! Loaded from file:/C:/Users/hp/Desktop/UDDI/juddi-3.3.5_tomcat-7.0.82_9090/webapps/juddiv3/WEB-INF/classes/juddiv3.xml
2025-06-25 16:01:20,603 INFO [org.apache.juddi.api.impl.AuthenticatedService] - FindBusiness with tModel bag filtering is enabled: true loaded from file:/C:/Users/hp/Desktop/UDDI/juddi-3.3.5_tomcat-7.0.82_9090/webapps/juddiv3/WEB-INF/classes/juddiv3.xml
2025-06-25 16:01:20,611 INFO [org.apache.juddi.api.impl.InquiryHelper] - FindBusiness by tModelBag is enabled! Loaded from file:/C:/Users/hp/Desktop/UDDI/juddi-3.3.5_tomcat-7.0.82_9090/webapps/juddiv3/WEB-INF/classes/juddiv3.xml
2025-06-26 12:50:58,020 INFO [org.springframework.web.context.ContextLoader] - Root WebApplicationContext: initialization started
2025-06-26 12:50:58,256 INFO [org.springframework.web.context.support.XmlWebApplicationContext] - Refreshing Root WebApplicationContext: startup date [Thu Jun 26 12:50:58 WAT 2025]; root of context hierarchy
2025-06-26 12:50:58,463 INFO [org.springframework.beans.factory.xml.XmlBeanDefinitionReader] - Loading XML bean definitions from ServletContext resource [/WEB-INF/beans.xml]
2025-06-26 12:50:59,954 INFO [org.springframework.beans.factory.xml.XmlBeanDefinitionReader] - Loading XML bean definitions from class path resource [META-INF/cxf/cxf.xml]
2025-06-26 12:51:00,185 INFO [org.springframework.beans.factory.xml.XmlBeanDefinitionReader] - Loading XML bean definitions from class path resource [META-INF/cxf/cxf-extension-soap.xml]
2025-06-26 12:51:00,331 INFO [org.springframework.beans.factory.xml.XmlBeanDefinitionReader] - Loading XML bean definitions from class path resource [META-INF/cxf/cxf-servlet.xml]
2025-06-26 12:51:01,093 INFO [org.springframework.beans.factory.support.DefaultListableBeanFactory] - Pre-instantiating singletons in org.springframework.beans.factory.support.DefaultListableBeanFactory@1ecfe57c: defining beans [cxf,org.apache.cxf.bus.spring.BusWiringBeanFactoryPostProcessor,org.apache.cxf.bus.spring.Jsr250BeanPostProcessor,org.apache.cxf.bus.spring.BusExtensionPostProcessor,org.apache.cxf.binding.soap.SoapBindingFactory,org.apache.cxf.binding.soap.SoapTransportFactory,org.apache.cxf.binding.soap.customEditorConfigurer,inquiry,publish,security,subscription,subscription-listener,custody-transfer,valueset-validation,valueset-caching,inquiryv2,publishv2,juddi-api,jsonNamespaceMap,inquiryRestService,inquiryRest,jsonProvider,jaxbProvider]; root of factory hierarchy
2025-06-26 12:51:01,526 INFO [org.apache.juddi.config.AppConfig] - Reading from jUDDI config file from:  file:/C:/Users/hp/Desktop/UDDI/juddi-3.3.5_tomcat-7.0.82_9090/webapps/juddiv3/WEB-INF/classes/juddiv3.xml
2025-06-26 12:51:07,549 INFO [org.apache.juddi.config.Install] - Checking if jUDDI is seeded by searching for root publisher root
2025-06-26 12:51:08,634 INFO [org.apache.juddi.api.impl.UDDIServiceCounter] - Found MBean server
2025-06-26 12:51:11,635 INFO [org.apache.juddi.api.impl.UDDIServiceCounter] - Found MBean server
2025-06-26 12:51:12,020 INFO [org.apache.juddi.api.impl.UDDIServiceCounter] - Found MBean server
2025-06-26 12:51:12,396 INFO [org.apache.juddi.api.impl.UDDIServiceCounter] - Found MBean server
2025-06-26 12:51:13,548 INFO [org.apache.juddi.api.impl.UDDIServiceCounter] - Found MBean server
2025-06-26 12:51:13,808 INFO [org.apache.juddi.api.impl.UDDIServiceCounter] - Found MBean server
2025-06-26 12:51:14,064 INFO [org.apache.juddi.api.impl.UDDIServiceCounter] - Found MBean server
2025-06-26 12:51:14,280 WARN [org.apache.juddi.api.impl.UDDIv2InquiryImpl] - This implementation of UDDIv2 Inquire service org.apache.juddi.api.impl.UDDIv2InquiryImpl is considered BETA. Please report any issues to https://issues.apache.org/jira/browse/JUDDI
2025-06-26 12:51:14,628 WARN [org.apache.juddi.api.impl.UDDIv2PublishImpl] - This implementation of UDDIv2 Publish service org.apache.juddi.api.impl.UDDIv2PublishImpl is considered BETA. Please report any issues to https://issues.apache.org/jira/browse/JUDDI
2025-06-26 12:51:14,807 INFO [org.apache.juddi.api.impl.UDDIServiceCounter] - Found MBean server
2025-06-26 12:51:16,621 INFO [org.springframework.web.context.ContextLoader] - Root WebApplicationContext: initialization completed in 18601 ms
2025-06-26 12:51:16,694 INFO [org.apache.juddi.Registry] - Starting jUDDI registry...This is node uddi:juddi.apache.org:node1
2025-06-26 12:51:16,944 INFO [org.apache.juddi.config.AppConfig] - Reading from jUDDI config file from:  file:/C:/Users/hp/Desktop/UDDI/juddi-3.3.5_tomcat-7.0.82_9090/webapps/juddiv3/WEB-INF/classes/juddiv3.xml
2025-06-26 12:51:16,944 INFO [org.apache.juddi.config.Install] - Checking if jUDDI is seeded by searching for root publisher root
2025-06-26 12:51:17,012 INFO [org.apache.juddi.Registry] - jUDDI registry started successfully.
2025-06-26 12:51:24,778 INFO [org.springframework.web.context.ContextLoader] - Root WebApplicationContext: initialization started
2025-06-26 12:51:25,661 INFO [org.springframework.web.context.support.XmlWebApplicationContext] - Refreshing Root WebApplicationContext: startup date [Thu Jun 26 12:51:25 WAT 2025]; root of context hierarchy
2025-06-26 12:51:26,323 INFO [org.springframework.beans.factory.xml.XmlBeanDefinitionReader] - Loading XML bean definitions from ServletContext resource [/WEB-INF/beans.xml]
2025-06-26 12:51:26,637 INFO [org.springframework.beans.factory.xml.XmlBeanDefinitionReader] - Loading XML bean definitions from class path resource [META-INF/cxf/cxf.xml]
2025-06-26 12:51:26,772 INFO [org.springframework.beans.factory.xml.XmlBeanDefinitionReader] - Loading XML bean definitions from class path resource [META-INF/cxf/cxf-extension-soap.xml]
2025-06-26 12:51:26,872 INFO [org.springframework.beans.factory.xml.XmlBeanDefinitionReader] - Loading XML bean definitions from class path resource [META-INF/cxf/cxf-servlet.xml]
2025-06-26 12:51:28,363 INFO [org.springframework.beans.factory.support.DefaultListableBeanFactory] - Pre-instantiating singletons in org.springframework.beans.factory.support.DefaultListableBeanFactory@220dea29: defining beans [cxf,org.apache.cxf.bus.spring.BusWiringBeanFactoryPostProcessor,org.apache.cxf.bus.spring.Jsr250BeanPostProcessor,org.apache.cxf.bus.spring.BusExtensionPostProcessor,org.apache.cxf.binding.soap.SoapBindingFactory,org.apache.cxf.binding.soap.SoapTransportFactory,org.apache.cxf.binding.soap.customEditorConfigurer,replication]; root of factory hierarchy
2025-06-26 12:51:30,427 INFO [org.apache.juddi.config.AppConfig] - Reading from jUDDI config file from:  file:/C:/Users/hp/Desktop/UDDI/juddi-3.3.5_tomcat-7.0.82_9090/webapps/juddiv3replication/WEB-INF/classes/juddiv3.xml
2025-06-26 12:51:34,891 INFO [org.apache.juddi.config.Install] - Checking if jUDDI is seeded by searching for root publisher root
2025-06-26 12:51:35,943 INFO [org.apache.juddi.api.impl.UDDIServiceCounter] - Found MBean server
2025-06-26 12:51:35,969 INFO [org.apache.juddi.api.impl.UDDIServiceCounter] - Found MBean server
2025-06-26 12:51:39,903 INFO [org.springframework.web.context.ContextLoader] - Root WebApplicationContext: initialization completed in 15125 ms
2025-06-26 12:51:39,956 INFO [org.apache.juddi.Registry] - Starting jUDDI registry...This is node uddi:juddi.apache.org:node1
2025-06-26 12:51:40,539 INFO [org.apache.juddi.config.AppConfig] - Reading from jUDDI config file from:  file:/C:/Users/hp/Desktop/UDDI/juddi-3.3.5_tomcat-7.0.82_9090/webapps/juddiv3replication/WEB-INF/classes/juddiv3.xml
2025-06-26 12:51:40,539 INFO [org.apache.juddi.config.Install] - Checking if jUDDI is seeded by searching for root publisher root
2025-06-26 12:51:40,598 INFO [org.apache.juddi.api.impl.UDDIServiceCounter] - Found MBean server
2025-06-26 12:51:40,598 INFO [org.apache.juddi.Registry] - jUDDI registry started successfully.
2025-06-26 12:51:44,263 INFO [org.apache.juddi.Registry] - Stopping jUDDI registry...
2025-06-26 12:51:44,263 INFO [org.apache.juddi.Registry] - Shutting down SubscriptionNotifier
2025-06-26 12:51:44,266 INFO [org.apache.juddi.Registry] - jUDDI shutdown completed.
2025-06-26 12:51:44,272 INFO [org.springframework.web.context.support.XmlWebApplicationContext] - Closing Root WebApplicationContext: startup date [Thu Jun 26 12:51:25 WAT 2025]; root of context hierarchy
2025-06-26 12:51:44,274 INFO [org.springframework.beans.factory.support.DefaultListableBeanFactory] - Destroying singletons in org.springframework.beans.factory.support.DefaultListableBeanFactory@220dea29: defining beans [cxf,org.apache.cxf.bus.spring.BusWiringBeanFactoryPostProcessor,org.apache.cxf.bus.spring.Jsr250BeanPostProcessor,org.apache.cxf.bus.spring.BusExtensionPostProcessor,org.apache.cxf.binding.soap.SoapBindingFactory,org.apache.cxf.binding.soap.SoapTransportFactory,org.apache.cxf.binding.soap.customEditorConfigurer,replication]; root of factory hierarchy
2025-06-26 12:51:44,346 INFO [org.apache.juddi.Registry] - Stopping jUDDI registry...
2025-06-26 12:51:44,346 INFO [org.apache.juddi.Registry] - Shutting down SubscriptionNotifier
2025-06-26 12:51:44,347 INFO [org.apache.juddi.Registry] - jUDDI shutdown completed.
2025-06-26 12:51:44,367 INFO [org.springframework.web.context.support.XmlWebApplicationContext] - Closing Root WebApplicationContext: startup date [Thu Jun 26 12:50:58 WAT 2025]; root of context hierarchy
2025-06-26 12:51:44,370 INFO [org.springframework.beans.factory.support.DefaultListableBeanFactory] - Destroying singletons in org.springframework.beans.factory.support.DefaultListableBeanFactory@1ecfe57c: defining beans [cxf,org.apache.cxf.bus.spring.BusWiringBeanFactoryPostProcessor,org.apache.cxf.bus.spring.Jsr250BeanPostProcessor,org.apache.cxf.bus.spring.BusExtensionPostProcessor,org.apache.cxf.binding.soap.SoapBindingFactory,org.apache.cxf.binding.soap.SoapTransportFactory,org.apache.cxf.binding.soap.customEditorConfigurer,inquiry,publish,security,subscription,subscription-listener,custody-transfer,valueset-validation,valueset-caching,inquiryv2,publishv2,juddi-api,jsonNamespaceMap,inquiryRestService,inquiryRest,jsonProvider,jaxbProvider]; root of factory hierarchy
2025-06-26 12:52:34,268 INFO [org.springframework.web.context.ContextLoader] - Root WebApplicationContext: initialization started
2025-06-26 12:52:34,550 INFO [org.springframework.web.context.support.XmlWebApplicationContext] - Refreshing Root WebApplicationContext: startup date [Thu Jun 26 12:52:34 WAT 2025]; root of context hierarchy
2025-06-26 12:52:34,744 INFO [org.springframework.beans.factory.xml.XmlBeanDefinitionReader] - Loading XML bean definitions from ServletContext resource [/WEB-INF/beans.xml]
2025-06-26 12:52:35,939 INFO [org.springframework.beans.factory.xml.XmlBeanDefinitionReader] - Loading XML bean definitions from class path resource [META-INF/cxf/cxf.xml]
2025-06-26 12:52:36,058 INFO [org.springframework.beans.factory.xml.XmlBeanDefinitionReader] - Loading XML bean definitions from class path resource [META-INF/cxf/cxf-extension-soap.xml]
2025-06-26 12:52:36,149 INFO [org.springframework.beans.factory.xml.XmlBeanDefinitionReader] - Loading XML bean definitions from class path resource [META-INF/cxf/cxf-servlet.xml]
2025-06-26 12:52:36,833 INFO [org.springframework.beans.factory.support.DefaultListableBeanFactory] - Pre-instantiating singletons in org.springframework.beans.factory.support.DefaultListableBeanFactory@11a7ac6d: defining beans [cxf,org.apache.cxf.bus.spring.BusWiringBeanFactoryPostProcessor,org.apache.cxf.bus.spring.Jsr250BeanPostProcessor,org.apache.cxf.bus.spring.BusExtensionPostProcessor,org.apache.cxf.binding.soap.SoapBindingFactory,org.apache.cxf.binding.soap.SoapTransportFactory,org.apache.cxf.binding.soap.customEditorConfigurer,inquiry,publish,security,subscription,subscription-listener,custody-transfer,valueset-validation,valueset-caching,inquiryv2,publishv2,juddi-api,jsonNamespaceMap,inquiryRestService,inquiryRest,jsonProvider,jaxbProvider]; root of factory hierarchy
2025-06-26 12:52:37,839 INFO [org.apache.juddi.config.AppConfig] - Reading from jUDDI config file from:  file:/C:/Users/hp/Desktop/UDDI/juddi-3.3.5_tomcat-7.0.82_9090/webapps/juddiv3/WEB-INF/classes/juddiv3.xml
2025-06-26 12:52:50,787 INFO [org.apache.juddi.config.Install] - Checking if jUDDI is seeded by searching for root publisher root
2025-06-26 12:52:53,327 INFO [org.apache.juddi.api.impl.UDDIServiceCounter] - Found MBean server
2025-06-26 12:52:57,381 INFO [org.apache.juddi.api.impl.UDDIServiceCounter] - Found MBean server
2025-06-26 12:52:58,068 INFO [org.apache.juddi.api.impl.UDDIServiceCounter] - Found MBean server
2025-06-26 12:52:58,960 INFO [org.apache.juddi.api.impl.UDDIServiceCounter] - Found MBean server
2025-06-26 12:52:59,730 INFO [org.apache.juddi.api.impl.UDDIServiceCounter] - Found MBean server
2025-06-26 12:53:00,196 INFO [org.apache.juddi.api.impl.UDDIServiceCounter] - Found MBean server
2025-06-26 12:53:00,832 INFO [org.apache.juddi.api.impl.UDDIServiceCounter] - Found MBean server
2025-06-26 12:53:01,278 WARN [org.apache.juddi.api.impl.UDDIv2InquiryImpl] - This implementation of UDDIv2 Inquire service org.apache.juddi.api.impl.UDDIv2InquiryImpl is considered BETA. Please report any issues to https://issues.apache.org/jira/browse/JUDDI
2025-06-26 12:53:02,175 WARN [org.apache.juddi.api.impl.UDDIv2PublishImpl] - This implementation of UDDIv2 Publish service org.apache.juddi.api.impl.UDDIv2PublishImpl is considered BETA. Please report any issues to https://issues.apache.org/jira/browse/JUDDI
2025-06-26 12:53:02,525 INFO [org.apache.juddi.api.impl.UDDIServiceCounter] - Found MBean server
2025-06-26 12:53:05,072 INFO [org.springframework.web.context.ContextLoader] - Root WebApplicationContext: initialization completed in 30796 ms
2025-06-26 12:53:05,629 INFO [org.apache.juddi.Registry] - Starting jUDDI registry...This is node uddi:juddi.apache.org:node1
2025-06-26 12:53:06,099 INFO [org.apache.juddi.config.AppConfig] - Reading from jUDDI config file from:  file:/C:/Users/hp/Desktop/UDDI/juddi-3.3.5_tomcat-7.0.82_9090/webapps/juddiv3/WEB-INF/classes/juddiv3.xml
2025-06-26 12:53:06,101 INFO [org.apache.juddi.config.Install] - Checking if jUDDI is seeded by searching for root publisher root
2025-06-26 12:53:06,145 INFO [org.apache.juddi.Registry] - jUDDI registry started successfully.
2025-06-26 12:53:17,783 INFO [org.springframework.web.context.ContextLoader] - Root WebApplicationContext: initialization started
2025-06-26 12:53:17,923 INFO [org.springframework.web.context.support.XmlWebApplicationContext] - Refreshing Root WebApplicationContext: startup date [Thu Jun 26 12:53:17 WAT 2025]; root of context hierarchy
2025-06-26 12:53:18,019 INFO [org.springframework.beans.factory.xml.XmlBeanDefinitionReader] - Loading XML bean definitions from ServletContext resource [/WEB-INF/beans.xml]
2025-06-26 12:53:18,115 INFO [org.springframework.beans.factory.xml.XmlBeanDefinitionReader] - Loading XML bean definitions from class path resource [META-INF/cxf/cxf.xml]
2025-06-26 12:53:18,159 INFO [org.springframework.beans.factory.xml.XmlBeanDefinitionReader] - Loading XML bean definitions from class path resource [META-INF/cxf/cxf-extension-soap.xml]
2025-06-26 12:53:18,183 INFO [org.springframework.beans.factory.xml.XmlBeanDefinitionReader] - Loading XML bean definitions from class path resource [META-INF/cxf/cxf-servlet.xml]
2025-06-26 12:53:18,526 INFO [org.springframework.beans.factory.support.DefaultListableBeanFactory] - Pre-instantiating singletons in org.springframework.beans.factory.support.DefaultListableBeanFactory@67fb9c04: defining beans [cxf,org.apache.cxf.bus.spring.BusWiringBeanFactoryPostProcessor,org.apache.cxf.bus.spring.Jsr250BeanPostProcessor,org.apache.cxf.bus.spring.BusExtensionPostProcessor,org.apache.cxf.binding.soap.SoapBindingFactory,org.apache.cxf.binding.soap.SoapTransportFactory,org.apache.cxf.binding.soap.customEditorConfigurer,replication]; root of factory hierarchy
2025-06-26 12:53:18,886 INFO [org.apache.juddi.config.AppConfig] - Reading from jUDDI config file from:  file:/C:/Users/hp/Desktop/UDDI/juddi-3.3.5_tomcat-7.0.82_9090/webapps/juddiv3replication/WEB-INF/classes/juddiv3.xml
2025-06-26 12:53:23,003 INFO [org.apache.juddi.config.Install] - Checking if jUDDI is seeded by searching for root publisher root
2025-06-26 12:53:24,090 INFO [org.apache.juddi.api.impl.UDDIServiceCounter] - Found MBean server
2025-06-26 12:53:24,101 INFO [org.apache.juddi.api.impl.UDDIServiceCounter] - Found MBean server
2025-06-26 12:53:28,889 INFO [org.springframework.web.context.ContextLoader] - Root WebApplicationContext: initialization completed in 11106 ms
2025-06-26 12:53:28,958 INFO [org.apache.juddi.Registry] - Starting jUDDI registry...This is node uddi:juddi.apache.org:node1
2025-06-26 12:53:29,632 INFO [org.apache.juddi.config.AppConfig] - Reading from jUDDI config file from:  file:/C:/Users/hp/Desktop/UDDI/juddi-3.3.5_tomcat-7.0.82_9090/webapps/juddiv3replication/WEB-INF/classes/juddiv3.xml
2025-06-26 12:53:29,634 INFO [org.apache.juddi.config.Install] - Checking if jUDDI is seeded by searching for root publisher root
2025-06-26 12:53:29,689 INFO [org.apache.juddi.api.impl.UDDIServiceCounter] - Found MBean server
2025-06-26 12:53:29,690 INFO [org.apache.juddi.Registry] - jUDDI registry started successfully.
2025-06-26 12:56:05,713 INFO [org.apache.juddi.api.impl.AuthenticatedService] - FindBusiness with tModel bag filtering is enabled: true loaded from file:/C:/Users/hp/Desktop/UDDI/juddi-3.3.5_tomcat-7.0.82_9090/webapps/juddiv3/WEB-INF/classes/juddiv3.xml
2025-06-26 12:56:06,026 INFO [org.apache.juddi.api.impl.InquiryHelper] - FindBusiness by tModelBag is enabled! Loaded from file:/C:/Users/hp/Desktop/UDDI/juddi-3.3.5_tomcat-7.0.82_9090/webapps/juddiv3/WEB-INF/classes/juddiv3.xml
2025-06-26 12:56:07,137 INFO [org.apache.juddi.api.impl.AuthenticatedService] - AUDIT: AuthToken request for username from 127.0.0.1
2025-06-26 12:56:07,318 WARN [org.apache.juddi.v3.auth.JUDDIAuthenticator] - DO NOT USE JUDDI AUTHENTICATOR FOR PRODUCTION SYSTEMS - DOES NOT VALIDATE PASSWORDS, AT ALL!
2025-06-26 12:56:09,332 INFO [org.apache.juddi.api.impl.AuthenticatedService] - AUDIT: AuthToken issued for username from 127.0.0.1
2025-06-26 12:56:10,742 WARN [org.apache.juddi.validation.ValidatePublish] - Hey, you should consider encrypting your trust store password!
2025-06-26 12:56:11,092 INFO [org.apache.juddi.replication.ReplicationNotifier] - Replication, Notifying nodes of new change records. 2 queued
2025-06-26 12:56:11,156 INFO [org.apache.juddi.subscription.SubscriptionNotifier] - Start Notification background task; checking if subscription notifications need to be send out..
2025-06-26 12:56:11,178 INFO [org.apache.juddi.replication.ReplicationNotifier] - CR saved locally, it was from uddi:juddi.apache.org:node1 USN:200 Type:ChangeRecordDelete Key:uddi:juddi.apache.org:f8d2269a-bd09-4c93-9d34-79a8fd799d6f Local id:200
2025-06-26 12:56:11,190 INFO [org.apache.juddi.subscription.SubscriptionNotifier] - Notification background task took 34 milliseconds.
2025-06-26 12:56:11,347 INFO [org.apache.juddi.replication.ReplicationNotifier] - CR saved locally, it was from uddi:juddi.apache.org:node1 USN:201 Type:ChangeRecordNewData Key:uddi:juddi.apache.org:22c1dcea-bd05-4bb7-bae2-627aa22d84cc Local id:201
2025-06-26 12:56:27,071 INFO [org.apache.juddi.api.impl.AuthenticatedService] - FindBusiness with tModel bag filtering is enabled: true loaded from file:/C:/Users/hp/Desktop/UDDI/juddi-3.3.5_tomcat-7.0.82_9090/webapps/juddiv3/WEB-INF/classes/juddiv3.xml
2025-06-26 12:56:27,085 INFO [org.apache.juddi.api.impl.InquiryHelper] - FindBusiness by tModelBag is enabled! Loaded from file:/C:/Users/hp/Desktop/UDDI/juddi-3.3.5_tomcat-7.0.82_9090/webapps/juddiv3/WEB-INF/classes/juddiv3.xml
2025-06-26 12:56:27,891 WARN [org.apache.juddi.validation.ValidatePublish] - Hey, you should consider encrypting your trust store password!
2025-06-26 12:56:31,093 INFO [org.apache.juddi.replication.ReplicationNotifier] - Replication, Notifying nodes of new change records. 2 queued
2025-06-26 12:56:31,098 INFO [org.apache.juddi.replication.ReplicationNotifier] - CR saved locally, it was from uddi:juddi.apache.org:node1 USN:202 Type:ChangeRecordDelete Key:uddi:juddi.apache.org:22c1dcea-bd05-4bb7-bae2-627aa22d84cc Local id:202
2025-06-26 12:56:31,145 INFO [org.apache.juddi.subscription.SubscriptionNotifier] - Start Notification background task; checking if subscription notifications need to be send out..
2025-06-26 12:56:31,248 INFO [org.apache.juddi.subscription.SubscriptionNotifier] - Notification background task took 103 milliseconds.
2025-06-26 12:56:31,296 INFO [org.apache.juddi.replication.ReplicationNotifier] - CR saved locally, it was from uddi:juddi.apache.org:node1 USN:203 Type:ChangeRecordNewData Key:uddi:juddi.apache.org:64b3a985-8a58-4541-a3c3-656d5fac06cc Local id:203
2025-06-26 12:57:56,934 INFO [org.apache.juddi.api.impl.AuthenticatedService] - FindBusiness with tModel bag filtering is enabled: true loaded from file:/C:/Users/hp/Desktop/UDDI/juddi-3.3.5_tomcat-7.0.82_9090/webapps/juddiv3/WEB-INF/classes/juddiv3.xml
2025-06-26 12:57:56,934 INFO [org.apache.juddi.api.impl.InquiryHelper] - FindBusiness by tModelBag is enabled! Loaded from file:/C:/Users/hp/Desktop/UDDI/juddi-3.3.5_tomcat-7.0.82_9090/webapps/juddiv3/WEB-INF/classes/juddiv3.xml
2025-06-26 12:57:57,185 INFO [org.apache.juddi.api.impl.AuthenticatedService] - FindBusiness with tModel bag filtering is enabled: true loaded from file:/C:/Users/hp/Desktop/UDDI/juddi-3.3.5_tomcat-7.0.82_9090/webapps/juddiv3/WEB-INF/classes/juddiv3.xml
2025-06-26 12:57:57,187 INFO [org.apache.juddi.api.impl.InquiryHelper] - FindBusiness by tModelBag is enabled! Loaded from file:/C:/Users/hp/Desktop/UDDI/juddi-3.3.5_tomcat-7.0.82_9090/webapps/juddiv3/WEB-INF/classes/juddiv3.xml
2025-06-26 12:57:57,303 INFO [org.apache.juddi.api.impl.AuthenticatedService] - FindBusiness with tModel bag filtering is enabled: true loaded from file:/C:/Users/hp/Desktop/UDDI/juddi-3.3.5_tomcat-7.0.82_9090/webapps/juddiv3/WEB-INF/classes/juddiv3.xml
2025-06-26 12:57:57,303 INFO [org.apache.juddi.api.impl.InquiryHelper] - FindBusiness by tModelBag is enabled! Loaded from file:/C:/Users/hp/Desktop/UDDI/juddi-3.3.5_tomcat-7.0.82_9090/webapps/juddiv3/WEB-INF/classes/juddiv3.xml
2025-06-26 12:57:57,398 INFO [org.apache.juddi.api.impl.AuthenticatedService] - FindBusiness with tModel bag filtering is enabled: true loaded from file:/C:/Users/hp/Desktop/UDDI/juddi-3.3.5_tomcat-7.0.82_9090/webapps/juddiv3/WEB-INF/classes/juddiv3.xml
2025-06-26 12:57:57,399 INFO [org.apache.juddi.api.impl.InquiryHelper] - FindBusiness by tModelBag is enabled! Loaded from file:/C:/Users/hp/Desktop/UDDI/juddi-3.3.5_tomcat-7.0.82_9090/webapps/juddiv3/WEB-INF/classes/juddiv3.xml
2025-06-26 12:57:57,554 INFO [org.apache.juddi.api.impl.AuthenticatedService] - FindBusiness with tModel bag filtering is enabled: true loaded from file:/C:/Users/hp/Desktop/UDDI/juddi-3.3.5_tomcat-7.0.82_9090/webapps/juddiv3/WEB-INF/classes/juddiv3.xml
2025-06-26 12:57:57,556 INFO [org.apache.juddi.api.impl.InquiryHelper] - FindBusiness by tModelBag is enabled! Loaded from file:/C:/Users/hp/Desktop/UDDI/juddi-3.3.5_tomcat-7.0.82_9090/webapps/juddiv3/WEB-INF/classes/juddiv3.xml
2025-06-26 12:57:57,724 INFO [org.apache.juddi.api.impl.AuthenticatedService] - FindBusiness with tModel bag filtering is enabled: true loaded from file:/C:/Users/hp/Desktop/UDDI/juddi-3.3.5_tomcat-7.0.82_9090/webapps/juddiv3/WEB-INF/classes/juddiv3.xml
2025-06-26 12:57:57,727 INFO [org.apache.juddi.api.impl.InquiryHelper] - FindBusiness by tModelBag is enabled! Loaded from file:/C:/Users/hp/Desktop/UDDI/juddi-3.3.5_tomcat-7.0.82_9090/webapps/juddiv3/WEB-INF/classes/juddiv3.xml
2025-06-26 12:57:57,899 INFO [org.apache.juddi.api.impl.AuthenticatedService] - FindBusiness with tModel bag filtering is enabled: true loaded from file:/C:/Users/hp/Desktop/UDDI/juddi-3.3.5_tomcat-7.0.82_9090/webapps/juddiv3/WEB-INF/classes/juddiv3.xml
2025-06-26 12:57:57,901 INFO [org.apache.juddi.api.impl.InquiryHelper] - FindBusiness by tModelBag is enabled! Loaded from file:/C:/Users/hp/Desktop/UDDI/juddi-3.3.5_tomcat-7.0.82_9090/webapps/juddiv3/WEB-INF/classes/juddiv3.xml
2025-06-26 12:57:58,075 INFO [org.apache.juddi.api.impl.AuthenticatedService] - FindBusiness with tModel bag filtering is enabled: true loaded from file:/C:/Users/hp/Desktop/UDDI/juddi-3.3.5_tomcat-7.0.82_9090/webapps/juddiv3/WEB-INF/classes/juddiv3.xml
2025-06-26 12:57:58,075 INFO [org.apache.juddi.api.impl.InquiryHelper] - FindBusiness by tModelBag is enabled! Loaded from file:/C:/Users/hp/Desktop/UDDI/juddi-3.3.5_tomcat-7.0.82_9090/webapps/juddiv3/WEB-INF/classes/juddiv3.xml
2025-06-26 12:57:58,234 INFO [org.apache.juddi.api.impl.AuthenticatedService] - FindBusiness with tModel bag filtering is enabled: true loaded from file:/C:/Users/hp/Desktop/UDDI/juddi-3.3.5_tomcat-7.0.82_9090/webapps/juddiv3/WEB-INF/classes/juddiv3.xml
2025-06-26 12:57:58,234 INFO [org.apache.juddi.api.impl.InquiryHelper] - FindBusiness by tModelBag is enabled! Loaded from file:/C:/Users/hp/Desktop/UDDI/juddi-3.3.5_tomcat-7.0.82_9090/webapps/juddiv3/WEB-INF/classes/juddiv3.xml
2025-06-26 12:57:58,360 INFO [org.apache.juddi.api.impl.AuthenticatedService] - FindBusiness with tModel bag filtering is enabled: true loaded from file:/C:/Users/hp/Desktop/UDDI/juddi-3.3.5_tomcat-7.0.82_9090/webapps/juddiv3/WEB-INF/classes/juddiv3.xml
2025-06-26 12:57:58,458 INFO [org.apache.juddi.api.impl.InquiryHelper] - FindBusiness by tModelBag is enabled! Loaded from file:/C:/Users/hp/Desktop/UDDI/juddi-3.3.5_tomcat-7.0.82_9090/webapps/juddiv3/WEB-INF/classes/juddiv3.xml
2025-06-26 13:23:57,451 INFO [org.apache.juddi.api.impl.AuthenticatedService] - FindBusiness with tModel bag filtering is enabled: true loaded from file:/C:/Users/hp/Desktop/UDDI/juddi-3.3.5_tomcat-7.0.82_9090/webapps/juddiv3/WEB-INF/classes/juddiv3.xml
2025-06-26 13:23:57,752 INFO [org.apache.juddi.api.impl.InquiryHelper] - FindBusiness by tModelBag is enabled! Loaded from file:/C:/Users/hp/Desktop/UDDI/juddi-3.3.5_tomcat-7.0.82_9090/webapps/juddiv3/WEB-INF/classes/juddiv3.xml
2025-06-26 13:24:46,595 INFO [org.apache.juddi.api.impl.AuthenticatedService] - FindBusiness with tModel bag filtering is enabled: true loaded from file:/C:/Users/hp/Desktop/UDDI/juddi-3.3.5_tomcat-7.0.82_9090/webapps/juddiv3/WEB-INF/classes/juddiv3.xml
2025-06-26 13:24:46,608 INFO [org.apache.juddi.api.impl.InquiryHelper] - FindBusiness by tModelBag is enabled! Loaded from file:/C:/Users/hp/Desktop/UDDI/juddi-3.3.5_tomcat-7.0.82_9090/webapps/juddiv3/WEB-INF/classes/juddiv3.xml
2025-06-26 13:24:47,286 INFO [org.apache.juddi.api.impl.AuthenticatedService] - AUDIT: AuthToken request for username from 127.0.0.1
2025-06-26 13:24:47,286 WARN [org.apache.juddi.v3.auth.JUDDIAuthenticator] - DO NOT USE JUDDI AUTHENTICATOR FOR PRODUCTION SYSTEMS - DOES NOT VALIDATE PASSWORDS, AT ALL!
2025-06-26 13:24:47,328 INFO [org.apache.juddi.api.impl.AuthenticatedService] - AUDIT: AuthToken issued for username from 127.0.0.1
2025-06-26 13:24:48,270 WARN [org.apache.juddi.validation.ValidatePublish] - Hey, you should consider encrypting your trust store password!
2025-06-26 13:24:51,101 INFO [org.apache.juddi.replication.ReplicationNotifier] - Replication, Notifying nodes of new change records. 2 queued
2025-06-26 13:24:51,109 INFO [org.apache.juddi.replication.ReplicationNotifier] - CR saved locally, it was from uddi:juddi.apache.org:node1 USN:204 Type:ChangeRecordDelete Key:uddi:juddi.apache.org:64b3a985-8a58-4541-a3c3-656d5fac06cc Local id:204
2025-06-26 13:24:51,146 INFO [org.apache.juddi.subscription.SubscriptionNotifier] - Start Notification background task; checking if subscription notifications need to be send out..
2025-06-26 13:24:51,153 INFO [org.apache.juddi.subscription.SubscriptionNotifier] - Notification background task took 7 milliseconds.
2025-06-26 13:24:51,208 INFO [org.apache.juddi.replication.ReplicationNotifier] - CR saved locally, it was from uddi:juddi.apache.org:node1 USN:205 Type:ChangeRecordNewData Key:uddi:juddi.apache.org:2c24556d-5971-4f96-80ce-1e07f7f11bb1 Local id:205
2025-06-26 13:29:33,561 INFO [org.apache.juddi.api.impl.AuthenticatedService] - FindBusiness with tModel bag filtering is enabled: true loaded from file:/C:/Users/hp/Desktop/UDDI/juddi-3.3.5_tomcat-7.0.82_9090/webapps/juddiv3/WEB-INF/classes/juddiv3.xml
2025-06-26 13:29:33,566 INFO [org.apache.juddi.api.impl.InquiryHelper] - FindBusiness by tModelBag is enabled! Loaded from file:/C:/Users/hp/Desktop/UDDI/juddi-3.3.5_tomcat-7.0.82_9090/webapps/juddiv3/WEB-INF/classes/juddiv3.xml
2025-06-26 13:29:33,930 INFO [org.apache.juddi.api.impl.AuthenticatedService] - FindBusiness with tModel bag filtering is enabled: true loaded from file:/C:/Users/hp/Desktop/UDDI/juddi-3.3.5_tomcat-7.0.82_9090/webapps/juddiv3/WEB-INF/classes/juddiv3.xml
2025-06-26 13:29:33,940 INFO [org.apache.juddi.api.impl.InquiryHelper] - FindBusiness by tModelBag is enabled! Loaded from file:/C:/Users/hp/Desktop/UDDI/juddi-3.3.5_tomcat-7.0.82_9090/webapps/juddiv3/WEB-INF/classes/juddiv3.xml
2025-06-26 13:29:34,227 INFO [org.apache.juddi.api.impl.AuthenticatedService] - FindBusiness with tModel bag filtering is enabled: true loaded from file:/C:/Users/hp/Desktop/UDDI/juddi-3.3.5_tomcat-7.0.82_9090/webapps/juddiv3/WEB-INF/classes/juddiv3.xml
2025-06-26 13:29:34,229 INFO [org.apache.juddi.api.impl.InquiryHelper] - FindBusiness by tModelBag is enabled! Loaded from file:/C:/Users/hp/Desktop/UDDI/juddi-3.3.5_tomcat-7.0.82_9090/webapps/juddiv3/WEB-INF/classes/juddiv3.xml
2025-06-26 13:29:54,226 INFO [org.apache.juddi.api.impl.AuthenticatedService] - FindBusiness with tModel bag filtering is enabled: true loaded from file:/C:/Users/hp/Desktop/UDDI/juddi-3.3.5_tomcat-7.0.82_9090/webapps/juddiv3/WEB-INF/classes/juddiv3.xml
2025-06-26 13:29:54,232 INFO [org.apache.juddi.api.impl.InquiryHelper] - FindBusiness by tModelBag is enabled! Loaded from file:/C:/Users/hp/Desktop/UDDI/juddi-3.3.5_tomcat-7.0.82_9090/webapps/juddiv3/WEB-INF/classes/juddiv3.xml
2025-06-26 13:29:54,830 INFO [org.apache.juddi.api.impl.AuthenticatedService] - FindBusiness with tModel bag filtering is enabled: true loaded from file:/C:/Users/hp/Desktop/UDDI/juddi-3.3.5_tomcat-7.0.82_9090/webapps/juddiv3/WEB-INF/classes/juddiv3.xml
2025-06-26 13:29:54,832 INFO [org.apache.juddi.api.impl.InquiryHelper] - FindBusiness by tModelBag is enabled! Loaded from file:/C:/Users/hp/Desktop/UDDI/juddi-3.3.5_tomcat-7.0.82_9090/webapps/juddiv3/WEB-INF/classes/juddiv3.xml
2025-06-26 13:29:55,226 INFO [org.apache.juddi.api.impl.AuthenticatedService] - FindBusiness with tModel bag filtering is enabled: true loaded from file:/C:/Users/hp/Desktop/UDDI/juddi-3.3.5_tomcat-7.0.82_9090/webapps/juddiv3/WEB-INF/classes/juddiv3.xml
2025-06-26 13:29:55,228 INFO [org.apache.juddi.api.impl.InquiryHelper] - FindBusiness by tModelBag is enabled! Loaded from file:/C:/Users/hp/Desktop/UDDI/juddi-3.3.5_tomcat-7.0.82_9090/webapps/juddiv3/WEB-INF/classes/juddiv3.xml
2025-06-26 13:29:56,218 INFO [org.apache.juddi.api.impl.AuthenticatedService] - FindBusiness with tModel bag filtering is enabled: true loaded from file:/C:/Users/hp/Desktop/UDDI/juddi-3.3.5_tomcat-7.0.82_9090/webapps/juddiv3/WEB-INF/classes/juddiv3.xml
2025-06-26 13:29:56,221 INFO [org.apache.juddi.api.impl.InquiryHelper] - FindBusiness by tModelBag is enabled! Loaded from file:/C:/Users/hp/Desktop/UDDI/juddi-3.3.5_tomcat-7.0.82_9090/webapps/juddiv3/WEB-INF/classes/juddiv3.xml
2025-06-26 13:29:56,961 INFO [org.apache.juddi.api.impl.AuthenticatedService] - FindBusiness with tModel bag filtering is enabled: true loaded from file:/C:/Users/hp/Desktop/UDDI/juddi-3.3.5_tomcat-7.0.82_9090/webapps/juddiv3/WEB-INF/classes/juddiv3.xml
2025-06-26 13:29:56,963 INFO [org.apache.juddi.api.impl.InquiryHelper] - FindBusiness by tModelBag is enabled! Loaded from file:/C:/Users/hp/Desktop/UDDI/juddi-3.3.5_tomcat-7.0.82_9090/webapps/juddiv3/WEB-INF/classes/juddiv3.xml
2025-06-26 13:29:57,506 INFO [org.apache.juddi.api.impl.AuthenticatedService] - FindBusiness with tModel bag filtering is enabled: true loaded from file:/C:/Users/hp/Desktop/UDDI/juddi-3.3.5_tomcat-7.0.82_9090/webapps/juddiv3/WEB-INF/classes/juddiv3.xml
2025-06-26 13:29:57,508 INFO [org.apache.juddi.api.impl.InquiryHelper] - FindBusiness by tModelBag is enabled! Loaded from file:/C:/Users/hp/Desktop/UDDI/juddi-3.3.5_tomcat-7.0.82_9090/webapps/juddiv3/WEB-INF/classes/juddiv3.xml
2025-06-26 13:29:57,690 INFO [org.apache.juddi.api.impl.AuthenticatedService] - FindBusiness with tModel bag filtering is enabled: true loaded from file:/C:/Users/hp/Desktop/UDDI/juddi-3.3.5_tomcat-7.0.82_9090/webapps/juddiv3/WEB-INF/classes/juddiv3.xml
2025-06-26 13:29:57,695 INFO [org.apache.juddi.api.impl.InquiryHelper] - FindBusiness by tModelBag is enabled! Loaded from file:/C:/Users/hp/Desktop/UDDI/juddi-3.3.5_tomcat-7.0.82_9090/webapps/juddiv3/WEB-INF/classes/juddiv3.xml
2025-06-26 13:30:02,411 INFO [org.apache.juddi.api.impl.AuthenticatedService] - FindBusiness with tModel bag filtering is enabled: true loaded from file:/C:/Users/hp/Desktop/UDDI/juddi-3.3.5_tomcat-7.0.82_9090/webapps/juddiv3/WEB-INF/classes/juddiv3.xml
2025-06-26 13:30:02,414 INFO [org.apache.juddi.api.impl.InquiryHelper] - FindBusiness by tModelBag is enabled! Loaded from file:/C:/Users/hp/Desktop/UDDI/juddi-3.3.5_tomcat-7.0.82_9090/webapps/juddiv3/WEB-INF/classes/juddiv3.xml
2025-06-26 13:30:02,639 INFO [org.apache.juddi.api.impl.AuthenticatedService] - FindBusiness with tModel bag filtering is enabled: true loaded from file:/C:/Users/hp/Desktop/UDDI/juddi-3.3.5_tomcat-7.0.82_9090/webapps/juddiv3/WEB-INF/classes/juddiv3.xml
2025-06-26 13:30:02,639 INFO [org.apache.juddi.api.impl.InquiryHelper] - FindBusiness by tModelBag is enabled! Loaded from file:/C:/Users/hp/Desktop/UDDI/juddi-3.3.5_tomcat-7.0.82_9090/webapps/juddiv3/WEB-INF/classes/juddiv3.xml
2025-06-26 13:30:03,026 INFO [org.apache.juddi.api.impl.AuthenticatedService] - FindBusiness with tModel bag filtering is enabled: true loaded from file:/C:/Users/hp/Desktop/UDDI/juddi-3.3.5_tomcat-7.0.82_9090/webapps/juddiv3/WEB-INF/classes/juddiv3.xml
2025-06-26 13:30:03,035 INFO [org.apache.juddi.api.impl.InquiryHelper] - FindBusiness by tModelBag is enabled! Loaded from file:/C:/Users/hp/Desktop/UDDI/juddi-3.3.5_tomcat-7.0.82_9090/webapps/juddiv3/WEB-INF/classes/juddiv3.xml
2025-06-26 13:30:03,245 INFO [org.apache.juddi.api.impl.AuthenticatedService] - FindBusiness with tModel bag filtering is enabled: true loaded from file:/C:/Users/hp/Desktop/UDDI/juddi-3.3.5_tomcat-7.0.82_9090/webapps/juddiv3/WEB-INF/classes/juddiv3.xml
2025-06-26 13:30:03,247 INFO [org.apache.juddi.api.impl.InquiryHelper] - FindBusiness by tModelBag is enabled! Loaded from file:/C:/Users/hp/Desktop/UDDI/juddi-3.3.5_tomcat-7.0.82_9090/webapps/juddiv3/WEB-INF/classes/juddiv3.xml
2025-06-26 13:30:03,478 INFO [org.apache.juddi.api.impl.AuthenticatedService] - FindBusiness with tModel bag filtering is enabled: true loaded from file:/C:/Users/hp/Desktop/UDDI/juddi-3.3.5_tomcat-7.0.82_9090/webapps/juddiv3/WEB-INF/classes/juddiv3.xml
2025-06-26 13:30:03,479 INFO [org.apache.juddi.api.impl.InquiryHelper] - FindBusiness by tModelBag is enabled! Loaded from file:/C:/Users/hp/Desktop/UDDI/juddi-3.3.5_tomcat-7.0.82_9090/webapps/juddiv3/WEB-INF/classes/juddiv3.xml
2025-06-26 13:30:03,679 INFO [org.apache.juddi.api.impl.AuthenticatedService] - FindBusiness with tModel bag filtering is enabled: true loaded from file:/C:/Users/hp/Desktop/UDDI/juddi-3.3.5_tomcat-7.0.82_9090/webapps/juddiv3/WEB-INF/classes/juddiv3.xml
2025-06-26 13:30:03,679 INFO [org.apache.juddi.api.impl.InquiryHelper] - FindBusiness by tModelBag is enabled! Loaded from file:/C:/Users/hp/Desktop/UDDI/juddi-3.3.5_tomcat-7.0.82_9090/webapps/juddiv3/WEB-INF/classes/juddiv3.xml
2025-06-26 13:30:03,880 INFO [org.apache.juddi.api.impl.AuthenticatedService] - FindBusiness with tModel bag filtering is enabled: true loaded from file:/C:/Users/hp/Desktop/UDDI/juddi-3.3.5_tomcat-7.0.82_9090/webapps/juddiv3/WEB-INF/classes/juddiv3.xml
2025-06-26 13:30:03,881 INFO [org.apache.juddi.api.impl.InquiryHelper] - FindBusiness by tModelBag is enabled! Loaded from file:/C:/Users/hp/Desktop/UDDI/juddi-3.3.5_tomcat-7.0.82_9090/webapps/juddiv3/WEB-INF/classes/juddiv3.xml
2025-06-26 13:30:04,201 INFO [org.apache.juddi.api.impl.AuthenticatedService] - FindBusiness with tModel bag filtering is enabled: true loaded from file:/C:/Users/hp/Desktop/UDDI/juddi-3.3.5_tomcat-7.0.82_9090/webapps/juddiv3/WEB-INF/classes/juddiv3.xml
2025-06-26 13:30:04,204 INFO [org.apache.juddi.api.impl.InquiryHelper] - FindBusiness by tModelBag is enabled! Loaded from file:/C:/Users/hp/Desktop/UDDI/juddi-3.3.5_tomcat-7.0.82_9090/webapps/juddiv3/WEB-INF/classes/juddiv3.xml
2025-06-26 13:30:04,499 INFO [org.apache.juddi.api.impl.AuthenticatedService] - FindBusiness with tModel bag filtering is enabled: true loaded from file:/C:/Users/hp/Desktop/UDDI/juddi-3.3.5_tomcat-7.0.82_9090/webapps/juddiv3/WEB-INF/classes/juddiv3.xml
2025-06-26 13:30:04,504 INFO [org.apache.juddi.api.impl.InquiryHelper] - FindBusiness by tModelBag is enabled! Loaded from file:/C:/Users/hp/Desktop/UDDI/juddi-3.3.5_tomcat-7.0.82_9090/webapps/juddiv3/WEB-INF/classes/juddiv3.xml
2025-06-26 13:30:05,008 INFO [org.apache.juddi.api.impl.AuthenticatedService] - FindBusiness with tModel bag filtering is enabled: true loaded from file:/C:/Users/hp/Desktop/UDDI/juddi-3.3.5_tomcat-7.0.82_9090/webapps/juddiv3/WEB-INF/classes/juddiv3.xml
2025-06-26 13:30:05,015 INFO [org.apache.juddi.api.impl.InquiryHelper] - FindBusiness by tModelBag is enabled! Loaded from file:/C:/Users/hp/Desktop/UDDI/juddi-3.3.5_tomcat-7.0.82_9090/webapps/juddiv3/WEB-INF/classes/juddiv3.xml
2025-06-26 13:30:22,728 INFO [org.apache.juddi.api.impl.AuthenticatedService] - FindBusiness with tModel bag filtering is enabled: true loaded from file:/C:/Users/hp/Desktop/UDDI/juddi-3.3.5_tomcat-7.0.82_9090/webapps/juddiv3/WEB-INF/classes/juddiv3.xml
2025-06-26 13:30:22,732 INFO [org.apache.juddi.api.impl.InquiryHelper] - FindBusiness by tModelBag is enabled! Loaded from file:/C:/Users/hp/Desktop/UDDI/juddi-3.3.5_tomcat-7.0.82_9090/webapps/juddiv3/WEB-INF/classes/juddiv3.xml
2025-06-26 13:30:22,979 INFO [org.apache.juddi.api.impl.AuthenticatedService] - FindBusiness with tModel bag filtering is enabled: true loaded from file:/C:/Users/hp/Desktop/UDDI/juddi-3.3.5_tomcat-7.0.82_9090/webapps/juddiv3/WEB-INF/classes/juddiv3.xml
2025-06-26 13:30:22,984 INFO [org.apache.juddi.api.impl.InquiryHelper] - FindBusiness by tModelBag is enabled! Loaded from file:/C:/Users/hp/Desktop/UDDI/juddi-3.3.5_tomcat-7.0.82_9090/webapps/juddiv3/WEB-INF/classes/juddiv3.xml
2025-06-26 13:30:23,194 INFO [org.apache.juddi.api.impl.AuthenticatedService] - FindBusiness with tModel bag filtering is enabled: true loaded from file:/C:/Users/hp/Desktop/UDDI/juddi-3.3.5_tomcat-7.0.82_9090/webapps/juddiv3/WEB-INF/classes/juddiv3.xml
2025-06-26 13:30:23,194 INFO [org.apache.juddi.api.impl.InquiryHelper] - FindBusiness by tModelBag is enabled! Loaded from file:/C:/Users/hp/Desktop/UDDI/juddi-3.3.5_tomcat-7.0.82_9090/webapps/juddiv3/WEB-INF/classes/juddiv3.xml
2025-06-26 13:30:23,402 INFO [org.apache.juddi.api.impl.AuthenticatedService] - FindBusiness with tModel bag filtering is enabled: true loaded from file:/C:/Users/hp/Desktop/UDDI/juddi-3.3.5_tomcat-7.0.82_9090/webapps/juddiv3/WEB-INF/classes/juddiv3.xml
2025-06-26 13:30:23,404 INFO [org.apache.juddi.api.impl.InquiryHelper] - FindBusiness by tModelBag is enabled! Loaded from file:/C:/Users/hp/Desktop/UDDI/juddi-3.3.5_tomcat-7.0.82_9090/webapps/juddiv3/WEB-INF/classes/juddiv3.xml
2025-06-26 13:30:23,593 INFO [org.apache.juddi.api.impl.AuthenticatedService] - FindBusiness with tModel bag filtering is enabled: true loaded from file:/C:/Users/hp/Desktop/UDDI/juddi-3.3.5_tomcat-7.0.82_9090/webapps/juddiv3/WEB-INF/classes/juddiv3.xml
2025-06-26 13:30:23,593 INFO [org.apache.juddi.api.impl.InquiryHelper] - FindBusiness by tModelBag is enabled! Loaded from file:/C:/Users/hp/Desktop/UDDI/juddi-3.3.5_tomcat-7.0.82_9090/webapps/juddiv3/WEB-INF/classes/juddiv3.xml
2025-06-26 13:30:23,727 INFO [org.apache.juddi.api.impl.AuthenticatedService] - FindBusiness with tModel bag filtering is enabled: true loaded from file:/C:/Users/hp/Desktop/UDDI/juddi-3.3.5_tomcat-7.0.82_9090/webapps/juddiv3/WEB-INF/classes/juddiv3.xml
2025-06-26 13:30:23,730 INFO [org.apache.juddi.api.impl.InquiryHelper] - FindBusiness by tModelBag is enabled! Loaded from file:/C:/Users/hp/Desktop/UDDI/juddi-3.3.5_tomcat-7.0.82_9090/webapps/juddiv3/WEB-INF/classes/juddiv3.xml
2025-06-26 13:30:25,687 INFO [org.apache.juddi.api.impl.AuthenticatedService] - FindBusiness with tModel bag filtering is enabled: true loaded from file:/C:/Users/hp/Desktop/UDDI/juddi-3.3.5_tomcat-7.0.82_9090/webapps/juddiv3/WEB-INF/classes/juddiv3.xml
2025-06-26 13:30:25,690 INFO [org.apache.juddi.api.impl.InquiryHelper] - FindBusiness by tModelBag is enabled! Loaded from file:/C:/Users/hp/Desktop/UDDI/juddi-3.3.5_tomcat-7.0.82_9090/webapps/juddiv3/WEB-INF/classes/juddiv3.xml
2025-06-26 13:30:27,874 INFO [org.apache.juddi.api.impl.AuthenticatedService] - FindBusiness with tModel bag filtering is enabled: true loaded from file:/C:/Users/hp/Desktop/UDDI/juddi-3.3.5_tomcat-7.0.82_9090/webapps/juddiv3/WEB-INF/classes/juddiv3.xml
2025-06-26 13:30:27,876 INFO [org.apache.juddi.api.impl.InquiryHelper] - FindBusiness by tModelBag is enabled! Loaded from file:/C:/Users/hp/Desktop/UDDI/juddi-3.3.5_tomcat-7.0.82_9090/webapps/juddiv3/WEB-INF/classes/juddiv3.xml
2025-06-26 13:30:28,101 INFO [org.apache.juddi.api.impl.AuthenticatedService] - FindBusiness with tModel bag filtering is enabled: true loaded from file:/C:/Users/hp/Desktop/UDDI/juddi-3.3.5_tomcat-7.0.82_9090/webapps/juddiv3/WEB-INF/classes/juddiv3.xml
2025-06-26 13:30:28,106 INFO [org.apache.juddi.api.impl.InquiryHelper] - FindBusiness by tModelBag is enabled! Loaded from file:/C:/Users/hp/Desktop/UDDI/juddi-3.3.5_tomcat-7.0.82_9090/webapps/juddiv3/WEB-INF/classes/juddiv3.xml
2025-06-26 13:30:28,361 INFO [org.apache.juddi.api.impl.AuthenticatedService] - FindBusiness with tModel bag filtering is enabled: true loaded from file:/C:/Users/hp/Desktop/UDDI/juddi-3.3.5_tomcat-7.0.82_9090/webapps/juddiv3/WEB-INF/classes/juddiv3.xml
2025-06-26 13:30:28,368 INFO [org.apache.juddi.api.impl.InquiryHelper] - FindBusiness by tModelBag is enabled! Loaded from file:/C:/Users/hp/Desktop/UDDI/juddi-3.3.5_tomcat-7.0.82_9090/webapps/juddiv3/WEB-INF/classes/juddiv3.xml
2025-06-26 13:30:34,804 INFO [org.apache.juddi.api.impl.AuthenticatedService] - FindBusiness with tModel bag filtering is enabled: true loaded from file:/C:/Users/hp/Desktop/UDDI/juddi-3.3.5_tomcat-7.0.82_9090/webapps/juddiv3/WEB-INF/classes/juddiv3.xml
2025-06-26 13:30:34,807 INFO [org.apache.juddi.api.impl.InquiryHelper] - FindBusiness by tModelBag is enabled! Loaded from file:/C:/Users/hp/Desktop/UDDI/juddi-3.3.5_tomcat-7.0.82_9090/webapps/juddiv3/WEB-INF/classes/juddiv3.xml
2025-06-26 13:30:35,105 INFO [org.apache.juddi.api.impl.AuthenticatedService] - FindBusiness with tModel bag filtering is enabled: true loaded from file:/C:/Users/hp/Desktop/UDDI/juddi-3.3.5_tomcat-7.0.82_9090/webapps/juddiv3/WEB-INF/classes/juddiv3.xml
2025-06-26 13:30:35,108 INFO [org.apache.juddi.api.impl.InquiryHelper] - FindBusiness by tModelBag is enabled! Loaded from file:/C:/Users/hp/Desktop/UDDI/juddi-3.3.5_tomcat-7.0.82_9090/webapps/juddiv3/WEB-INF/classes/juddiv3.xml
2025-06-26 13:30:35,473 INFO [org.apache.juddi.api.impl.AuthenticatedService] - FindBusiness with tModel bag filtering is enabled: true loaded from file:/C:/Users/hp/Desktop/UDDI/juddi-3.3.5_tomcat-7.0.82_9090/webapps/juddiv3/WEB-INF/classes/juddiv3.xml
2025-06-26 13:30:35,573 INFO [org.apache.juddi.api.impl.InquiryHelper] - FindBusiness by tModelBag is enabled! Loaded from file:/C:/Users/hp/Desktop/UDDI/juddi-3.3.5_tomcat-7.0.82_9090/webapps/juddiv3/WEB-INF/classes/juddiv3.xml
2025-06-26 13:30:36,248 INFO [org.apache.juddi.api.impl.AuthenticatedService] - FindBusiness with tModel bag filtering is enabled: true loaded from file:/C:/Users/hp/Desktop/UDDI/juddi-3.3.5_tomcat-7.0.82_9090/webapps/juddiv3/WEB-INF/classes/juddiv3.xml
2025-06-26 13:30:36,250 INFO [org.apache.juddi.api.impl.InquiryHelper] - FindBusiness by tModelBag is enabled! Loaded from file:/C:/Users/hp/Desktop/UDDI/juddi-3.3.5_tomcat-7.0.82_9090/webapps/juddiv3/WEB-INF/classes/juddiv3.xml
2025-06-26 13:30:36,620 INFO [org.apache.juddi.api.impl.AuthenticatedService] - FindBusiness with tModel bag filtering is enabled: true loaded from file:/C:/Users/hp/Desktop/UDDI/juddi-3.3.5_tomcat-7.0.82_9090/webapps/juddiv3/WEB-INF/classes/juddiv3.xml
2025-06-26 13:30:36,622 INFO [org.apache.juddi.api.impl.InquiryHelper] - FindBusiness by tModelBag is enabled! Loaded from file:/C:/Users/hp/Desktop/UDDI/juddi-3.3.5_tomcat-7.0.82_9090/webapps/juddiv3/WEB-INF/classes/juddiv3.xml
2025-06-26 13:30:37,265 INFO [org.apache.juddi.api.impl.AuthenticatedService] - FindBusiness with tModel bag filtering is enabled: true loaded from file:/C:/Users/hp/Desktop/UDDI/juddi-3.3.5_tomcat-7.0.82_9090/webapps/juddiv3/WEB-INF/classes/juddiv3.xml
2025-06-26 13:30:37,267 INFO [org.apache.juddi.api.impl.InquiryHelper] - FindBusiness by tModelBag is enabled! Loaded from file:/C:/Users/hp/Desktop/UDDI/juddi-3.3.5_tomcat-7.0.82_9090/webapps/juddiv3/WEB-INF/classes/juddiv3.xml
2025-06-26 13:30:37,555 INFO [org.apache.juddi.api.impl.AuthenticatedService] - FindBusiness with tModel bag filtering is enabled: true loaded from file:/C:/Users/hp/Desktop/UDDI/juddi-3.3.5_tomcat-7.0.82_9090/webapps/juddiv3/WEB-INF/classes/juddiv3.xml
2025-06-26 13:30:37,558 INFO [org.apache.juddi.api.impl.InquiryHelper] - FindBusiness by tModelBag is enabled! Loaded from file:/C:/Users/hp/Desktop/UDDI/juddi-3.3.5_tomcat-7.0.82_9090/webapps/juddiv3/WEB-INF/classes/juddiv3.xml
2025-06-26 13:30:37,935 INFO [org.apache.juddi.api.impl.AuthenticatedService] - FindBusiness with tModel bag filtering is enabled: true loaded from file:/C:/Users/hp/Desktop/UDDI/juddi-3.3.5_tomcat-7.0.82_9090/webapps/juddiv3/WEB-INF/classes/juddiv3.xml
2025-06-26 13:30:37,938 INFO [org.apache.juddi.api.impl.InquiryHelper] - FindBusiness by tModelBag is enabled! Loaded from file:/C:/Users/hp/Desktop/UDDI/juddi-3.3.5_tomcat-7.0.82_9090/webapps/juddiv3/WEB-INF/classes/juddiv3.xml
2025-06-26 13:30:38,398 INFO [org.apache.juddi.api.impl.AuthenticatedService] - FindBusiness with tModel bag filtering is enabled: true loaded from file:/C:/Users/hp/Desktop/UDDI/juddi-3.3.5_tomcat-7.0.82_9090/webapps/juddiv3/WEB-INF/classes/juddiv3.xml
2025-06-26 13:30:38,400 INFO [org.apache.juddi.api.impl.InquiryHelper] - FindBusiness by tModelBag is enabled! Loaded from file:/C:/Users/hp/Desktop/UDDI/juddi-3.3.5_tomcat-7.0.82_9090/webapps/juddiv3/WEB-INF/classes/juddiv3.xml
2025-06-26 13:30:38,841 INFO [org.apache.juddi.api.impl.AuthenticatedService] - FindBusiness with tModel bag filtering is enabled: true loaded from file:/C:/Users/hp/Desktop/UDDI/juddi-3.3.5_tomcat-7.0.82_9090/webapps/juddiv3/WEB-INF/classes/juddiv3.xml
2025-06-26 13:30:38,847 INFO [org.apache.juddi.api.impl.InquiryHelper] - FindBusiness by tModelBag is enabled! Loaded from file:/C:/Users/hp/Desktop/UDDI/juddi-3.3.5_tomcat-7.0.82_9090/webapps/juddiv3/WEB-INF/classes/juddiv3.xml
2025-06-26 13:30:48,180 INFO [org.apache.juddi.api.impl.AuthenticatedService] - FindBusiness with tModel bag filtering is enabled: true loaded from file:/C:/Users/hp/Desktop/UDDI/juddi-3.3.5_tomcat-7.0.82_9090/webapps/juddiv3/WEB-INF/classes/juddiv3.xml
2025-06-26 13:30:48,183 INFO [org.apache.juddi.api.impl.InquiryHelper] - FindBusiness by tModelBag is enabled! Loaded from file:/C:/Users/hp/Desktop/UDDI/juddi-3.3.5_tomcat-7.0.82_9090/webapps/juddiv3/WEB-INF/classes/juddiv3.xml
2025-06-26 13:30:48,616 INFO [org.apache.juddi.api.impl.AuthenticatedService] - FindBusiness with tModel bag filtering is enabled: true loaded from file:/C:/Users/hp/Desktop/UDDI/juddi-3.3.5_tomcat-7.0.82_9090/webapps/juddiv3/WEB-INF/classes/juddiv3.xml
2025-06-26 13:30:48,616 INFO [org.apache.juddi.api.impl.InquiryHelper] - FindBusiness by tModelBag is enabled! Loaded from file:/C:/Users/hp/Desktop/UDDI/juddi-3.3.5_tomcat-7.0.82_9090/webapps/juddiv3/WEB-INF/classes/juddiv3.xml
2025-06-26 13:30:48,916 INFO [org.apache.juddi.api.impl.AuthenticatedService] - FindBusiness with tModel bag filtering is enabled: true loaded from file:/C:/Users/hp/Desktop/UDDI/juddi-3.3.5_tomcat-7.0.82_9090/webapps/juddiv3/WEB-INF/classes/juddiv3.xml
2025-06-26 13:30:48,919 INFO [org.apache.juddi.api.impl.InquiryHelper] - FindBusiness by tModelBag is enabled! Loaded from file:/C:/Users/hp/Desktop/UDDI/juddi-3.3.5_tomcat-7.0.82_9090/webapps/juddiv3/WEB-INF/classes/juddiv3.xml
2025-06-26 13:30:49,169 INFO [org.apache.juddi.api.impl.AuthenticatedService] - FindBusiness with tModel bag filtering is enabled: true loaded from file:/C:/Users/hp/Desktop/UDDI/juddi-3.3.5_tomcat-7.0.82_9090/webapps/juddiv3/WEB-INF/classes/juddiv3.xml
2025-06-26 13:30:49,172 INFO [org.apache.juddi.api.impl.InquiryHelper] - FindBusiness by tModelBag is enabled! Loaded from file:/C:/Users/hp/Desktop/UDDI/juddi-3.3.5_tomcat-7.0.82_9090/webapps/juddiv3/WEB-INF/classes/juddiv3.xml
2025-06-26 13:30:49,356 INFO [org.apache.juddi.api.impl.AuthenticatedService] - FindBusiness with tModel bag filtering is enabled: true loaded from file:/C:/Users/hp/Desktop/UDDI/juddi-3.3.5_tomcat-7.0.82_9090/webapps/juddiv3/WEB-INF/classes/juddiv3.xml
2025-06-26 13:30:49,357 INFO [org.apache.juddi.api.impl.InquiryHelper] - FindBusiness by tModelBag is enabled! Loaded from file:/C:/Users/hp/Desktop/UDDI/juddi-3.3.5_tomcat-7.0.82_9090/webapps/juddiv3/WEB-INF/classes/juddiv3.xml
2025-06-26 13:30:50,022 INFO [org.apache.juddi.api.impl.AuthenticatedService] - FindBusiness with tModel bag filtering is enabled: true loaded from file:/C:/Users/hp/Desktop/UDDI/juddi-3.3.5_tomcat-7.0.82_9090/webapps/juddiv3/WEB-INF/classes/juddiv3.xml
2025-06-26 13:30:50,024 INFO [org.apache.juddi.api.impl.InquiryHelper] - FindBusiness by tModelBag is enabled! Loaded from file:/C:/Users/hp/Desktop/UDDI/juddi-3.3.5_tomcat-7.0.82_9090/webapps/juddiv3/WEB-INF/classes/juddiv3.xml
2025-06-26 13:30:51,628 INFO [org.apache.juddi.api.impl.AuthenticatedService] - FindBusiness with tModel bag filtering is enabled: true loaded from file:/C:/Users/hp/Desktop/UDDI/juddi-3.3.5_tomcat-7.0.82_9090/webapps/juddiv3/WEB-INF/classes/juddiv3.xml
2025-06-26 13:30:51,630 INFO [org.apache.juddi.api.impl.InquiryHelper] - FindBusiness by tModelBag is enabled! Loaded from file:/C:/Users/hp/Desktop/UDDI/juddi-3.3.5_tomcat-7.0.82_9090/webapps/juddiv3/WEB-INF/classes/juddiv3.xml
2025-06-26 13:30:56,129 INFO [org.apache.juddi.api.impl.AuthenticatedService] - FindBusiness with tModel bag filtering is enabled: true loaded from file:/C:/Users/hp/Desktop/UDDI/juddi-3.3.5_tomcat-7.0.82_9090/webapps/juddiv3/WEB-INF/classes/juddiv3.xml
2025-06-26 13:30:56,131 INFO [org.apache.juddi.api.impl.InquiryHelper] - FindBusiness by tModelBag is enabled! Loaded from file:/C:/Users/hp/Desktop/UDDI/juddi-3.3.5_tomcat-7.0.82_9090/webapps/juddiv3/WEB-INF/classes/juddiv3.xml
2025-06-26 13:30:56,144 INFO [org.apache.juddi.api.impl.AuthenticatedService] - FindBusiness with tModel bag filtering is enabled: true loaded from file:/C:/Users/hp/Desktop/UDDI/juddi-3.3.5_tomcat-7.0.82_9090/webapps/juddiv3/WEB-INF/classes/juddiv3.xml
2025-06-26 13:30:56,148 INFO [org.apache.juddi.api.impl.InquiryHelper] - FindBusiness by tModelBag is enabled! Loaded from file:/C:/Users/hp/Desktop/UDDI/juddi-3.3.5_tomcat-7.0.82_9090/webapps/juddiv3/WEB-INF/classes/juddiv3.xml
2025-06-26 13:30:57,184 INFO [org.apache.juddi.api.impl.AuthenticatedService] - FindBusiness with tModel bag filtering is enabled: true loaded from file:/C:/Users/hp/Desktop/UDDI/juddi-3.3.5_tomcat-7.0.82_9090/webapps/juddiv3/WEB-INF/classes/juddiv3.xml
2025-06-26 13:30:57,186 INFO [org.apache.juddi.api.impl.InquiryHelper] - FindBusiness by tModelBag is enabled! Loaded from file:/C:/Users/hp/Desktop/UDDI/juddi-3.3.5_tomcat-7.0.82_9090/webapps/juddiv3/WEB-INF/classes/juddiv3.xml
2025-06-26 13:30:57,213 INFO [org.apache.juddi.api.impl.AuthenticatedService] - FindBusiness with tModel bag filtering is enabled: true loaded from file:/C:/Users/hp/Desktop/UDDI/juddi-3.3.5_tomcat-7.0.82_9090/webapps/juddiv3/WEB-INF/classes/juddiv3.xml
2025-06-26 13:30:57,216 INFO [org.apache.juddi.api.impl.InquiryHelper] - FindBusiness by tModelBag is enabled! Loaded from file:/C:/Users/hp/Desktop/UDDI/juddi-3.3.5_tomcat-7.0.82_9090/webapps/juddiv3/WEB-INF/classes/juddiv3.xml
2025-06-26 13:30:57,401 INFO [org.apache.juddi.api.impl.AuthenticatedService] - FindBusiness with tModel bag filtering is enabled: true loaded from file:/C:/Users/hp/Desktop/UDDI/juddi-3.3.5_tomcat-7.0.82_9090/webapps/juddiv3/WEB-INF/classes/juddiv3.xml
2025-06-26 13:30:57,405 INFO [org.apache.juddi.api.impl.InquiryHelper] - FindBusiness by tModelBag is enabled! Loaded from file:/C:/Users/hp/Desktop/UDDI/juddi-3.3.5_tomcat-7.0.82_9090/webapps/juddiv3/WEB-INF/classes/juddiv3.xml
2025-06-26 13:30:57,447 INFO [org.apache.juddi.api.impl.AuthenticatedService] - FindBusiness with tModel bag filtering is enabled: true loaded from file:/C:/Users/hp/Desktop/UDDI/juddi-3.3.5_tomcat-7.0.82_9090/webapps/juddiv3/WEB-INF/classes/juddiv3.xml
2025-06-26 13:30:57,458 INFO [org.apache.juddi.api.impl.InquiryHelper] - FindBusiness by tModelBag is enabled! Loaded from file:/C:/Users/hp/Desktop/UDDI/juddi-3.3.5_tomcat-7.0.82_9090/webapps/juddiv3/WEB-INF/classes/juddiv3.xml
2025-06-26 13:30:57,870 INFO [org.apache.juddi.api.impl.AuthenticatedService] - FindBusiness with tModel bag filtering is enabled: true loaded from file:/C:/Users/hp/Desktop/UDDI/juddi-3.3.5_tomcat-7.0.82_9090/webapps/juddiv3/WEB-INF/classes/juddiv3.xml
2025-06-26 13:30:57,872 INFO [org.apache.juddi.api.impl.InquiryHelper] - FindBusiness by tModelBag is enabled! Loaded from file:/C:/Users/hp/Desktop/UDDI/juddi-3.3.5_tomcat-7.0.82_9090/webapps/juddiv3/WEB-INF/classes/juddiv3.xml
2025-06-26 13:30:58,514 INFO [org.apache.juddi.api.impl.AuthenticatedService] - FindBusiness with tModel bag filtering is enabled: true loaded from file:/C:/Users/hp/Desktop/UDDI/juddi-3.3.5_tomcat-7.0.82_9090/webapps/juddiv3/WEB-INF/classes/juddiv3.xml
2025-06-26 13:30:58,516 INFO [org.apache.juddi.api.impl.InquiryHelper] - FindBusiness by tModelBag is enabled! Loaded from file:/C:/Users/hp/Desktop/UDDI/juddi-3.3.5_tomcat-7.0.82_9090/webapps/juddiv3/WEB-INF/classes/juddiv3.xml
2025-06-26 13:31:00,669 INFO [org.apache.juddi.api.impl.AuthenticatedService] - FindBusiness with tModel bag filtering is enabled: true loaded from file:/C:/Users/hp/Desktop/UDDI/juddi-3.3.5_tomcat-7.0.82_9090/webapps/juddiv3/WEB-INF/classes/juddiv3.xml
2025-06-26 13:31:00,671 INFO [org.apache.juddi.api.impl.InquiryHelper] - FindBusiness by tModelBag is enabled! Loaded from file:/C:/Users/hp/Desktop/UDDI/juddi-3.3.5_tomcat-7.0.82_9090/webapps/juddiv3/WEB-INF/classes/juddiv3.xml
2025-06-26 13:31:01,927 INFO [org.apache.juddi.api.impl.AuthenticatedService] - FindBusiness with tModel bag filtering is enabled: true loaded from file:/C:/Users/hp/Desktop/UDDI/juddi-3.3.5_tomcat-7.0.82_9090/webapps/juddiv3/WEB-INF/classes/juddiv3.xml
2025-06-26 13:31:01,928 INFO [org.apache.juddi.api.impl.InquiryHelper] - FindBusiness by tModelBag is enabled! Loaded from file:/C:/Users/hp/Desktop/UDDI/juddi-3.3.5_tomcat-7.0.82_9090/webapps/juddiv3/WEB-INF/classes/juddiv3.xml
2025-06-26 13:31:02,170 INFO [org.apache.juddi.api.impl.AuthenticatedService] - FindBusiness with tModel bag filtering is enabled: true loaded from file:/C:/Users/hp/Desktop/UDDI/juddi-3.3.5_tomcat-7.0.82_9090/webapps/juddiv3/WEB-INF/classes/juddiv3.xml
2025-06-26 13:31:02,174 INFO [org.apache.juddi.api.impl.InquiryHelper] - FindBusiness by tModelBag is enabled! Loaded from file:/C:/Users/hp/Desktop/UDDI/juddi-3.3.5_tomcat-7.0.82_9090/webapps/juddiv3/WEB-INF/classes/juddiv3.xml
2025-06-26 13:31:02,461 INFO [org.apache.juddi.api.impl.AuthenticatedService] - FindBusiness with tModel bag filtering is enabled: true loaded from file:/C:/Users/hp/Desktop/UDDI/juddi-3.3.5_tomcat-7.0.82_9090/webapps/juddiv3/WEB-INF/classes/juddiv3.xml
2025-06-26 13:31:02,463 INFO [org.apache.juddi.api.impl.InquiryHelper] - FindBusiness by tModelBag is enabled! Loaded from file:/C:/Users/hp/Desktop/UDDI/juddi-3.3.5_tomcat-7.0.82_9090/webapps/juddiv3/WEB-INF/classes/juddiv3.xml
2025-06-26 13:31:02,801 INFO [org.apache.juddi.api.impl.AuthenticatedService] - FindBusiness with tModel bag filtering is enabled: true loaded from file:/C:/Users/hp/Desktop/UDDI/juddi-3.3.5_tomcat-7.0.82_9090/webapps/juddiv3/WEB-INF/classes/juddiv3.xml
2025-06-26 13:31:02,812 INFO [org.apache.juddi.api.impl.InquiryHelper] - FindBusiness by tModelBag is enabled! Loaded from file:/C:/Users/hp/Desktop/UDDI/juddi-3.3.5_tomcat-7.0.82_9090/webapps/juddiv3/WEB-INF/classes/juddiv3.xml
2025-06-26 13:31:21,379 INFO [org.apache.juddi.api.impl.AuthenticatedService] - FindBusiness with tModel bag filtering is enabled: true loaded from file:/C:/Users/hp/Desktop/UDDI/juddi-3.3.5_tomcat-7.0.82_9090/webapps/juddiv3/WEB-INF/classes/juddiv3.xml
2025-06-26 13:31:21,381 INFO [org.apache.juddi.api.impl.InquiryHelper] - FindBusiness by tModelBag is enabled! Loaded from file:/C:/Users/hp/Desktop/UDDI/juddi-3.3.5_tomcat-7.0.82_9090/webapps/juddiv3/WEB-INF/classes/juddiv3.xml
2025-06-26 13:31:21,981 INFO [org.apache.juddi.api.impl.AuthenticatedService] - FindBusiness with tModel bag filtering is enabled: true loaded from file:/C:/Users/hp/Desktop/UDDI/juddi-3.3.5_tomcat-7.0.82_9090/webapps/juddiv3/WEB-INF/classes/juddiv3.xml
2025-06-26 13:31:21,986 INFO [org.apache.juddi.api.impl.InquiryHelper] - FindBusiness by tModelBag is enabled! Loaded from file:/C:/Users/hp/Desktop/UDDI/juddi-3.3.5_tomcat-7.0.82_9090/webapps/juddiv3/WEB-INF/classes/juddiv3.xml
2025-06-26 13:31:22,114 INFO [org.apache.juddi.api.impl.AuthenticatedService] - FindBusiness with tModel bag filtering is enabled: true loaded from file:/C:/Users/hp/Desktop/UDDI/juddi-3.3.5_tomcat-7.0.82_9090/webapps/juddiv3/WEB-INF/classes/juddiv3.xml
2025-06-26 13:31:22,114 INFO [org.apache.juddi.api.impl.InquiryHelper] - FindBusiness by tModelBag is enabled! Loaded from file:/C:/Users/hp/Desktop/UDDI/juddi-3.3.5_tomcat-7.0.82_9090/webapps/juddiv3/WEB-INF/classes/juddiv3.xml
2025-06-26 13:31:22,220 INFO [org.apache.juddi.api.impl.AuthenticatedService] - FindBusiness with tModel bag filtering is enabled: true loaded from file:/C:/Users/hp/Desktop/UDDI/juddi-3.3.5_tomcat-7.0.82_9090/webapps/juddiv3/WEB-INF/classes/juddiv3.xml
2025-06-26 13:31:22,221 INFO [org.apache.juddi.api.impl.InquiryHelper] - FindBusiness by tModelBag is enabled! Loaded from file:/C:/Users/hp/Desktop/UDDI/juddi-3.3.5_tomcat-7.0.82_9090/webapps/juddiv3/WEB-INF/classes/juddiv3.xml
2025-06-26 13:31:22,378 INFO [org.apache.juddi.api.impl.AuthenticatedService] - FindBusiness with tModel bag filtering is enabled: true loaded from file:/C:/Users/hp/Desktop/UDDI/juddi-3.3.5_tomcat-7.0.82_9090/webapps/juddiv3/WEB-INF/classes/juddiv3.xml
2025-06-26 13:31:22,378 INFO [org.apache.juddi.api.impl.InquiryHelper] - FindBusiness by tModelBag is enabled! Loaded from file:/C:/Users/hp/Desktop/UDDI/juddi-3.3.5_tomcat-7.0.82_9090/webapps/juddiv3/WEB-INF/classes/juddiv3.xml
2025-06-26 13:31:22,514 INFO [org.apache.juddi.api.impl.AuthenticatedService] - FindBusiness with tModel bag filtering is enabled: true loaded from file:/C:/Users/hp/Desktop/UDDI/juddi-3.3.5_tomcat-7.0.82_9090/webapps/juddiv3/WEB-INF/classes/juddiv3.xml
2025-06-26 13:31:22,514 INFO [org.apache.juddi.api.impl.InquiryHelper] - FindBusiness by tModelBag is enabled! Loaded from file:/C:/Users/hp/Desktop/UDDI/juddi-3.3.5_tomcat-7.0.82_9090/webapps/juddiv3/WEB-INF/classes/juddiv3.xml
2025-06-26 13:31:22,711 INFO [org.apache.juddi.api.impl.AuthenticatedService] - FindBusiness with tModel bag filtering is enabled: true loaded from file:/C:/Users/hp/Desktop/UDDI/juddi-3.3.5_tomcat-7.0.82_9090/webapps/juddiv3/WEB-INF/classes/juddiv3.xml
2025-06-26 13:31:22,712 INFO [org.apache.juddi.api.impl.InquiryHelper] - FindBusiness by tModelBag is enabled! Loaded from file:/C:/Users/hp/Desktop/UDDI/juddi-3.3.5_tomcat-7.0.82_9090/webapps/juddiv3/WEB-INF/classes/juddiv3.xml
2025-06-26 13:31:23,125 INFO [org.apache.juddi.api.impl.AuthenticatedService] - FindBusiness with tModel bag filtering is enabled: true loaded from file:/C:/Users/hp/Desktop/UDDI/juddi-3.3.5_tomcat-7.0.82_9090/webapps/juddiv3/WEB-INF/classes/juddiv3.xml
2025-06-26 13:31:23,127 INFO [org.apache.juddi.api.impl.InquiryHelper] - FindBusiness by tModelBag is enabled! Loaded from file:/C:/Users/hp/Desktop/UDDI/juddi-3.3.5_tomcat-7.0.82_9090/webapps/juddiv3/WEB-INF/classes/juddiv3.xml
2025-06-26 13:31:24,561 INFO [org.apache.juddi.api.impl.AuthenticatedService] - FindBusiness with tModel bag filtering is enabled: true loaded from file:/C:/Users/hp/Desktop/UDDI/juddi-3.3.5_tomcat-7.0.82_9090/webapps/juddiv3/WEB-INF/classes/juddiv3.xml
2025-06-26 13:31:24,561 INFO [org.apache.juddi.api.impl.InquiryHelper] - FindBusiness by tModelBag is enabled! Loaded from file:/C:/Users/hp/Desktop/UDDI/juddi-3.3.5_tomcat-7.0.82_9090/webapps/juddiv3/WEB-INF/classes/juddiv3.xml
2025-06-26 13:31:24,909 INFO [org.apache.juddi.api.impl.AuthenticatedService] - FindBusiness with tModel bag filtering is enabled: true loaded from file:/C:/Users/hp/Desktop/UDDI/juddi-3.3.5_tomcat-7.0.82_9090/webapps/juddiv3/WEB-INF/classes/juddiv3.xml
2025-06-26 13:31:24,914 INFO [org.apache.juddi.api.impl.InquiryHelper] - FindBusiness by tModelBag is enabled! Loaded from file:/C:/Users/hp/Desktop/UDDI/juddi-3.3.5_tomcat-7.0.82_9090/webapps/juddiv3/WEB-INF/classes/juddiv3.xml
2025-06-26 13:31:27,690 INFO [org.apache.juddi.api.impl.AuthenticatedService] - FindBusiness with tModel bag filtering is enabled: true loaded from file:/C:/Users/hp/Desktop/UDDI/juddi-3.3.5_tomcat-7.0.82_9090/webapps/juddiv3/WEB-INF/classes/juddiv3.xml
2025-06-26 13:31:27,690 INFO [org.apache.juddi.api.impl.InquiryHelper] - FindBusiness by tModelBag is enabled! Loaded from file:/C:/Users/hp/Desktop/UDDI/juddi-3.3.5_tomcat-7.0.82_9090/webapps/juddiv3/WEB-INF/classes/juddiv3.xml
2025-06-26 13:31:27,836 INFO [org.apache.juddi.api.impl.AuthenticatedService] - FindBusiness with tModel bag filtering is enabled: true loaded from file:/C:/Users/hp/Desktop/UDDI/juddi-3.3.5_tomcat-7.0.82_9090/webapps/juddiv3/WEB-INF/classes/juddiv3.xml
2025-06-26 13:31:27,839 INFO [org.apache.juddi.api.impl.InquiryHelper] - FindBusiness by tModelBag is enabled! Loaded from file:/C:/Users/hp/Desktop/UDDI/juddi-3.3.5_tomcat-7.0.82_9090/webapps/juddiv3/WEB-INF/classes/juddiv3.xml
2025-06-26 13:31:27,929 INFO [org.apache.juddi.api.impl.AuthenticatedService] - FindBusiness with tModel bag filtering is enabled: true loaded from file:/C:/Users/hp/Desktop/UDDI/juddi-3.3.5_tomcat-7.0.82_9090/webapps/juddiv3/WEB-INF/classes/juddiv3.xml
2025-06-26 13:31:27,930 INFO [org.apache.juddi.api.impl.InquiryHelper] - FindBusiness by tModelBag is enabled! Loaded from file:/C:/Users/hp/Desktop/UDDI/juddi-3.3.5_tomcat-7.0.82_9090/webapps/juddiv3/WEB-INF/classes/juddiv3.xml
2025-06-26 13:31:28,025 INFO [org.apache.juddi.api.impl.AuthenticatedService] - FindBusiness with tModel bag filtering is enabled: true loaded from file:/C:/Users/hp/Desktop/UDDI/juddi-3.3.5_tomcat-7.0.82_9090/webapps/juddiv3/WEB-INF/classes/juddiv3.xml
2025-06-26 13:31:28,026 INFO [org.apache.juddi.api.impl.InquiryHelper] - FindBusiness by tModelBag is enabled! Loaded from file:/C:/Users/hp/Desktop/UDDI/juddi-3.3.5_tomcat-7.0.82_9090/webapps/juddiv3/WEB-INF/classes/juddiv3.xml
2025-06-26 13:31:28,115 INFO [org.apache.juddi.api.impl.AuthenticatedService] - FindBusiness with tModel bag filtering is enabled: true loaded from file:/C:/Users/hp/Desktop/UDDI/juddi-3.3.5_tomcat-7.0.82_9090/webapps/juddiv3/WEB-INF/classes/juddiv3.xml
2025-06-26 13:31:28,117 INFO [org.apache.juddi.api.impl.InquiryHelper] - FindBusiness by tModelBag is enabled! Loaded from file:/C:/Users/hp/Desktop/UDDI/juddi-3.3.5_tomcat-7.0.82_9090/webapps/juddiv3/WEB-INF/classes/juddiv3.xml
2025-06-26 13:31:28,205 INFO [org.apache.juddi.api.impl.AuthenticatedService] - FindBusiness with tModel bag filtering is enabled: true loaded from file:/C:/Users/hp/Desktop/UDDI/juddi-3.3.5_tomcat-7.0.82_9090/webapps/juddiv3/WEB-INF/classes/juddiv3.xml
2025-06-26 13:31:28,205 INFO [org.apache.juddi.api.impl.InquiryHelper] - FindBusiness by tModelBag is enabled! Loaded from file:/C:/Users/hp/Desktop/UDDI/juddi-3.3.5_tomcat-7.0.82_9090/webapps/juddiv3/WEB-INF/classes/juddiv3.xml
2025-06-26 13:31:28,293 INFO [org.apache.juddi.api.impl.AuthenticatedService] - FindBusiness with tModel bag filtering is enabled: true loaded from file:/C:/Users/hp/Desktop/UDDI/juddi-3.3.5_tomcat-7.0.82_9090/webapps/juddiv3/WEB-INF/classes/juddiv3.xml
2025-06-26 13:31:28,295 INFO [org.apache.juddi.api.impl.InquiryHelper] - FindBusiness by tModelBag is enabled! Loaded from file:/C:/Users/hp/Desktop/UDDI/juddi-3.3.5_tomcat-7.0.82_9090/webapps/juddiv3/WEB-INF/classes/juddiv3.xml
2025-06-26 13:31:28,406 INFO [org.apache.juddi.api.impl.AuthenticatedService] - FindBusiness with tModel bag filtering is enabled: true loaded from file:/C:/Users/hp/Desktop/UDDI/juddi-3.3.5_tomcat-7.0.82_9090/webapps/juddiv3/WEB-INF/classes/juddiv3.xml
2025-06-26 13:31:28,406 INFO [org.apache.juddi.api.impl.InquiryHelper] - FindBusiness by tModelBag is enabled! Loaded from file:/C:/Users/hp/Desktop/UDDI/juddi-3.3.5_tomcat-7.0.82_9090/webapps/juddiv3/WEB-INF/classes/juddiv3.xml
2025-06-26 13:31:30,641 INFO [org.apache.juddi.api.impl.AuthenticatedService] - FindBusiness with tModel bag filtering is enabled: true loaded from file:/C:/Users/hp/Desktop/UDDI/juddi-3.3.5_tomcat-7.0.82_9090/webapps/juddiv3/WEB-INF/classes/juddiv3.xml
2025-06-26 13:31:30,641 INFO [org.apache.juddi.api.impl.InquiryHelper] - FindBusiness by tModelBag is enabled! Loaded from file:/C:/Users/hp/Desktop/UDDI/juddi-3.3.5_tomcat-7.0.82_9090/webapps/juddiv3/WEB-INF/classes/juddiv3.xml
2025-06-26 13:31:30,768 INFO [org.apache.juddi.api.impl.AuthenticatedService] - FindBusiness with tModel bag filtering is enabled: true loaded from file:/C:/Users/hp/Desktop/UDDI/juddi-3.3.5_tomcat-7.0.82_9090/webapps/juddiv3/WEB-INF/classes/juddiv3.xml
2025-06-26 13:31:30,768 INFO [org.apache.juddi.api.impl.InquiryHelper] - FindBusiness by tModelBag is enabled! Loaded from file:/C:/Users/hp/Desktop/UDDI/juddi-3.3.5_tomcat-7.0.82_9090/webapps/juddiv3/WEB-INF/classes/juddiv3.xml
2025-06-26 13:31:35,039 INFO [org.apache.juddi.api.impl.AuthenticatedService] - FindBusiness with tModel bag filtering is enabled: true loaded from file:/C:/Users/hp/Desktop/UDDI/juddi-3.3.5_tomcat-7.0.82_9090/webapps/juddiv3/WEB-INF/classes/juddiv3.xml
2025-06-26 13:31:35,044 INFO [org.apache.juddi.api.impl.InquiryHelper] - FindBusiness by tModelBag is enabled! Loaded from file:/C:/Users/hp/Desktop/UDDI/juddi-3.3.5_tomcat-7.0.82_9090/webapps/juddiv3/WEB-INF/classes/juddiv3.xml
2025-06-26 13:31:35,152 INFO [org.apache.juddi.api.impl.AuthenticatedService] - FindBusiness with tModel bag filtering is enabled: true loaded from file:/C:/Users/hp/Desktop/UDDI/juddi-3.3.5_tomcat-7.0.82_9090/webapps/juddiv3/WEB-INF/classes/juddiv3.xml
2025-06-26 13:31:35,152 INFO [org.apache.juddi.api.impl.InquiryHelper] - FindBusiness by tModelBag is enabled! Loaded from file:/C:/Users/hp/Desktop/UDDI/juddi-3.3.5_tomcat-7.0.82_9090/webapps/juddiv3/WEB-INF/classes/juddiv3.xml
2025-06-26 13:31:35,315 INFO [org.apache.juddi.api.impl.AuthenticatedService] - FindBusiness with tModel bag filtering is enabled: true loaded from file:/C:/Users/hp/Desktop/UDDI/juddi-3.3.5_tomcat-7.0.82_9090/webapps/juddiv3/WEB-INF/classes/juddiv3.xml
2025-06-26 13:31:35,315 INFO [org.apache.juddi.api.impl.InquiryHelper] - FindBusiness by tModelBag is enabled! Loaded from file:/C:/Users/hp/Desktop/UDDI/juddi-3.3.5_tomcat-7.0.82_9090/webapps/juddiv3/WEB-INF/classes/juddiv3.xml
2025-06-26 13:31:35,436 INFO [org.apache.juddi.api.impl.AuthenticatedService] - FindBusiness with tModel bag filtering is enabled: true loaded from file:/C:/Users/hp/Desktop/UDDI/juddi-3.3.5_tomcat-7.0.82_9090/webapps/juddiv3/WEB-INF/classes/juddiv3.xml
2025-06-26 13:31:35,437 INFO [org.apache.juddi.api.impl.InquiryHelper] - FindBusiness by tModelBag is enabled! Loaded from file:/C:/Users/hp/Desktop/UDDI/juddi-3.3.5_tomcat-7.0.82_9090/webapps/juddiv3/WEB-INF/classes/juddiv3.xml
2025-06-26 13:31:35,587 INFO [org.apache.juddi.api.impl.AuthenticatedService] - FindBusiness with tModel bag filtering is enabled: true loaded from file:/C:/Users/hp/Desktop/UDDI/juddi-3.3.5_tomcat-7.0.82_9090/webapps/juddiv3/WEB-INF/classes/juddiv3.xml
2025-06-26 13:31:35,588 INFO [org.apache.juddi.api.impl.InquiryHelper] - FindBusiness by tModelBag is enabled! Loaded from file:/C:/Users/hp/Desktop/UDDI/juddi-3.3.5_tomcat-7.0.82_9090/webapps/juddiv3/WEB-INF/classes/juddiv3.xml
2025-06-26 13:31:35,703 INFO [org.apache.juddi.api.impl.AuthenticatedService] - FindBusiness with tModel bag filtering is enabled: true loaded from file:/C:/Users/hp/Desktop/UDDI/juddi-3.3.5_tomcat-7.0.82_9090/webapps/juddiv3/WEB-INF/classes/juddiv3.xml
2025-06-26 13:31:35,707 INFO [org.apache.juddi.api.impl.InquiryHelper] - FindBusiness by tModelBag is enabled! Loaded from file:/C:/Users/hp/Desktop/UDDI/juddi-3.3.5_tomcat-7.0.82_9090/webapps/juddiv3/WEB-INF/classes/juddiv3.xml
2025-06-26 13:31:35,950 INFO [org.apache.juddi.api.impl.AuthenticatedService] - FindBusiness with tModel bag filtering is enabled: true loaded from file:/C:/Users/hp/Desktop/UDDI/juddi-3.3.5_tomcat-7.0.82_9090/webapps/juddiv3/WEB-INF/classes/juddiv3.xml
2025-06-26 13:31:35,956 INFO [org.apache.juddi.api.impl.InquiryHelper] - FindBusiness by tModelBag is enabled! Loaded from file:/C:/Users/hp/Desktop/UDDI/juddi-3.3.5_tomcat-7.0.82_9090/webapps/juddiv3/WEB-INF/classes/juddiv3.xml
2025-06-26 13:31:36,066 INFO [org.apache.juddi.api.impl.AuthenticatedService] - FindBusiness with tModel bag filtering is enabled: true loaded from file:/C:/Users/hp/Desktop/UDDI/juddi-3.3.5_tomcat-7.0.82_9090/webapps/juddiv3/WEB-INF/classes/juddiv3.xml
2025-06-26 13:31:36,066 INFO [org.apache.juddi.api.impl.InquiryHelper] - FindBusiness by tModelBag is enabled! Loaded from file:/C:/Users/hp/Desktop/UDDI/juddi-3.3.5_tomcat-7.0.82_9090/webapps/juddiv3/WEB-INF/classes/juddiv3.xml
2025-06-26 13:31:36,182 INFO [org.apache.juddi.api.impl.AuthenticatedService] - FindBusiness with tModel bag filtering is enabled: true loaded from file:/C:/Users/hp/Desktop/UDDI/juddi-3.3.5_tomcat-7.0.82_9090/webapps/juddiv3/WEB-INF/classes/juddiv3.xml
2025-06-26 13:31:36,184 INFO [org.apache.juddi.api.impl.InquiryHelper] - FindBusiness by tModelBag is enabled! Loaded from file:/C:/Users/hp/Desktop/UDDI/juddi-3.3.5_tomcat-7.0.82_9090/webapps/juddiv3/WEB-INF/classes/juddiv3.xml
2025-06-26 13:31:36,273 INFO [org.apache.juddi.api.impl.AuthenticatedService] - FindBusiness with tModel bag filtering is enabled: true loaded from file:/C:/Users/hp/Desktop/UDDI/juddi-3.3.5_tomcat-7.0.82_9090/webapps/juddiv3/WEB-INF/classes/juddiv3.xml
2025-06-26 13:31:36,277 INFO [org.apache.juddi.api.impl.InquiryHelper] - FindBusiness by tModelBag is enabled! Loaded from file:/C:/Users/hp/Desktop/UDDI/juddi-3.3.5_tomcat-7.0.82_9090/webapps/juddiv3/WEB-INF/classes/juddiv3.xml
2025-06-26 13:31:51,614 INFO [org.apache.juddi.api.impl.AuthenticatedService] - FindBusiness with tModel bag filtering is enabled: true loaded from file:/C:/Users/hp/Desktop/UDDI/juddi-3.3.5_tomcat-7.0.82_9090/webapps/juddiv3/WEB-INF/classes/juddiv3.xml
2025-06-26 13:31:51,616 INFO [org.apache.juddi.api.impl.InquiryHelper] - FindBusiness by tModelBag is enabled! Loaded from file:/C:/Users/hp/Desktop/UDDI/juddi-3.3.5_tomcat-7.0.82_9090/webapps/juddiv3/WEB-INF/classes/juddiv3.xml
2025-06-26 13:31:51,715 INFO [org.apache.juddi.api.impl.AuthenticatedService] - FindBusiness with tModel bag filtering is enabled: true loaded from file:/C:/Users/hp/Desktop/UDDI/juddi-3.3.5_tomcat-7.0.82_9090/webapps/juddiv3/WEB-INF/classes/juddiv3.xml
2025-06-26 13:31:51,715 INFO [org.apache.juddi.api.impl.InquiryHelper] - FindBusiness by tModelBag is enabled! Loaded from file:/C:/Users/hp/Desktop/UDDI/juddi-3.3.5_tomcat-7.0.82_9090/webapps/juddiv3/WEB-INF/classes/juddiv3.xml
2025-06-26 13:31:51,810 INFO [org.apache.juddi.api.impl.AuthenticatedService] - FindBusiness with tModel bag filtering is enabled: true loaded from file:/C:/Users/hp/Desktop/UDDI/juddi-3.3.5_tomcat-7.0.82_9090/webapps/juddiv3/WEB-INF/classes/juddiv3.xml
2025-06-26 13:31:51,813 INFO [org.apache.juddi.api.impl.InquiryHelper] - FindBusiness by tModelBag is enabled! Loaded from file:/C:/Users/hp/Desktop/UDDI/juddi-3.3.5_tomcat-7.0.82_9090/webapps/juddiv3/WEB-INF/classes/juddiv3.xml
2025-06-26 13:31:51,890 INFO [org.apache.juddi.api.impl.AuthenticatedService] - FindBusiness with tModel bag filtering is enabled: true loaded from file:/C:/Users/hp/Desktop/UDDI/juddi-3.3.5_tomcat-7.0.82_9090/webapps/juddiv3/WEB-INF/classes/juddiv3.xml
2025-06-26 13:31:51,890 INFO [org.apache.juddi.api.impl.InquiryHelper] - FindBusiness by tModelBag is enabled! Loaded from file:/C:/Users/hp/Desktop/UDDI/juddi-3.3.5_tomcat-7.0.82_9090/webapps/juddiv3/WEB-INF/classes/juddiv3.xml
2025-06-26 13:31:51,994 INFO [org.apache.juddi.api.impl.AuthenticatedService] - FindBusiness with tModel bag filtering is enabled: true loaded from file:/C:/Users/hp/Desktop/UDDI/juddi-3.3.5_tomcat-7.0.82_9090/webapps/juddiv3/WEB-INF/classes/juddiv3.xml
2025-06-26 13:31:51,996 INFO [org.apache.juddi.api.impl.InquiryHelper] - FindBusiness by tModelBag is enabled! Loaded from file:/C:/Users/hp/Desktop/UDDI/juddi-3.3.5_tomcat-7.0.82_9090/webapps/juddiv3/WEB-INF/classes/juddiv3.xml
2025-06-26 13:31:52,382 INFO [org.apache.juddi.api.impl.AuthenticatedService] - FindBusiness with tModel bag filtering is enabled: true loaded from file:/C:/Users/hp/Desktop/UDDI/juddi-3.3.5_tomcat-7.0.82_9090/webapps/juddiv3/WEB-INF/classes/juddiv3.xml
2025-06-26 13:31:52,383 INFO [org.apache.juddi.api.impl.InquiryHelper] - FindBusiness by tModelBag is enabled! Loaded from file:/C:/Users/hp/Desktop/UDDI/juddi-3.3.5_tomcat-7.0.82_9090/webapps/juddiv3/WEB-INF/classes/juddiv3.xml
2025-06-26 13:31:54,990 INFO [org.apache.juddi.api.impl.AuthenticatedService] - FindBusiness with tModel bag filtering is enabled: true loaded from file:/C:/Users/hp/Desktop/UDDI/juddi-3.3.5_tomcat-7.0.82_9090/webapps/juddiv3/WEB-INF/classes/juddiv3.xml
2025-06-26 13:31:54,993 INFO [org.apache.juddi.api.impl.InquiryHelper] - FindBusiness by tModelBag is enabled! Loaded from file:/C:/Users/hp/Desktop/UDDI/juddi-3.3.5_tomcat-7.0.82_9090/webapps/juddiv3/WEB-INF/classes/juddiv3.xml
2025-06-26 13:31:55,873 INFO [org.apache.juddi.api.impl.AuthenticatedService] - FindBusiness with tModel bag filtering is enabled: true loaded from file:/C:/Users/hp/Desktop/UDDI/juddi-3.3.5_tomcat-7.0.82_9090/webapps/juddiv3/WEB-INF/classes/juddiv3.xml
2025-06-26 13:31:55,886 INFO [org.apache.juddi.api.impl.InquiryHelper] - FindBusiness by tModelBag is enabled! Loaded from file:/C:/Users/hp/Desktop/UDDI/juddi-3.3.5_tomcat-7.0.82_9090/webapps/juddiv3/WEB-INF/classes/juddiv3.xml
2025-06-26 13:31:56,521 INFO [org.apache.juddi.api.impl.AuthenticatedService] - FindBusiness with tModel bag filtering is enabled: true loaded from file:/C:/Users/hp/Desktop/UDDI/juddi-3.3.5_tomcat-7.0.82_9090/webapps/juddiv3/WEB-INF/classes/juddiv3.xml
2025-06-26 13:31:56,528 INFO [org.apache.juddi.api.impl.InquiryHelper] - FindBusiness by tModelBag is enabled! Loaded from file:/C:/Users/hp/Desktop/UDDI/juddi-3.3.5_tomcat-7.0.82_9090/webapps/juddiv3/WEB-INF/classes/juddiv3.xml
2025-06-26 13:31:56,876 INFO [org.apache.juddi.api.impl.AuthenticatedService] - FindBusiness with tModel bag filtering is enabled: true loaded from file:/C:/Users/hp/Desktop/UDDI/juddi-3.3.5_tomcat-7.0.82_9090/webapps/juddiv3/WEB-INF/classes/juddiv3.xml
2025-06-26 13:31:56,891 INFO [org.apache.juddi.api.impl.InquiryHelper] - FindBusiness by tModelBag is enabled! Loaded from file:/C:/Users/hp/Desktop/UDDI/juddi-3.3.5_tomcat-7.0.82_9090/webapps/juddiv3/WEB-INF/classes/juddiv3.xml
2025-06-26 13:38:00,236 INFO [org.apache.juddi.api.impl.AuthenticatedService] - FindBusiness with tModel bag filtering is enabled: true loaded from file:/C:/Users/hp/Desktop/UDDI/juddi-3.3.5_tomcat-7.0.82_9090/webapps/juddiv3/WEB-INF/classes/juddiv3.xml
2025-06-26 13:38:00,249 INFO [org.apache.juddi.api.impl.InquiryHelper] - FindBusiness by tModelBag is enabled! Loaded from file:/C:/Users/hp/Desktop/UDDI/juddi-3.3.5_tomcat-7.0.82_9090/webapps/juddiv3/WEB-INF/classes/juddiv3.xml
2025-06-26 13:38:02,060 INFO [org.apache.juddi.api.impl.AuthenticatedService] - FindBusiness with tModel bag filtering is enabled: true loaded from file:/C:/Users/hp/Desktop/UDDI/juddi-3.3.5_tomcat-7.0.82_9090/webapps/juddiv3/WEB-INF/classes/juddiv3.xml
2025-06-26 13:38:02,064 INFO [org.apache.juddi.api.impl.InquiryHelper] - FindBusiness by tModelBag is enabled! Loaded from file:/C:/Users/hp/Desktop/UDDI/juddi-3.3.5_tomcat-7.0.82_9090/webapps/juddiv3/WEB-INF/classes/juddiv3.xml
2025-06-26 13:38:02,330 INFO [org.apache.juddi.api.impl.AuthenticatedService] - FindBusiness with tModel bag filtering is enabled: true loaded from file:/C:/Users/hp/Desktop/UDDI/juddi-3.3.5_tomcat-7.0.82_9090/webapps/juddiv3/WEB-INF/classes/juddiv3.xml
2025-06-26 13:38:02,334 INFO [org.apache.juddi.api.impl.InquiryHelper] - FindBusiness by tModelBag is enabled! Loaded from file:/C:/Users/hp/Desktop/UDDI/juddi-3.3.5_tomcat-7.0.82_9090/webapps/juddiv3/WEB-INF/classes/juddiv3.xml
2025-06-26 13:38:02,740 INFO [org.apache.juddi.api.impl.AuthenticatedService] - FindBusiness with tModel bag filtering is enabled: true loaded from file:/C:/Users/hp/Desktop/UDDI/juddi-3.3.5_tomcat-7.0.82_9090/webapps/juddiv3/WEB-INF/classes/juddiv3.xml
2025-06-26 13:38:02,741 INFO [org.apache.juddi.api.impl.InquiryHelper] - FindBusiness by tModelBag is enabled! Loaded from file:/C:/Users/hp/Desktop/UDDI/juddi-3.3.5_tomcat-7.0.82_9090/webapps/juddiv3/WEB-INF/classes/juddiv3.xml
2025-06-26 13:38:03,007 INFO [org.apache.juddi.api.impl.AuthenticatedService] - FindBusiness with tModel bag filtering is enabled: true loaded from file:/C:/Users/hp/Desktop/UDDI/juddi-3.3.5_tomcat-7.0.82_9090/webapps/juddiv3/WEB-INF/classes/juddiv3.xml
2025-06-26 13:38:03,011 INFO [org.apache.juddi.api.impl.InquiryHelper] - FindBusiness by tModelBag is enabled! Loaded from file:/C:/Users/hp/Desktop/UDDI/juddi-3.3.5_tomcat-7.0.82_9090/webapps/juddiv3/WEB-INF/classes/juddiv3.xml
2025-06-26 13:38:03,166 INFO [org.apache.juddi.api.impl.AuthenticatedService] - FindBusiness with tModel bag filtering is enabled: true loaded from file:/C:/Users/hp/Desktop/UDDI/juddi-3.3.5_tomcat-7.0.82_9090/webapps/juddiv3/WEB-INF/classes/juddiv3.xml
2025-06-26 13:38:03,166 INFO [org.apache.juddi.api.impl.InquiryHelper] - FindBusiness by tModelBag is enabled! Loaded from file:/C:/Users/hp/Desktop/UDDI/juddi-3.3.5_tomcat-7.0.82_9090/webapps/juddiv3/WEB-INF/classes/juddiv3.xml
2025-06-26 13:38:03,312 INFO [org.apache.juddi.api.impl.AuthenticatedService] - FindBusiness with tModel bag filtering is enabled: true loaded from file:/C:/Users/hp/Desktop/UDDI/juddi-3.3.5_tomcat-7.0.82_9090/webapps/juddiv3/WEB-INF/classes/juddiv3.xml
2025-06-26 13:38:03,312 INFO [org.apache.juddi.api.impl.InquiryHelper] - FindBusiness by tModelBag is enabled! Loaded from file:/C:/Users/hp/Desktop/UDDI/juddi-3.3.5_tomcat-7.0.82_9090/webapps/juddiv3/WEB-INF/classes/juddiv3.xml
2025-06-26 13:38:03,400 INFO [org.apache.juddi.api.impl.AuthenticatedService] - FindBusiness with tModel bag filtering is enabled: true loaded from file:/C:/Users/hp/Desktop/UDDI/juddi-3.3.5_tomcat-7.0.82_9090/webapps/juddiv3/WEB-INF/classes/juddiv3.xml
2025-06-26 13:38:03,402 INFO [org.apache.juddi.api.impl.InquiryHelper] - FindBusiness by tModelBag is enabled! Loaded from file:/C:/Users/hp/Desktop/UDDI/juddi-3.3.5_tomcat-7.0.82_9090/webapps/juddiv3/WEB-INF/classes/juddiv3.xml
2025-06-26 13:38:03,630 INFO [org.apache.juddi.api.impl.AuthenticatedService] - FindBusiness with tModel bag filtering is enabled: true loaded from file:/C:/Users/hp/Desktop/UDDI/juddi-3.3.5_tomcat-7.0.82_9090/webapps/juddiv3/WEB-INF/classes/juddiv3.xml
2025-06-26 13:38:03,630 INFO [org.apache.juddi.api.impl.InquiryHelper] - FindBusiness by tModelBag is enabled! Loaded from file:/C:/Users/hp/Desktop/UDDI/juddi-3.3.5_tomcat-7.0.82_9090/webapps/juddiv3/WEB-INF/classes/juddiv3.xml
2025-06-26 13:38:03,754 INFO [org.apache.juddi.api.impl.AuthenticatedService] - FindBusiness with tModel bag filtering is enabled: true loaded from file:/C:/Users/hp/Desktop/UDDI/juddi-3.3.5_tomcat-7.0.82_9090/webapps/juddiv3/WEB-INF/classes/juddiv3.xml
2025-06-26 13:38:03,754 INFO [org.apache.juddi.api.impl.InquiryHelper] - FindBusiness by tModelBag is enabled! Loaded from file:/C:/Users/hp/Desktop/UDDI/juddi-3.3.5_tomcat-7.0.82_9090/webapps/juddiv3/WEB-INF/classes/juddiv3.xml
2025-06-26 13:39:51,296 INFO [org.apache.juddi.api.impl.AuthenticatedService] - FindBusiness with tModel bag filtering is enabled: true loaded from file:/C:/Users/hp/Desktop/UDDI/juddi-3.3.5_tomcat-7.0.82_9090/webapps/juddiv3/WEB-INF/classes/juddiv3.xml
2025-06-26 13:39:51,303 INFO [org.apache.juddi.api.impl.InquiryHelper] - FindBusiness by tModelBag is enabled! Loaded from file:/C:/Users/hp/Desktop/UDDI/juddi-3.3.5_tomcat-7.0.82_9090/webapps/juddiv3/WEB-INF/classes/juddiv3.xml
2025-06-26 13:39:51,753 INFO [org.apache.juddi.api.impl.AuthenticatedService] - AUDIT: AuthToken request for username from 127.0.0.1
2025-06-26 13:39:51,756 WARN [org.apache.juddi.v3.auth.JUDDIAuthenticator] - DO NOT USE JUDDI AUTHENTICATOR FOR PRODUCTION SYSTEMS - DOES NOT VALIDATE PASSWORDS, AT ALL!
2025-06-26 13:39:51,780 INFO [org.apache.juddi.api.impl.AuthenticatedService] - AUDIT: AuthToken issued for username from 127.0.0.1
2025-06-26 13:39:52,725 WARN [org.apache.juddi.validation.ValidatePublish] - Hey, you should consider encrypting your trust store password!
2025-06-26 13:39:56,108 INFO [org.apache.juddi.replication.ReplicationNotifier] - Replication, Notifying nodes of new change records. 2 queued
2025-06-26 13:39:56,110 INFO [org.apache.juddi.replication.ReplicationNotifier] - CR saved locally, it was from uddi:juddi.apache.org:node1 USN:206 Type:ChangeRecordDelete Key:uddi:juddi.apache.org:2c24556d-5971-4f96-80ce-1e07f7f11bb1 Local id:206
2025-06-26 13:39:56,149 INFO [org.apache.juddi.replication.ReplicationNotifier] - CR saved locally, it was from uddi:juddi.apache.org:node1 USN:207 Type:ChangeRecordNewData Key:uddi:juddi.apache.org:2cfc85ee-b6ce-4b0c-b988-e4239cff1cd6 Local id:207
2025-06-26 13:39:56,177 INFO [org.apache.juddi.subscription.SubscriptionNotifier] - Start Notification background task; checking if subscription notifications need to be send out..
2025-06-26 13:39:56,178 INFO [org.apache.juddi.subscription.SubscriptionNotifier] - Notification background task took 1 milliseconds.
2025-06-26 13:42:31,210 INFO [org.apache.juddi.api.impl.AuthenticatedService] - FindBusiness with tModel bag filtering is enabled: true loaded from file:/C:/Users/hp/Desktop/UDDI/juddi-3.3.5_tomcat-7.0.82_9090/webapps/juddiv3/WEB-INF/classes/juddiv3.xml
2025-06-26 13:42:31,210 INFO [org.apache.juddi.api.impl.InquiryHelper] - FindBusiness by tModelBag is enabled! Loaded from file:/C:/Users/hp/Desktop/UDDI/juddi-3.3.5_tomcat-7.0.82_9090/webapps/juddiv3/WEB-INF/classes/juddiv3.xml
2025-06-26 13:42:34,136 INFO [org.apache.juddi.api.impl.AuthenticatedService] - FindBusiness with tModel bag filtering is enabled: true loaded from file:/C:/Users/hp/Desktop/UDDI/juddi-3.3.5_tomcat-7.0.82_9090/webapps/juddiv3/WEB-INF/classes/juddiv3.xml
2025-06-26 13:42:34,137 INFO [org.apache.juddi.api.impl.InquiryHelper] - FindBusiness by tModelBag is enabled! Loaded from file:/C:/Users/hp/Desktop/UDDI/juddi-3.3.5_tomcat-7.0.82_9090/webapps/juddiv3/WEB-INF/classes/juddiv3.xml
2025-06-26 13:42:34,258 INFO [org.apache.juddi.api.impl.AuthenticatedService] - FindBusiness with tModel bag filtering is enabled: true loaded from file:/C:/Users/hp/Desktop/UDDI/juddi-3.3.5_tomcat-7.0.82_9090/webapps/juddiv3/WEB-INF/classes/juddiv3.xml
2025-06-26 13:42:34,260 INFO [org.apache.juddi.api.impl.InquiryHelper] - FindBusiness by tModelBag is enabled! Loaded from file:/C:/Users/hp/Desktop/UDDI/juddi-3.3.5_tomcat-7.0.82_9090/webapps/juddiv3/WEB-INF/classes/juddiv3.xml
2025-06-26 13:42:34,442 INFO [org.apache.juddi.api.impl.AuthenticatedService] - FindBusiness with tModel bag filtering is enabled: true loaded from file:/C:/Users/hp/Desktop/UDDI/juddi-3.3.5_tomcat-7.0.82_9090/webapps/juddiv3/WEB-INF/classes/juddiv3.xml
2025-06-26 13:42:34,444 INFO [org.apache.juddi.api.impl.InquiryHelper] - FindBusiness by tModelBag is enabled! Loaded from file:/C:/Users/hp/Desktop/UDDI/juddi-3.3.5_tomcat-7.0.82_9090/webapps/juddiv3/WEB-INF/classes/juddiv3.xml
2025-06-26 13:42:34,686 INFO [org.apache.juddi.api.impl.AuthenticatedService] - FindBusiness with tModel bag filtering is enabled: true loaded from file:/C:/Users/hp/Desktop/UDDI/juddi-3.3.5_tomcat-7.0.82_9090/webapps/juddiv3/WEB-INF/classes/juddiv3.xml
2025-06-26 13:42:34,689 INFO [org.apache.juddi.api.impl.InquiryHelper] - FindBusiness by tModelBag is enabled! Loaded from file:/C:/Users/hp/Desktop/UDDI/juddi-3.3.5_tomcat-7.0.82_9090/webapps/juddiv3/WEB-INF/classes/juddiv3.xml
2025-06-26 13:42:34,869 INFO [org.apache.juddi.api.impl.AuthenticatedService] - FindBusiness with tModel bag filtering is enabled: true loaded from file:/C:/Users/hp/Desktop/UDDI/juddi-3.3.5_tomcat-7.0.82_9090/webapps/juddiv3/WEB-INF/classes/juddiv3.xml
2025-06-26 13:42:34,869 INFO [org.apache.juddi.api.impl.InquiryHelper] - FindBusiness by tModelBag is enabled! Loaded from file:/C:/Users/hp/Desktop/UDDI/juddi-3.3.5_tomcat-7.0.82_9090/webapps/juddiv3/WEB-INF/classes/juddiv3.xml
2025-06-26 13:42:35,001 INFO [org.apache.juddi.api.impl.AuthenticatedService] - FindBusiness with tModel bag filtering is enabled: true loaded from file:/C:/Users/hp/Desktop/UDDI/juddi-3.3.5_tomcat-7.0.82_9090/webapps/juddiv3/WEB-INF/classes/juddiv3.xml
2025-06-26 13:42:35,002 INFO [org.apache.juddi.api.impl.InquiryHelper] - FindBusiness by tModelBag is enabled! Loaded from file:/C:/Users/hp/Desktop/UDDI/juddi-3.3.5_tomcat-7.0.82_9090/webapps/juddiv3/WEB-INF/classes/juddiv3.xml
2025-06-26 13:42:35,191 INFO [org.apache.juddi.api.impl.AuthenticatedService] - FindBusiness with tModel bag filtering is enabled: true loaded from file:/C:/Users/hp/Desktop/UDDI/juddi-3.3.5_tomcat-7.0.82_9090/webapps/juddiv3/WEB-INF/classes/juddiv3.xml
2025-06-26 13:42:35,191 INFO [org.apache.juddi.api.impl.InquiryHelper] - FindBusiness by tModelBag is enabled! Loaded from file:/C:/Users/hp/Desktop/UDDI/juddi-3.3.5_tomcat-7.0.82_9090/webapps/juddiv3/WEB-INF/classes/juddiv3.xml
2025-06-26 13:42:35,321 INFO [org.apache.juddi.api.impl.AuthenticatedService] - FindBusiness with tModel bag filtering is enabled: true loaded from file:/C:/Users/hp/Desktop/UDDI/juddi-3.3.5_tomcat-7.0.82_9090/webapps/juddiv3/WEB-INF/classes/juddiv3.xml
2025-06-26 13:42:35,321 INFO [org.apache.juddi.api.impl.InquiryHelper] - FindBusiness by tModelBag is enabled! Loaded from file:/C:/Users/hp/Desktop/UDDI/juddi-3.3.5_tomcat-7.0.82_9090/webapps/juddiv3/WEB-INF/classes/juddiv3.xml
2025-06-26 13:42:35,436 INFO [org.apache.juddi.api.impl.AuthenticatedService] - FindBusiness with tModel bag filtering is enabled: true loaded from file:/C:/Users/hp/Desktop/UDDI/juddi-3.3.5_tomcat-7.0.82_9090/webapps/juddiv3/WEB-INF/classes/juddiv3.xml
2025-06-26 13:42:35,442 INFO [org.apache.juddi.api.impl.InquiryHelper] - FindBusiness by tModelBag is enabled! Loaded from file:/C:/Users/hp/Desktop/UDDI/juddi-3.3.5_tomcat-7.0.82_9090/webapps/juddiv3/WEB-INF/classes/juddiv3.xml
2025-06-26 13:46:44,727 INFO [org.apache.juddi.api.impl.AuthenticatedService] - FindBusiness with tModel bag filtering is enabled: true loaded from file:/C:/Users/hp/Desktop/UDDI/juddi-3.3.5_tomcat-7.0.82_9090/webapps/juddiv3/WEB-INF/classes/juddiv3.xml
2025-06-26 13:46:44,727 INFO [org.apache.juddi.api.impl.InquiryHelper] - FindBusiness by tModelBag is enabled! Loaded from file:/C:/Users/hp/Desktop/UDDI/juddi-3.3.5_tomcat-7.0.82_9090/webapps/juddiv3/WEB-INF/classes/juddiv3.xml
2025-06-26 13:46:44,867 INFO [org.apache.juddi.api.impl.AuthenticatedService] - FindBusiness with tModel bag filtering is enabled: true loaded from file:/C:/Users/hp/Desktop/UDDI/juddi-3.3.5_tomcat-7.0.82_9090/webapps/juddiv3/WEB-INF/classes/juddiv3.xml
2025-06-26 13:46:44,869 INFO [org.apache.juddi.api.impl.InquiryHelper] - FindBusiness by tModelBag is enabled! Loaded from file:/C:/Users/hp/Desktop/UDDI/juddi-3.3.5_tomcat-7.0.82_9090/webapps/juddiv3/WEB-INF/classes/juddiv3.xml
2025-06-26 13:46:45,036 INFO [org.apache.juddi.api.impl.AuthenticatedService] - FindBusiness with tModel bag filtering is enabled: true loaded from file:/C:/Users/hp/Desktop/UDDI/juddi-3.3.5_tomcat-7.0.82_9090/webapps/juddiv3/WEB-INF/classes/juddiv3.xml
2025-06-26 13:46:45,036 INFO [org.apache.juddi.api.impl.InquiryHelper] - FindBusiness by tModelBag is enabled! Loaded from file:/C:/Users/hp/Desktop/UDDI/juddi-3.3.5_tomcat-7.0.82_9090/webapps/juddiv3/WEB-INF/classes/juddiv3.xml
2025-06-26 13:46:45,273 INFO [org.apache.juddi.api.impl.AuthenticatedService] - FindBusiness with tModel bag filtering is enabled: true loaded from file:/C:/Users/hp/Desktop/UDDI/juddi-3.3.5_tomcat-7.0.82_9090/webapps/juddiv3/WEB-INF/classes/juddiv3.xml
2025-06-26 13:46:45,281 INFO [org.apache.juddi.api.impl.InquiryHelper] - FindBusiness by tModelBag is enabled! Loaded from file:/C:/Users/hp/Desktop/UDDI/juddi-3.3.5_tomcat-7.0.82_9090/webapps/juddiv3/WEB-INF/classes/juddiv3.xml
2025-06-26 13:46:45,433 INFO [org.apache.juddi.api.impl.AuthenticatedService] - FindBusiness with tModel bag filtering is enabled: true loaded from file:/C:/Users/hp/Desktop/UDDI/juddi-3.3.5_tomcat-7.0.82_9090/webapps/juddiv3/WEB-INF/classes/juddiv3.xml
2025-06-26 13:46:45,433 INFO [org.apache.juddi.api.impl.InquiryHelper] - FindBusiness by tModelBag is enabled! Loaded from file:/C:/Users/hp/Desktop/UDDI/juddi-3.3.5_tomcat-7.0.82_9090/webapps/juddiv3/WEB-INF/classes/juddiv3.xml
2025-06-26 13:46:45,589 INFO [org.apache.juddi.api.impl.AuthenticatedService] - FindBusiness with tModel bag filtering is enabled: true loaded from file:/C:/Users/hp/Desktop/UDDI/juddi-3.3.5_tomcat-7.0.82_9090/webapps/juddiv3/WEB-INF/classes/juddiv3.xml
2025-06-26 13:46:45,589 INFO [org.apache.juddi.api.impl.InquiryHelper] - FindBusiness by tModelBag is enabled! Loaded from file:/C:/Users/hp/Desktop/UDDI/juddi-3.3.5_tomcat-7.0.82_9090/webapps/juddiv3/WEB-INF/classes/juddiv3.xml
2025-06-26 13:46:46,063 INFO [org.apache.juddi.api.impl.AuthenticatedService] - FindBusiness with tModel bag filtering is enabled: true loaded from file:/C:/Users/hp/Desktop/UDDI/juddi-3.3.5_tomcat-7.0.82_9090/webapps/juddiv3/WEB-INF/classes/juddiv3.xml
2025-06-26 13:46:46,064 INFO [org.apache.juddi.api.impl.InquiryHelper] - FindBusiness by tModelBag is enabled! Loaded from file:/C:/Users/hp/Desktop/UDDI/juddi-3.3.5_tomcat-7.0.82_9090/webapps/juddiv3/WEB-INF/classes/juddiv3.xml
2025-06-26 13:46:46,433 INFO [org.apache.juddi.api.impl.AuthenticatedService] - FindBusiness with tModel bag filtering is enabled: true loaded from file:/C:/Users/hp/Desktop/UDDI/juddi-3.3.5_tomcat-7.0.82_9090/webapps/juddiv3/WEB-INF/classes/juddiv3.xml
2025-06-26 13:46:46,436 INFO [org.apache.juddi.api.impl.InquiryHelper] - FindBusiness by tModelBag is enabled! Loaded from file:/C:/Users/hp/Desktop/UDDI/juddi-3.3.5_tomcat-7.0.82_9090/webapps/juddiv3/WEB-INF/classes/juddiv3.xml
2025-06-26 13:46:46,828 INFO [org.apache.juddi.api.impl.AuthenticatedService] - FindBusiness with tModel bag filtering is enabled: true loaded from file:/C:/Users/hp/Desktop/UDDI/juddi-3.3.5_tomcat-7.0.82_9090/webapps/juddiv3/WEB-INF/classes/juddiv3.xml
2025-06-26 13:46:46,828 INFO [org.apache.juddi.api.impl.InquiryHelper] - FindBusiness by tModelBag is enabled! Loaded from file:/C:/Users/hp/Desktop/UDDI/juddi-3.3.5_tomcat-7.0.82_9090/webapps/juddiv3/WEB-INF/classes/juddiv3.xml
2025-06-26 13:46:47,542 INFO [org.apache.juddi.api.impl.AuthenticatedService] - FindBusiness with tModel bag filtering is enabled: true loaded from file:/C:/Users/hp/Desktop/UDDI/juddi-3.3.5_tomcat-7.0.82_9090/webapps/juddiv3/WEB-INF/classes/juddiv3.xml
2025-06-26 13:46:47,552 INFO [org.apache.juddi.api.impl.InquiryHelper] - FindBusiness by tModelBag is enabled! Loaded from file:/C:/Users/hp/Desktop/UDDI/juddi-3.3.5_tomcat-7.0.82_9090/webapps/juddiv3/WEB-INF/classes/juddiv3.xml
2025-06-26 13:48:04,995 INFO [org.apache.juddi.api.impl.AuthenticatedService] - FindBusiness with tModel bag filtering is enabled: true loaded from file:/C:/Users/hp/Desktop/UDDI/juddi-3.3.5_tomcat-7.0.82_9090/webapps/juddiv3/WEB-INF/classes/juddiv3.xml
2025-06-26 13:48:04,997 INFO [org.apache.juddi.api.impl.InquiryHelper] - FindBusiness by tModelBag is enabled! Loaded from file:/C:/Users/hp/Desktop/UDDI/juddi-3.3.5_tomcat-7.0.82_9090/webapps/juddiv3/WEB-INF/classes/juddiv3.xml
2025-06-26 13:48:06,759 INFO [org.apache.juddi.api.impl.AuthenticatedService] - FindBusiness with tModel bag filtering is enabled: true loaded from file:/C:/Users/hp/Desktop/UDDI/juddi-3.3.5_tomcat-7.0.82_9090/webapps/juddiv3/WEB-INF/classes/juddiv3.xml
2025-06-26 13:48:06,761 INFO [org.apache.juddi.api.impl.InquiryHelper] - FindBusiness by tModelBag is enabled! Loaded from file:/C:/Users/hp/Desktop/UDDI/juddi-3.3.5_tomcat-7.0.82_9090/webapps/juddiv3/WEB-INF/classes/juddiv3.xml
2025-06-26 13:48:06,979 INFO [org.apache.juddi.api.impl.AuthenticatedService] - FindBusiness with tModel bag filtering is enabled: true loaded from file:/C:/Users/hp/Desktop/UDDI/juddi-3.3.5_tomcat-7.0.82_9090/webapps/juddiv3/WEB-INF/classes/juddiv3.xml
2025-06-26 13:48:06,980 INFO [org.apache.juddi.api.impl.InquiryHelper] - FindBusiness by tModelBag is enabled! Loaded from file:/C:/Users/hp/Desktop/UDDI/juddi-3.3.5_tomcat-7.0.82_9090/webapps/juddiv3/WEB-INF/classes/juddiv3.xml
2025-06-26 13:48:07,054 INFO [org.apache.juddi.api.impl.AuthenticatedService] - FindBusiness with tModel bag filtering is enabled: true loaded from file:/C:/Users/hp/Desktop/UDDI/juddi-3.3.5_tomcat-7.0.82_9090/webapps/juddiv3/WEB-INF/classes/juddiv3.xml
2025-06-26 13:48:07,056 INFO [org.apache.juddi.api.impl.InquiryHelper] - FindBusiness by tModelBag is enabled! Loaded from file:/C:/Users/hp/Desktop/UDDI/juddi-3.3.5_tomcat-7.0.82_9090/webapps/juddiv3/WEB-INF/classes/juddiv3.xml
2025-06-26 13:48:07,600 INFO [org.apache.juddi.api.impl.AuthenticatedService] - FindBusiness with tModel bag filtering is enabled: true loaded from file:/C:/Users/hp/Desktop/UDDI/juddi-3.3.5_tomcat-7.0.82_9090/webapps/juddiv3/WEB-INF/classes/juddiv3.xml
2025-06-26 13:48:07,601 INFO [org.apache.juddi.api.impl.InquiryHelper] - FindBusiness by tModelBag is enabled! Loaded from file:/C:/Users/hp/Desktop/UDDI/juddi-3.3.5_tomcat-7.0.82_9090/webapps/juddiv3/WEB-INF/classes/juddiv3.xml
2025-06-26 13:48:07,968 INFO [org.apache.juddi.api.impl.AuthenticatedService] - FindBusiness with tModel bag filtering is enabled: true loaded from file:/C:/Users/hp/Desktop/UDDI/juddi-3.3.5_tomcat-7.0.82_9090/webapps/juddiv3/WEB-INF/classes/juddiv3.xml
2025-06-26 13:48:07,970 INFO [org.apache.juddi.api.impl.InquiryHelper] - FindBusiness by tModelBag is enabled! Loaded from file:/C:/Users/hp/Desktop/UDDI/juddi-3.3.5_tomcat-7.0.82_9090/webapps/juddiv3/WEB-INF/classes/juddiv3.xml
2025-06-26 13:48:08,133 INFO [org.apache.juddi.api.impl.AuthenticatedService] - FindBusiness with tModel bag filtering is enabled: true loaded from file:/C:/Users/hp/Desktop/UDDI/juddi-3.3.5_tomcat-7.0.82_9090/webapps/juddiv3/WEB-INF/classes/juddiv3.xml
2025-06-26 13:48:08,134 INFO [org.apache.juddi.api.impl.InquiryHelper] - FindBusiness by tModelBag is enabled! Loaded from file:/C:/Users/hp/Desktop/UDDI/juddi-3.3.5_tomcat-7.0.82_9090/webapps/juddiv3/WEB-INF/classes/juddiv3.xml
2025-06-26 13:48:08,317 INFO [org.apache.juddi.api.impl.AuthenticatedService] - FindBusiness with tModel bag filtering is enabled: true loaded from file:/C:/Users/hp/Desktop/UDDI/juddi-3.3.5_tomcat-7.0.82_9090/webapps/juddiv3/WEB-INF/classes/juddiv3.xml
2025-06-26 13:48:08,318 INFO [org.apache.juddi.api.impl.InquiryHelper] - FindBusiness by tModelBag is enabled! Loaded from file:/C:/Users/hp/Desktop/UDDI/juddi-3.3.5_tomcat-7.0.82_9090/webapps/juddiv3/WEB-INF/classes/juddiv3.xml
2025-06-26 13:48:08,404 INFO [org.apache.juddi.api.impl.AuthenticatedService] - FindBusiness with tModel bag filtering is enabled: true loaded from file:/C:/Users/hp/Desktop/UDDI/juddi-3.3.5_tomcat-7.0.82_9090/webapps/juddiv3/WEB-INF/classes/juddiv3.xml
2025-06-26 13:48:08,404 INFO [org.apache.juddi.api.impl.InquiryHelper] - FindBusiness by tModelBag is enabled! Loaded from file:/C:/Users/hp/Desktop/UDDI/juddi-3.3.5_tomcat-7.0.82_9090/webapps/juddiv3/WEB-INF/classes/juddiv3.xml
2025-06-26 13:48:08,634 INFO [org.apache.juddi.api.impl.AuthenticatedService] - FindBusiness with tModel bag filtering is enabled: true loaded from file:/C:/Users/hp/Desktop/UDDI/juddi-3.3.5_tomcat-7.0.82_9090/webapps/juddiv3/WEB-INF/classes/juddiv3.xml
2025-06-26 13:48:08,639 INFO [org.apache.juddi.api.impl.InquiryHelper] - FindBusiness by tModelBag is enabled! Loaded from file:/C:/Users/hp/Desktop/UDDI/juddi-3.3.5_tomcat-7.0.82_9090/webapps/juddiv3/WEB-INF/classes/juddiv3.xml
2025-06-26 13:57:45,662 INFO [org.springframework.web.context.ContextLoader] - Root WebApplicationContext: initialization started
2025-06-26 13:57:46,214 INFO [org.springframework.web.context.support.XmlWebApplicationContext] - Refreshing Root WebApplicationContext: startup date [Thu Jun 26 13:57:46 WAT 2025]; root of context hierarchy
2025-06-26 13:57:46,661 INFO [org.springframework.beans.factory.xml.XmlBeanDefinitionReader] - Loading XML bean definitions from ServletContext resource [/WEB-INF/beans.xml]
2025-06-26 13:57:48,023 INFO [org.springframework.beans.factory.xml.XmlBeanDefinitionReader] - Loading XML bean definitions from class path resource [META-INF/cxf/cxf.xml]
2025-06-26 13:57:48,286 INFO [org.springframework.beans.factory.xml.XmlBeanDefinitionReader] - Loading XML bean definitions from class path resource [META-INF/cxf/cxf-extension-soap.xml]
2025-06-26 13:57:48,455 INFO [org.springframework.beans.factory.xml.XmlBeanDefinitionReader] - Loading XML bean definitions from class path resource [META-INF/cxf/cxf-servlet.xml]
2025-06-26 13:57:49,913 INFO [org.springframework.beans.factory.support.DefaultListableBeanFactory] - Pre-instantiating singletons in org.springframework.beans.factory.support.DefaultListableBeanFactory@5ff2e40a: defining beans [cxf,org.apache.cxf.bus.spring.BusWiringBeanFactoryPostProcessor,org.apache.cxf.bus.spring.Jsr250BeanPostProcessor,org.apache.cxf.bus.spring.BusExtensionPostProcessor,org.apache.cxf.binding.soap.SoapBindingFactory,org.apache.cxf.binding.soap.SoapTransportFactory,org.apache.cxf.binding.soap.customEditorConfigurer,inquiry,publish,security,subscription,subscription-listener,custody-transfer,valueset-validation,valueset-caching,inquiryv2,publishv2,juddi-api,jsonNamespaceMap,inquiryRestService,inquiryRest,jsonProvider,jaxbProvider]; root of factory hierarchy
2025-06-26 13:57:51,084 INFO [org.apache.juddi.config.AppConfig] - Reading from jUDDI config file from:  file:/C:/Users/hp/Desktop/UDDI/juddi-3.3.5_tomcat-7.0.82_9090/webapps/juddiv3/WEB-INF/classes/juddiv3.xml
2025-06-26 13:58:06,197 INFO [org.apache.juddi.config.Install] - Checking if jUDDI is seeded by searching for root publisher root
2025-06-26 13:58:09,793 INFO [org.apache.juddi.api.impl.UDDIServiceCounter] - Found MBean server
2025-06-26 13:58:18,585 INFO [org.apache.juddi.api.impl.UDDIServiceCounter] - Found MBean server
2025-06-26 13:58:20,200 INFO [org.apache.juddi.api.impl.UDDIServiceCounter] - Found MBean server
2025-06-26 13:58:21,347 INFO [org.apache.juddi.api.impl.UDDIServiceCounter] - Found MBean server
2025-06-26 13:58:23,510 INFO [org.apache.juddi.api.impl.UDDIServiceCounter] - Found MBean server
2025-06-26 13:58:25,203 INFO [org.apache.juddi.api.impl.UDDIServiceCounter] - Found MBean server
2025-06-26 13:58:26,337 INFO [org.apache.juddi.api.impl.UDDIServiceCounter] - Found MBean server
2025-06-26 13:58:27,359 WARN [org.apache.juddi.api.impl.UDDIv2InquiryImpl] - This implementation of UDDIv2 Inquire service org.apache.juddi.api.impl.UDDIv2InquiryImpl is considered BETA. Please report any issues to https://issues.apache.org/jira/browse/JUDDI
2025-06-26 13:58:28,771 WARN [org.apache.juddi.api.impl.UDDIv2PublishImpl] - This implementation of UDDIv2 Publish service org.apache.juddi.api.impl.UDDIv2PublishImpl is considered BETA. Please report any issues to https://issues.apache.org/jira/browse/JUDDI
2025-06-26 13:58:29,286 INFO [org.apache.juddi.api.impl.UDDIServiceCounter] - Found MBean server
2025-06-26 13:58:34,526 INFO [org.springframework.web.context.ContextLoader] - Root WebApplicationContext: initialization completed in 48864 ms
2025-06-26 13:58:35,162 INFO [org.apache.juddi.Registry] - Starting jUDDI registry...This is node uddi:juddi.apache.org:node1
2025-06-26 13:58:36,044 INFO [org.apache.juddi.config.AppConfig] - Reading from jUDDI config file from:  file:/C:/Users/hp/Desktop/UDDI/juddi-3.3.5_tomcat-7.0.82_9090/webapps/juddiv3/WEB-INF/classes/juddiv3.xml
2025-06-26 13:58:36,044 INFO [org.apache.juddi.config.Install] - Checking if jUDDI is seeded by searching for root publisher root
2025-06-26 13:58:36,064 INFO [org.apache.juddi.Registry] - jUDDI registry started successfully.
2025-06-26 13:58:55,900 INFO [org.springframework.web.context.ContextLoader] - Root WebApplicationContext: initialization started
2025-06-26 13:58:56,632 INFO [org.springframework.web.context.support.XmlWebApplicationContext] - Refreshing Root WebApplicationContext: startup date [Thu Jun 26 13:58:56 WAT 2025]; root of context hierarchy
2025-06-26 13:58:57,012 INFO [org.springframework.beans.factory.xml.XmlBeanDefinitionReader] - Loading XML bean definitions from ServletContext resource [/WEB-INF/beans.xml]
2025-06-26 13:58:57,138 INFO [org.springframework.beans.factory.xml.XmlBeanDefinitionReader] - Loading XML bean definitions from class path resource [META-INF/cxf/cxf.xml]
2025-06-26 13:58:57,228 INFO [org.springframework.beans.factory.xml.XmlBeanDefinitionReader] - Loading XML bean definitions from class path resource [META-INF/cxf/cxf-extension-soap.xml]
2025-06-26 13:58:57,362 INFO [org.springframework.beans.factory.xml.XmlBeanDefinitionReader] - Loading XML bean definitions from class path resource [META-INF/cxf/cxf-servlet.xml]
2025-06-26 13:58:58,687 INFO [org.springframework.beans.factory.support.DefaultListableBeanFactory] - Pre-instantiating singletons in org.springframework.beans.factory.support.DefaultListableBeanFactory@5ec95a54: defining beans [cxf,org.apache.cxf.bus.spring.BusWiringBeanFactoryPostProcessor,org.apache.cxf.bus.spring.Jsr250BeanPostProcessor,org.apache.cxf.bus.spring.BusExtensionPostProcessor,org.apache.cxf.binding.soap.SoapBindingFactory,org.apache.cxf.binding.soap.SoapTransportFactory,org.apache.cxf.binding.soap.customEditorConfigurer,replication]; root of factory hierarchy
2025-06-26 13:59:00,447 INFO [org.apache.juddi.config.AppConfig] - Reading from jUDDI config file from:  file:/C:/Users/hp/Desktop/UDDI/juddi-3.3.5_tomcat-7.0.82_9090/webapps/juddiv3replication/WEB-INF/classes/juddiv3.xml
2025-06-26 13:59:09,856 INFO [org.apache.juddi.config.Install] - Checking if jUDDI is seeded by searching for root publisher root
2025-06-26 13:59:12,013 INFO [org.apache.juddi.api.impl.UDDIServiceCounter] - Found MBean server
2025-06-26 13:59:12,013 INFO [org.apache.juddi.api.impl.UDDIServiceCounter] - Found MBean server
2025-06-26 13:59:18,963 INFO [org.springframework.web.context.ContextLoader] - Root WebApplicationContext: initialization completed in 23062 ms
2025-06-26 13:59:19,518 INFO [org.apache.juddi.Registry] - Starting jUDDI registry...This is node uddi:juddi.apache.org:node1
2025-06-26 13:59:19,971 INFO [org.apache.juddi.config.AppConfig] - Reading from jUDDI config file from:  file:/C:/Users/hp/Desktop/UDDI/juddi-3.3.5_tomcat-7.0.82_9090/webapps/juddiv3replication/WEB-INF/classes/juddiv3.xml
2025-06-26 13:59:19,971 INFO [org.apache.juddi.config.Install] - Checking if jUDDI is seeded by searching for root publisher root
2025-06-26 13:59:20,010 INFO [org.apache.juddi.api.impl.UDDIServiceCounter] - Found MBean server
2025-06-26 13:59:20,011 INFO [org.apache.juddi.Registry] - jUDDI registry started successfully.
2025-06-26 14:01:32,344 INFO [org.apache.juddi.api.impl.AuthenticatedService] - FindBusiness with tModel bag filtering is enabled: true loaded from file:/C:/Users/hp/Desktop/UDDI/juddi-3.3.5_tomcat-7.0.82_9090/webapps/juddiv3/WEB-INF/classes/juddiv3.xml
2025-06-26 14:01:32,614 INFO [org.apache.juddi.api.impl.InquiryHelper] - FindBusiness by tModelBag is enabled! Loaded from file:/C:/Users/hp/Desktop/UDDI/juddi-3.3.5_tomcat-7.0.82_9090/webapps/juddiv3/WEB-INF/classes/juddiv3.xml
2025-06-26 14:01:32,804 INFO [org.apache.juddi.api.impl.AuthenticatedService] - FindBusiness with tModel bag filtering is enabled: true loaded from file:/C:/Users/hp/Desktop/UDDI/juddi-3.3.5_tomcat-7.0.82_9090/webapps/juddiv3/WEB-INF/classes/juddiv3.xml
2025-06-26 14:01:32,807 INFO [org.apache.juddi.api.impl.InquiryHelper] - FindBusiness by tModelBag is enabled! Loaded from file:/C:/Users/hp/Desktop/UDDI/juddi-3.3.5_tomcat-7.0.82_9090/webapps/juddiv3/WEB-INF/classes/juddiv3.xml
2025-06-26 14:01:32,916 INFO [org.apache.juddi.api.impl.AuthenticatedService] - FindBusiness with tModel bag filtering is enabled: true loaded from file:/C:/Users/hp/Desktop/UDDI/juddi-3.3.5_tomcat-7.0.82_9090/webapps/juddiv3/WEB-INF/classes/juddiv3.xml
2025-06-26 14:01:32,918 INFO [org.apache.juddi.api.impl.InquiryHelper] - FindBusiness by tModelBag is enabled! Loaded from file:/C:/Users/hp/Desktop/UDDI/juddi-3.3.5_tomcat-7.0.82_9090/webapps/juddiv3/WEB-INF/classes/juddiv3.xml
2025-06-26 14:01:33,030 INFO [org.apache.juddi.api.impl.AuthenticatedService] - FindBusiness with tModel bag filtering is enabled: true loaded from file:/C:/Users/hp/Desktop/UDDI/juddi-3.3.5_tomcat-7.0.82_9090/webapps/juddiv3/WEB-INF/classes/juddiv3.xml
2025-06-26 14:01:33,030 INFO [org.apache.juddi.api.impl.InquiryHelper] - FindBusiness by tModelBag is enabled! Loaded from file:/C:/Users/hp/Desktop/UDDI/juddi-3.3.5_tomcat-7.0.82_9090/webapps/juddiv3/WEB-INF/classes/juddiv3.xml
2025-06-26 14:01:33,189 INFO [org.apache.juddi.api.impl.AuthenticatedService] - FindBusiness with tModel bag filtering is enabled: true loaded from file:/C:/Users/hp/Desktop/UDDI/juddi-3.3.5_tomcat-7.0.82_9090/webapps/juddiv3/WEB-INF/classes/juddiv3.xml
2025-06-26 14:01:33,191 INFO [org.apache.juddi.api.impl.InquiryHelper] - FindBusiness by tModelBag is enabled! Loaded from file:/C:/Users/hp/Desktop/UDDI/juddi-3.3.5_tomcat-7.0.82_9090/webapps/juddiv3/WEB-INF/classes/juddiv3.xml
2025-06-26 14:01:33,365 INFO [org.apache.juddi.api.impl.AuthenticatedService] - FindBusiness with tModel bag filtering is enabled: true loaded from file:/C:/Users/hp/Desktop/UDDI/juddi-3.3.5_tomcat-7.0.82_9090/webapps/juddiv3/WEB-INF/classes/juddiv3.xml
2025-06-26 14:01:33,367 INFO [org.apache.juddi.api.impl.InquiryHelper] - FindBusiness by tModelBag is enabled! Loaded from file:/C:/Users/hp/Desktop/UDDI/juddi-3.3.5_tomcat-7.0.82_9090/webapps/juddiv3/WEB-INF/classes/juddiv3.xml
2025-06-26 14:01:33,523 INFO [org.apache.juddi.api.impl.AuthenticatedService] - FindBusiness with tModel bag filtering is enabled: true loaded from file:/C:/Users/hp/Desktop/UDDI/juddi-3.3.5_tomcat-7.0.82_9090/webapps/juddiv3/WEB-INF/classes/juddiv3.xml
2025-06-26 14:01:33,524 INFO [org.apache.juddi.api.impl.InquiryHelper] - FindBusiness by tModelBag is enabled! Loaded from file:/C:/Users/hp/Desktop/UDDI/juddi-3.3.5_tomcat-7.0.82_9090/webapps/juddiv3/WEB-INF/classes/juddiv3.xml
2025-06-26 14:01:33,852 INFO [org.apache.juddi.api.impl.AuthenticatedService] - FindBusiness with tModel bag filtering is enabled: true loaded from file:/C:/Users/hp/Desktop/UDDI/juddi-3.3.5_tomcat-7.0.82_9090/webapps/juddiv3/WEB-INF/classes/juddiv3.xml
2025-06-26 14:01:33,855 INFO [org.apache.juddi.api.impl.InquiryHelper] - FindBusiness by tModelBag is enabled! Loaded from file:/C:/Users/hp/Desktop/UDDI/juddi-3.3.5_tomcat-7.0.82_9090/webapps/juddiv3/WEB-INF/classes/juddiv3.xml
2025-06-26 14:01:33,984 INFO [org.apache.juddi.api.impl.AuthenticatedService] - FindBusiness with tModel bag filtering is enabled: true loaded from file:/C:/Users/hp/Desktop/UDDI/juddi-3.3.5_tomcat-7.0.82_9090/webapps/juddiv3/WEB-INF/classes/juddiv3.xml
2025-06-26 14:01:33,984 INFO [org.apache.juddi.api.impl.InquiryHelper] - FindBusiness by tModelBag is enabled! Loaded from file:/C:/Users/hp/Desktop/UDDI/juddi-3.3.5_tomcat-7.0.82_9090/webapps/juddiv3/WEB-INF/classes/juddiv3.xml
2025-06-26 14:01:34,181 INFO [org.apache.juddi.api.impl.AuthenticatedService] - FindBusiness with tModel bag filtering is enabled: true loaded from file:/C:/Users/hp/Desktop/UDDI/juddi-3.3.5_tomcat-7.0.82_9090/webapps/juddiv3/WEB-INF/classes/juddiv3.xml
2025-06-26 14:01:34,334 INFO [org.apache.juddi.api.impl.InquiryHelper] - FindBusiness by tModelBag is enabled! Loaded from file:/C:/Users/hp/Desktop/UDDI/juddi-3.3.5_tomcat-7.0.82_9090/webapps/juddiv3/WEB-INF/classes/juddiv3.xml
2025-06-26 14:11:14,279 INFO [org.apache.juddi.Registry] - Stopping jUDDI registry...
2025-06-26 14:11:14,282 INFO [org.apache.juddi.Registry] - Shutting down SubscriptionNotifier
2025-06-26 14:11:14,284 INFO [org.apache.juddi.Registry] - jUDDI shutdown completed.
2025-06-26 14:11:14,667 INFO [org.springframework.web.context.support.XmlWebApplicationContext] - Closing Root WebApplicationContext: startup date [Thu Jun 26 13:58:56 WAT 2025]; root of context hierarchy
2025-06-26 14:11:14,670 INFO [org.springframework.beans.factory.support.DefaultListableBeanFactory] - Destroying singletons in org.springframework.beans.factory.support.DefaultListableBeanFactory@5ec95a54: defining beans [cxf,org.apache.cxf.bus.spring.BusWiringBeanFactoryPostProcessor,org.apache.cxf.bus.spring.Jsr250BeanPostProcessor,org.apache.cxf.bus.spring.BusExtensionPostProcessor,org.apache.cxf.binding.soap.SoapBindingFactory,org.apache.cxf.binding.soap.SoapTransportFactory,org.apache.cxf.binding.soap.customEditorConfigurer,replication]; root of factory hierarchy
2025-06-26 14:11:15,103 INFO [org.apache.juddi.Registry] - Stopping jUDDI registry...
2025-06-26 14:11:15,104 INFO [org.apache.juddi.Registry] - Shutting down SubscriptionNotifier
2025-06-26 14:11:15,104 INFO [org.apache.juddi.Registry] - jUDDI shutdown completed.
2025-06-26 14:11:15,111 INFO [org.springframework.web.context.support.XmlWebApplicationContext] - Closing Root WebApplicationContext: startup date [Thu Jun 26 13:57:46 WAT 2025]; root of context hierarchy
2025-06-26 14:11:15,193 INFO [org.springframework.beans.factory.support.DefaultListableBeanFactory] - Destroying singletons in org.springframework.beans.factory.support.DefaultListableBeanFactory@5ff2e40a: defining beans [cxf,org.apache.cxf.bus.spring.BusWiringBeanFactoryPostProcessor,org.apache.cxf.bus.spring.Jsr250BeanPostProcessor,org.apache.cxf.bus.spring.BusExtensionPostProcessor,org.apache.cxf.binding.soap.SoapBindingFactory,org.apache.cxf.binding.soap.SoapTransportFactory,org.apache.cxf.binding.soap.customEditorConfigurer,inquiry,publish,security,subscription,subscription-listener,custody-transfer,valueset-validation,valueset-caching,inquiryv2,publishv2,juddi-api,jsonNamespaceMap,inquiryRestService,inquiryRest,jsonProvider,jaxbProvider]; root of factory hierarchy
2025-06-26 14:25:07,979 INFO [org.springframework.web.context.ContextLoader] - Root WebApplicationContext: initialization started
2025-06-26 14:25:08,307 INFO [org.springframework.web.context.support.XmlWebApplicationContext] - Refreshing Root WebApplicationContext: startup date [Thu Jun 26 14:25:08 WAT 2025]; root of context hierarchy
2025-06-26 14:25:08,588 INFO [org.springframework.beans.factory.xml.XmlBeanDefinitionReader] - Loading XML bean definitions from ServletContext resource [/WEB-INF/beans.xml]
2025-06-26 14:25:09,760 INFO [org.springframework.beans.factory.xml.XmlBeanDefinitionReader] - Loading XML bean definitions from class path resource [META-INF/cxf/cxf.xml]
2025-06-26 14:25:09,838 INFO [org.springframework.beans.factory.xml.XmlBeanDefinitionReader] - Loading XML bean definitions from class path resource [META-INF/cxf/cxf-extension-soap.xml]
2025-06-26 14:25:09,963 INFO [org.springframework.beans.factory.xml.XmlBeanDefinitionReader] - Loading XML bean definitions from class path resource [META-INF/cxf/cxf-servlet.xml]
2025-06-26 14:25:10,816 INFO [org.springframework.beans.factory.support.DefaultListableBeanFactory] - Pre-instantiating singletons in org.springframework.beans.factory.support.DefaultListableBeanFactory@11c041ba: defining beans [cxf,org.apache.cxf.bus.spring.BusWiringBeanFactoryPostProcessor,org.apache.cxf.bus.spring.Jsr250BeanPostProcessor,org.apache.cxf.bus.spring.BusExtensionPostProcessor,org.apache.cxf.binding.soap.SoapBindingFactory,org.apache.cxf.binding.soap.SoapTransportFactory,org.apache.cxf.binding.soap.customEditorConfigurer,inquiry,publish,security,subscription,subscription-listener,custody-transfer,valueset-validation,valueset-caching,inquiryv2,publishv2,juddi-api,jsonNamespaceMap,inquiryRestService,inquiryRest,jsonProvider,jaxbProvider]; root of factory hierarchy
2025-06-26 14:25:11,998 INFO [org.apache.juddi.config.AppConfig] - Reading from jUDDI config file from:  file:/C:/Users/hp/Desktop/UDDI/juddi-3.3.5_tomcat-7.0.82_9090/webapps/juddiv3/WEB-INF/classes/juddiv3.xml
2025-06-26 14:25:20,609 INFO [org.apache.juddi.config.Install] - Checking if jUDDI is seeded by searching for root publisher root
2025-06-26 14:25:22,359 INFO [org.apache.juddi.api.impl.UDDIServiceCounter] - Found MBean server
2025-06-26 14:25:26,954 INFO [org.apache.juddi.api.impl.UDDIServiceCounter] - Found MBean server
2025-06-26 14:25:27,941 INFO [org.apache.juddi.api.impl.UDDIServiceCounter] - Found MBean server
2025-06-26 14:25:28,715 INFO [org.apache.juddi.api.impl.UDDIServiceCounter] - Found MBean server
2025-06-26 14:25:30,006 INFO [org.apache.juddi.api.impl.UDDIServiceCounter] - Found MBean server
2025-06-26 14:25:30,482 INFO [org.apache.juddi.api.impl.UDDIServiceCounter] - Found MBean server
2025-06-26 14:25:31,154 INFO [org.apache.juddi.api.impl.UDDIServiceCounter] - Found MBean server
2025-06-26 14:25:32,199 WARN [org.apache.juddi.api.impl.UDDIv2InquiryImpl] - This implementation of UDDIv2 Inquire service org.apache.juddi.api.impl.UDDIv2InquiryImpl is considered BETA. Please report any issues to https://issues.apache.org/jira/browse/JUDDI
2025-06-26 14:25:33,147 WARN [org.apache.juddi.api.impl.UDDIv2PublishImpl] - This implementation of UDDIv2 Publish service org.apache.juddi.api.impl.UDDIv2PublishImpl is considered BETA. Please report any issues to https://issues.apache.org/jira/browse/JUDDI
2025-06-26 14:25:33,490 INFO [org.apache.juddi.api.impl.UDDIServiceCounter] - Found MBean server
2025-06-26 14:25:36,905 INFO [org.springframework.web.context.ContextLoader] - Root WebApplicationContext: initialization completed in 28926 ms
2025-06-26 14:25:37,144 INFO [org.apache.juddi.Registry] - Starting jUDDI registry...This is node uddi:juddi.apache.org:node1
2025-06-26 14:25:37,470 INFO [org.apache.juddi.config.AppConfig] - Reading from jUDDI config file from:  file:/C:/Users/hp/Desktop/UDDI/juddi-3.3.5_tomcat-7.0.82_9090/webapps/juddiv3/WEB-INF/classes/juddiv3.xml
2025-06-26 14:25:37,471 INFO [org.apache.juddi.config.Install] - Checking if jUDDI is seeded by searching for root publisher root
2025-06-26 14:25:37,485 INFO [org.apache.juddi.Registry] - jUDDI registry started successfully.
2025-06-26 14:25:46,940 INFO [org.springframework.web.context.ContextLoader] - Root WebApplicationContext: initialization started
2025-06-26 14:25:48,433 INFO [org.springframework.web.context.support.XmlWebApplicationContext] - Refreshing Root WebApplicationContext: startup date [Thu Jun 26 14:25:48 WAT 2025]; root of context hierarchy
2025-06-26 14:25:48,617 INFO [org.springframework.beans.factory.xml.XmlBeanDefinitionReader] - Loading XML bean definitions from ServletContext resource [/WEB-INF/beans.xml]
2025-06-26 14:25:48,855 INFO [org.springframework.beans.factory.xml.XmlBeanDefinitionReader] - Loading XML bean definitions from class path resource [META-INF/cxf/cxf.xml]
2025-06-26 14:25:48,957 INFO [org.springframework.beans.factory.xml.XmlBeanDefinitionReader] - Loading XML bean definitions from class path resource [META-INF/cxf/cxf-extension-soap.xml]
2025-06-26 14:25:48,980 INFO [org.springframework.beans.factory.xml.XmlBeanDefinitionReader] - Loading XML bean definitions from class path resource [META-INF/cxf/cxf-servlet.xml]
2025-06-26 14:25:49,499 INFO [org.springframework.beans.factory.support.DefaultListableBeanFactory] - Pre-instantiating singletons in org.springframework.beans.factory.support.DefaultListableBeanFactory@29ae4043: defining beans [cxf,org.apache.cxf.bus.spring.BusWiringBeanFactoryPostProcessor,org.apache.cxf.bus.spring.Jsr250BeanPostProcessor,org.apache.cxf.bus.spring.BusExtensionPostProcessor,org.apache.cxf.binding.soap.SoapBindingFactory,org.apache.cxf.binding.soap.SoapTransportFactory,org.apache.cxf.binding.soap.customEditorConfigurer,replication]; root of factory hierarchy
2025-06-26 14:25:50,167 INFO [org.apache.juddi.config.AppConfig] - Reading from jUDDI config file from:  file:/C:/Users/hp/Desktop/UDDI/juddi-3.3.5_tomcat-7.0.82_9090/webapps/juddiv3replication/WEB-INF/classes/juddiv3.xml
2025-06-26 14:25:56,233 INFO [org.apache.juddi.config.Install] - Checking if jUDDI is seeded by searching for root publisher root
2025-06-26 14:25:57,672 INFO [org.apache.juddi.api.impl.UDDIServiceCounter] - Found MBean server
2025-06-26 14:25:57,679 INFO [org.apache.juddi.api.impl.UDDIServiceCounter] - Found MBean server
2025-06-26 14:26:02,362 INFO [org.springframework.web.context.ContextLoader] - Root WebApplicationContext: initialization completed in 15421 ms
2025-06-26 14:26:02,501 INFO [org.apache.juddi.Registry] - Starting jUDDI registry...This is node uddi:juddi.apache.org:node1
2025-06-26 14:26:03,422 INFO [org.apache.juddi.config.AppConfig] - Reading from jUDDI config file from:  file:/C:/Users/hp/Desktop/UDDI/juddi-3.3.5_tomcat-7.0.82_9090/webapps/juddiv3replication/WEB-INF/classes/juddiv3.xml
2025-06-26 14:26:03,422 INFO [org.apache.juddi.config.Install] - Checking if jUDDI is seeded by searching for root publisher root
2025-06-26 14:26:03,485 INFO [org.apache.juddi.api.impl.UDDIServiceCounter] - Found MBean server
2025-06-26 14:26:03,485 INFO [org.apache.juddi.Registry] - jUDDI registry started successfully.
2025-06-26 14:28:04,816 INFO [org.apache.juddi.api.impl.AuthenticatedService] - FindBusiness with tModel bag filtering is enabled: true loaded from file:/C:/Users/hp/Desktop/UDDI/juddi-3.3.5_tomcat-7.0.82_9090/webapps/juddiv3/WEB-INF/classes/juddiv3.xml
2025-06-26 14:28:05,222 INFO [org.apache.juddi.api.impl.InquiryHelper] - FindBusiness by tModelBag is enabled! Loaded from file:/C:/Users/hp/Desktop/UDDI/juddi-3.3.5_tomcat-7.0.82_9090/webapps/juddiv3/WEB-INF/classes/juddiv3.xml
2025-06-26 14:28:06,962 INFO [org.apache.juddi.api.impl.AuthenticatedService] - AUDIT: AuthToken request for username from 127.0.0.1
2025-06-26 14:28:07,071 WARN [org.apache.juddi.v3.auth.JUDDIAuthenticator] - DO NOT USE JUDDI AUTHENTICATOR FOR PRODUCTION SYSTEMS - DOES NOT VALIDATE PASSWORDS, AT ALL!
2025-06-26 14:28:07,416 INFO [org.apache.juddi.api.impl.AuthenticatedService] - AUDIT: AuthToken issued for username from 127.0.0.1
2025-06-26 14:28:08,951 WARN [org.apache.juddi.validation.ValidatePublish] - Hey, you should consider encrypting your trust store password!
2025-06-26 14:28:12,476 INFO [org.apache.juddi.replication.ReplicationNotifier] - Replication, Notifying nodes of new change records. 2 queued
2025-06-26 14:28:12,492 INFO [org.apache.juddi.subscription.SubscriptionNotifier] - Start Notification background task; checking if subscription notifications need to be send out..
2025-06-26 14:28:12,492 INFO [org.apache.juddi.subscription.SubscriptionNotifier] - Notification background task took 0 milliseconds.
2025-06-26 14:28:12,508 INFO [org.apache.juddi.replication.ReplicationNotifier] - CR saved locally, it was from uddi:juddi.apache.org:node1 USN:250 Type:ChangeRecordDelete Key:uddi:juddi.apache.org:2cfc85ee-b6ce-4b0c-b988-e4239cff1cd6 Local id:250
2025-06-26 14:28:12,617 INFO [org.apache.juddi.replication.ReplicationNotifier] - CR saved locally, it was from uddi:juddi.apache.org:node1 USN:251 Type:ChangeRecordNewData Key:uddi:juddi.apache.org:e0997765-e3ad-4f29-b634-5bab27d39175 Local id:251
2025-06-26 14:29:33,230 INFO [org.apache.juddi.api.impl.AuthenticatedService] - FindBusiness with tModel bag filtering is enabled: true loaded from file:/C:/Users/hp/Desktop/UDDI/juddi-3.3.5_tomcat-7.0.82_9090/webapps/juddiv3/WEB-INF/classes/juddiv3.xml
2025-06-26 14:29:33,230 INFO [org.apache.juddi.api.impl.InquiryHelper] - FindBusiness by tModelBag is enabled! Loaded from file:/C:/Users/hp/Desktop/UDDI/juddi-3.3.5_tomcat-7.0.82_9090/webapps/juddiv3/WEB-INF/classes/juddiv3.xml
2025-06-26 14:29:33,370 INFO [org.apache.juddi.api.impl.AuthenticatedService] - FindBusiness with tModel bag filtering is enabled: true loaded from file:/C:/Users/hp/Desktop/UDDI/juddi-3.3.5_tomcat-7.0.82_9090/webapps/juddiv3/WEB-INF/classes/juddiv3.xml
2025-06-26 14:29:33,370 INFO [org.apache.juddi.api.impl.InquiryHelper] - FindBusiness by tModelBag is enabled! Loaded from file:/C:/Users/hp/Desktop/UDDI/juddi-3.3.5_tomcat-7.0.82_9090/webapps/juddiv3/WEB-INF/classes/juddiv3.xml
2025-06-26 14:29:33,464 INFO [org.apache.juddi.api.impl.AuthenticatedService] - FindBusiness with tModel bag filtering is enabled: true loaded from file:/C:/Users/hp/Desktop/UDDI/juddi-3.3.5_tomcat-7.0.82_9090/webapps/juddiv3/WEB-INF/classes/juddiv3.xml
2025-06-26 14:29:33,464 INFO [org.apache.juddi.api.impl.InquiryHelper] - FindBusiness by tModelBag is enabled! Loaded from file:/C:/Users/hp/Desktop/UDDI/juddi-3.3.5_tomcat-7.0.82_9090/webapps/juddiv3/WEB-INF/classes/juddiv3.xml
2025-06-26 14:29:33,589 INFO [org.apache.juddi.api.impl.AuthenticatedService] - FindBusiness with tModel bag filtering is enabled: true loaded from file:/C:/Users/hp/Desktop/UDDI/juddi-3.3.5_tomcat-7.0.82_9090/webapps/juddiv3/WEB-INF/classes/juddiv3.xml
2025-06-26 14:29:33,589 INFO [org.apache.juddi.api.impl.InquiryHelper] - FindBusiness by tModelBag is enabled! Loaded from file:/C:/Users/hp/Desktop/UDDI/juddi-3.3.5_tomcat-7.0.82_9090/webapps/juddiv3/WEB-INF/classes/juddiv3.xml
2025-06-26 14:29:33,685 INFO [org.apache.juddi.api.impl.AuthenticatedService] - FindBusiness with tModel bag filtering is enabled: true loaded from file:/C:/Users/hp/Desktop/UDDI/juddi-3.3.5_tomcat-7.0.82_9090/webapps/juddiv3/WEB-INF/classes/juddiv3.xml
2025-06-26 14:29:33,685 INFO [org.apache.juddi.api.impl.InquiryHelper] - FindBusiness by tModelBag is enabled! Loaded from file:/C:/Users/hp/Desktop/UDDI/juddi-3.3.5_tomcat-7.0.82_9090/webapps/juddiv3/WEB-INF/classes/juddiv3.xml
2025-06-26 14:29:33,763 INFO [org.apache.juddi.api.impl.AuthenticatedService] - FindBusiness with tModel bag filtering is enabled: true loaded from file:/C:/Users/hp/Desktop/UDDI/juddi-3.3.5_tomcat-7.0.82_9090/webapps/juddiv3/WEB-INF/classes/juddiv3.xml
2025-06-26 14:29:33,763 INFO [org.apache.juddi.api.impl.InquiryHelper] - FindBusiness by tModelBag is enabled! Loaded from file:/C:/Users/hp/Desktop/UDDI/juddi-3.3.5_tomcat-7.0.82_9090/webapps/juddiv3/WEB-INF/classes/juddiv3.xml
2025-06-26 14:29:34,091 INFO [org.apache.juddi.api.impl.AuthenticatedService] - FindBusiness with tModel bag filtering is enabled: true loaded from file:/C:/Users/hp/Desktop/UDDI/juddi-3.3.5_tomcat-7.0.82_9090/webapps/juddiv3/WEB-INF/classes/juddiv3.xml
2025-06-26 14:29:34,091 INFO [org.apache.juddi.api.impl.InquiryHelper] - FindBusiness by tModelBag is enabled! Loaded from file:/C:/Users/hp/Desktop/UDDI/juddi-3.3.5_tomcat-7.0.82_9090/webapps/juddiv3/WEB-INF/classes/juddiv3.xml
2025-06-26 14:29:34,170 INFO [org.apache.juddi.api.impl.AuthenticatedService] - FindBusiness with tModel bag filtering is enabled: true loaded from file:/C:/Users/hp/Desktop/UDDI/juddi-3.3.5_tomcat-7.0.82_9090/webapps/juddiv3/WEB-INF/classes/juddiv3.xml
2025-06-26 14:29:34,170 INFO [org.apache.juddi.api.impl.InquiryHelper] - FindBusiness by tModelBag is enabled! Loaded from file:/C:/Users/hp/Desktop/UDDI/juddi-3.3.5_tomcat-7.0.82_9090/webapps/juddiv3/WEB-INF/classes/juddiv3.xml
2025-06-26 14:29:34,561 INFO [org.apache.juddi.api.impl.AuthenticatedService] - FindBusiness with tModel bag filtering is enabled: true loaded from file:/C:/Users/hp/Desktop/UDDI/juddi-3.3.5_tomcat-7.0.82_9090/webapps/juddiv3/WEB-INF/classes/juddiv3.xml
2025-06-26 14:29:34,561 INFO [org.apache.juddi.api.impl.InquiryHelper] - FindBusiness by tModelBag is enabled! Loaded from file:/C:/Users/hp/Desktop/UDDI/juddi-3.3.5_tomcat-7.0.82_9090/webapps/juddiv3/WEB-INF/classes/juddiv3.xml
2025-06-26 14:29:34,780 INFO [org.apache.juddi.api.impl.AuthenticatedService] - FindBusiness with tModel bag filtering is enabled: true loaded from file:/C:/Users/hp/Desktop/UDDI/juddi-3.3.5_tomcat-7.0.82_9090/webapps/juddiv3/WEB-INF/classes/juddiv3.xml
2025-06-26 14:29:34,780 INFO [org.apache.juddi.api.impl.InquiryHelper] - FindBusiness by tModelBag is enabled! Loaded from file:/C:/Users/hp/Desktop/UDDI/juddi-3.3.5_tomcat-7.0.82_9090/webapps/juddiv3/WEB-INF/classes/juddiv3.xml
2025-06-26 14:31:17,294 INFO [org.apache.juddi.api.impl.AuthenticatedService] - FindBusiness with tModel bag filtering is enabled: true loaded from file:/C:/Users/hp/Desktop/UDDI/juddi-3.3.5_tomcat-7.0.82_9090/webapps/juddiv3/WEB-INF/classes/juddiv3.xml
2025-06-26 14:31:17,294 INFO [org.apache.juddi.api.impl.InquiryHelper] - FindBusiness by tModelBag is enabled! Loaded from file:/C:/Users/hp/Desktop/UDDI/juddi-3.3.5_tomcat-7.0.82_9090/webapps/juddiv3/WEB-INF/classes/juddiv3.xml
2025-06-26 14:31:17,421 INFO [org.apache.juddi.api.impl.AuthenticatedService] - FindBusiness with tModel bag filtering is enabled: true loaded from file:/C:/Users/hp/Desktop/UDDI/juddi-3.3.5_tomcat-7.0.82_9090/webapps/juddiv3/WEB-INF/classes/juddiv3.xml
2025-06-26 14:31:17,421 INFO [org.apache.juddi.api.impl.InquiryHelper] - FindBusiness by tModelBag is enabled! Loaded from file:/C:/Users/hp/Desktop/UDDI/juddi-3.3.5_tomcat-7.0.82_9090/webapps/juddiv3/WEB-INF/classes/juddiv3.xml
2025-06-26 14:31:17,593 INFO [org.apache.juddi.api.impl.AuthenticatedService] - FindBusiness with tModel bag filtering is enabled: true loaded from file:/C:/Users/hp/Desktop/UDDI/juddi-3.3.5_tomcat-7.0.82_9090/webapps/juddiv3/WEB-INF/classes/juddiv3.xml
2025-06-26 14:31:17,593 INFO [org.apache.juddi.api.impl.InquiryHelper] - FindBusiness by tModelBag is enabled! Loaded from file:/C:/Users/hp/Desktop/UDDI/juddi-3.3.5_tomcat-7.0.82_9090/webapps/juddiv3/WEB-INF/classes/juddiv3.xml
2025-06-26 14:31:17,695 INFO [org.apache.juddi.api.impl.AuthenticatedService] - FindBusiness with tModel bag filtering is enabled: true loaded from file:/C:/Users/hp/Desktop/UDDI/juddi-3.3.5_tomcat-7.0.82_9090/webapps/juddiv3/WEB-INF/classes/juddiv3.xml
2025-06-26 14:31:17,710 INFO [org.apache.juddi.api.impl.InquiryHelper] - FindBusiness by tModelBag is enabled! Loaded from file:/C:/Users/hp/Desktop/UDDI/juddi-3.3.5_tomcat-7.0.82_9090/webapps/juddiv3/WEB-INF/classes/juddiv3.xml
2025-06-26 14:31:18,062 INFO [org.apache.juddi.api.impl.AuthenticatedService] - FindBusiness with tModel bag filtering is enabled: true loaded from file:/C:/Users/hp/Desktop/UDDI/juddi-3.3.5_tomcat-7.0.82_9090/webapps/juddiv3/WEB-INF/classes/juddiv3.xml
2025-06-26 14:31:18,062 INFO [org.apache.juddi.api.impl.InquiryHelper] - FindBusiness by tModelBag is enabled! Loaded from file:/C:/Users/hp/Desktop/UDDI/juddi-3.3.5_tomcat-7.0.82_9090/webapps/juddiv3/WEB-INF/classes/juddiv3.xml
2025-06-26 14:31:18,249 INFO [org.apache.juddi.api.impl.AuthenticatedService] - FindBusiness with tModel bag filtering is enabled: true loaded from file:/C:/Users/hp/Desktop/UDDI/juddi-3.3.5_tomcat-7.0.82_9090/webapps/juddiv3/WEB-INF/classes/juddiv3.xml
2025-06-26 14:31:18,249 INFO [org.apache.juddi.api.impl.InquiryHelper] - FindBusiness by tModelBag is enabled! Loaded from file:/C:/Users/hp/Desktop/UDDI/juddi-3.3.5_tomcat-7.0.82_9090/webapps/juddiv3/WEB-INF/classes/juddiv3.xml
2025-06-26 14:31:18,327 INFO [org.apache.juddi.api.impl.AuthenticatedService] - FindBusiness with tModel bag filtering is enabled: true loaded from file:/C:/Users/hp/Desktop/UDDI/juddi-3.3.5_tomcat-7.0.82_9090/webapps/juddiv3/WEB-INF/classes/juddiv3.xml
2025-06-26 14:31:18,327 INFO [org.apache.juddi.api.impl.InquiryHelper] - FindBusiness by tModelBag is enabled! Loaded from file:/C:/Users/hp/Desktop/UDDI/juddi-3.3.5_tomcat-7.0.82_9090/webapps/juddiv3/WEB-INF/classes/juddiv3.xml
2025-06-26 14:31:18,691 INFO [org.apache.juddi.api.impl.AuthenticatedService] - FindBusiness with tModel bag filtering is enabled: true loaded from file:/C:/Users/hp/Desktop/UDDI/juddi-3.3.5_tomcat-7.0.82_9090/webapps/juddiv3/WEB-INF/classes/juddiv3.xml
2025-06-26 14:31:18,691 INFO [org.apache.juddi.api.impl.InquiryHelper] - FindBusiness by tModelBag is enabled! Loaded from file:/C:/Users/hp/Desktop/UDDI/juddi-3.3.5_tomcat-7.0.82_9090/webapps/juddiv3/WEB-INF/classes/juddiv3.xml
2025-06-26 14:31:18,800 INFO [org.apache.juddi.api.impl.AuthenticatedService] - FindBusiness with tModel bag filtering is enabled: true loaded from file:/C:/Users/hp/Desktop/UDDI/juddi-3.3.5_tomcat-7.0.82_9090/webapps/juddiv3/WEB-INF/classes/juddiv3.xml
2025-06-26 14:31:18,800 INFO [org.apache.juddi.api.impl.InquiryHelper] - FindBusiness by tModelBag is enabled! Loaded from file:/C:/Users/hp/Desktop/UDDI/juddi-3.3.5_tomcat-7.0.82_9090/webapps/juddiv3/WEB-INF/classes/juddiv3.xml
2025-06-26 14:31:18,894 INFO [org.apache.juddi.api.impl.AuthenticatedService] - FindBusiness with tModel bag filtering is enabled: true loaded from file:/C:/Users/hp/Desktop/UDDI/juddi-3.3.5_tomcat-7.0.82_9090/webapps/juddiv3/WEB-INF/classes/juddiv3.xml
2025-06-26 14:31:18,909 INFO [org.apache.juddi.api.impl.InquiryHelper] - FindBusiness by tModelBag is enabled! Loaded from file:/C:/Users/hp/Desktop/UDDI/juddi-3.3.5_tomcat-7.0.82_9090/webapps/juddiv3/WEB-INF/classes/juddiv3.xml
2025-06-26 14:31:29,233 INFO [org.apache.juddi.api.impl.AuthenticatedService] - FindBusiness with tModel bag filtering is enabled: true loaded from file:/C:/Users/hp/Desktop/UDDI/juddi-3.3.5_tomcat-7.0.82_9090/webapps/juddiv3/WEB-INF/classes/juddiv3.xml
2025-06-26 14:31:29,233 INFO [org.apache.juddi.api.impl.InquiryHelper] - FindBusiness by tModelBag is enabled! Loaded from file:/C:/Users/hp/Desktop/UDDI/juddi-3.3.5_tomcat-7.0.82_9090/webapps/juddiv3/WEB-INF/classes/juddiv3.xml
2025-06-26 14:31:29,610 INFO [org.apache.juddi.api.impl.AuthenticatedService] - FindBusiness with tModel bag filtering is enabled: true loaded from file:/C:/Users/hp/Desktop/UDDI/juddi-3.3.5_tomcat-7.0.82_9090/webapps/juddiv3/WEB-INF/classes/juddiv3.xml
2025-06-26 14:31:29,610 INFO [org.apache.juddi.api.impl.InquiryHelper] - FindBusiness by tModelBag is enabled! Loaded from file:/C:/Users/hp/Desktop/UDDI/juddi-3.3.5_tomcat-7.0.82_9090/webapps/juddiv3/WEB-INF/classes/juddiv3.xml
2025-06-26 14:31:29,750 INFO [org.apache.juddi.api.impl.AuthenticatedService] - FindBusiness with tModel bag filtering is enabled: true loaded from file:/C:/Users/hp/Desktop/UDDI/juddi-3.3.5_tomcat-7.0.82_9090/webapps/juddiv3/WEB-INF/classes/juddiv3.xml
2025-06-26 14:31:29,750 INFO [org.apache.juddi.api.impl.InquiryHelper] - FindBusiness by tModelBag is enabled! Loaded from file:/C:/Users/hp/Desktop/UDDI/juddi-3.3.5_tomcat-7.0.82_9090/webapps/juddiv3/WEB-INF/classes/juddiv3.xml
2025-06-26 14:31:29,969 INFO [org.apache.juddi.api.impl.AuthenticatedService] - FindBusiness with tModel bag filtering is enabled: true loaded from file:/C:/Users/hp/Desktop/UDDI/juddi-3.3.5_tomcat-7.0.82_9090/webapps/juddiv3/WEB-INF/classes/juddiv3.xml
2025-06-26 14:31:29,969 INFO [org.apache.juddi.api.impl.InquiryHelper] - FindBusiness by tModelBag is enabled! Loaded from file:/C:/Users/hp/Desktop/UDDI/juddi-3.3.5_tomcat-7.0.82_9090/webapps/juddiv3/WEB-INF/classes/juddiv3.xml
2025-06-26 14:31:30,047 INFO [org.apache.juddi.api.impl.AuthenticatedService] - FindBusiness with tModel bag filtering is enabled: true loaded from file:/C:/Users/hp/Desktop/UDDI/juddi-3.3.5_tomcat-7.0.82_9090/webapps/juddiv3/WEB-INF/classes/juddiv3.xml
2025-06-26 14:31:30,047 INFO [org.apache.juddi.api.impl.InquiryHelper] - FindBusiness by tModelBag is enabled! Loaded from file:/C:/Users/hp/Desktop/UDDI/juddi-3.3.5_tomcat-7.0.82_9090/webapps/juddiv3/WEB-INF/classes/juddiv3.xml
2025-06-26 14:31:30,267 INFO [org.apache.juddi.api.impl.AuthenticatedService] - FindBusiness with tModel bag filtering is enabled: true loaded from file:/C:/Users/hp/Desktop/UDDI/juddi-3.3.5_tomcat-7.0.82_9090/webapps/juddiv3/WEB-INF/classes/juddiv3.xml
2025-06-26 14:31:30,283 INFO [org.apache.juddi.api.impl.InquiryHelper] - FindBusiness by tModelBag is enabled! Loaded from file:/C:/Users/hp/Desktop/UDDI/juddi-3.3.5_tomcat-7.0.82_9090/webapps/juddiv3/WEB-INF/classes/juddiv3.xml
2025-06-26 14:31:30,470 INFO [org.apache.juddi.api.impl.AuthenticatedService] - FindBusiness with tModel bag filtering is enabled: true loaded from file:/C:/Users/hp/Desktop/UDDI/juddi-3.3.5_tomcat-7.0.82_9090/webapps/juddiv3/WEB-INF/classes/juddiv3.xml
2025-06-26 14:31:30,470 INFO [org.apache.juddi.api.impl.InquiryHelper] - FindBusiness by tModelBag is enabled! Loaded from file:/C:/Users/hp/Desktop/UDDI/juddi-3.3.5_tomcat-7.0.82_9090/webapps/juddiv3/WEB-INF/classes/juddiv3.xml
2025-06-26 14:31:30,580 INFO [org.apache.juddi.api.impl.AuthenticatedService] - FindBusiness with tModel bag filtering is enabled: true loaded from file:/C:/Users/hp/Desktop/UDDI/juddi-3.3.5_tomcat-7.0.82_9090/webapps/juddiv3/WEB-INF/classes/juddiv3.xml
2025-06-26 14:31:30,580 INFO [org.apache.juddi.api.impl.InquiryHelper] - FindBusiness by tModelBag is enabled! Loaded from file:/C:/Users/hp/Desktop/UDDI/juddi-3.3.5_tomcat-7.0.82_9090/webapps/juddiv3/WEB-INF/classes/juddiv3.xml
2025-06-26 14:31:30,706 INFO [org.apache.juddi.api.impl.AuthenticatedService] - FindBusiness with tModel bag filtering is enabled: true loaded from file:/C:/Users/hp/Desktop/UDDI/juddi-3.3.5_tomcat-7.0.82_9090/webapps/juddiv3/WEB-INF/classes/juddiv3.xml
2025-06-26 14:31:30,706 INFO [org.apache.juddi.api.impl.InquiryHelper] - FindBusiness by tModelBag is enabled! Loaded from file:/C:/Users/hp/Desktop/UDDI/juddi-3.3.5_tomcat-7.0.82_9090/webapps/juddiv3/WEB-INF/classes/juddiv3.xml
2025-06-26 14:31:30,784 INFO [org.apache.juddi.api.impl.AuthenticatedService] - FindBusiness with tModel bag filtering is enabled: true loaded from file:/C:/Users/hp/Desktop/UDDI/juddi-3.3.5_tomcat-7.0.82_9090/webapps/juddiv3/WEB-INF/classes/juddiv3.xml
2025-06-26 14:31:30,800 INFO [org.apache.juddi.api.impl.InquiryHelper] - FindBusiness by tModelBag is enabled! Loaded from file:/C:/Users/hp/Desktop/UDDI/juddi-3.3.5_tomcat-7.0.82_9090/webapps/juddiv3/WEB-INF/classes/juddiv3.xml
2025-06-26 14:31:56,368 INFO [org.apache.juddi.api.impl.AuthenticatedService] - FindBusiness with tModel bag filtering is enabled: true loaded from file:/C:/Users/hp/Desktop/UDDI/juddi-3.3.5_tomcat-7.0.82_9090/webapps/juddiv3/WEB-INF/classes/juddiv3.xml
2025-06-26 14:31:56,368 INFO [org.apache.juddi.api.impl.InquiryHelper] - FindBusiness by tModelBag is enabled! Loaded from file:/C:/Users/hp/Desktop/UDDI/juddi-3.3.5_tomcat-7.0.82_9090/webapps/juddiv3/WEB-INF/classes/juddiv3.xml
2025-06-26 14:31:56,509 INFO [org.apache.juddi.api.impl.AuthenticatedService] - FindBusiness with tModel bag filtering is enabled: true loaded from file:/C:/Users/hp/Desktop/UDDI/juddi-3.3.5_tomcat-7.0.82_9090/webapps/juddiv3/WEB-INF/classes/juddiv3.xml
2025-06-26 14:31:56,509 INFO [org.apache.juddi.api.impl.InquiryHelper] - FindBusiness by tModelBag is enabled! Loaded from file:/C:/Users/hp/Desktop/UDDI/juddi-3.3.5_tomcat-7.0.82_9090/webapps/juddiv3/WEB-INF/classes/juddiv3.xml
2025-06-26 14:31:56,786 INFO [org.apache.juddi.api.impl.AuthenticatedService] - FindBusiness with tModel bag filtering is enabled: true loaded from file:/C:/Users/hp/Desktop/UDDI/juddi-3.3.5_tomcat-7.0.82_9090/webapps/juddiv3/WEB-INF/classes/juddiv3.xml
2025-06-26 14:31:56,786 INFO [org.apache.juddi.api.impl.InquiryHelper] - FindBusiness by tModelBag is enabled! Loaded from file:/C:/Users/hp/Desktop/UDDI/juddi-3.3.5_tomcat-7.0.82_9090/webapps/juddiv3/WEB-INF/classes/juddiv3.xml
2025-06-26 14:31:56,895 INFO [org.apache.juddi.api.impl.AuthenticatedService] - FindBusiness with tModel bag filtering is enabled: true loaded from file:/C:/Users/hp/Desktop/UDDI/juddi-3.3.5_tomcat-7.0.82_9090/webapps/juddiv3/WEB-INF/classes/juddiv3.xml
2025-06-26 14:31:56,895 INFO [org.apache.juddi.api.impl.InquiryHelper] - FindBusiness by tModelBag is enabled! Loaded from file:/C:/Users/hp/Desktop/UDDI/juddi-3.3.5_tomcat-7.0.82_9090/webapps/juddiv3/WEB-INF/classes/juddiv3.xml
2025-06-26 14:31:56,973 INFO [org.apache.juddi.api.impl.AuthenticatedService] - FindBusiness with tModel bag filtering is enabled: true loaded from file:/C:/Users/hp/Desktop/UDDI/juddi-3.3.5_tomcat-7.0.82_9090/webapps/juddiv3/WEB-INF/classes/juddiv3.xml
2025-06-26 14:31:56,973 INFO [org.apache.juddi.api.impl.InquiryHelper] - FindBusiness by tModelBag is enabled! Loaded from file:/C:/Users/hp/Desktop/UDDI/juddi-3.3.5_tomcat-7.0.82_9090/webapps/juddiv3/WEB-INF/classes/juddiv3.xml
2025-06-26 14:31:57,245 INFO [org.apache.juddi.api.impl.AuthenticatedService] - FindBusiness with tModel bag filtering is enabled: true loaded from file:/C:/Users/hp/Desktop/UDDI/juddi-3.3.5_tomcat-7.0.82_9090/webapps/juddiv3/WEB-INF/classes/juddiv3.xml
2025-06-26 14:31:57,261 INFO [org.apache.juddi.api.impl.InquiryHelper] - FindBusiness by tModelBag is enabled! Loaded from file:/C:/Users/hp/Desktop/UDDI/juddi-3.3.5_tomcat-7.0.82_9090/webapps/juddiv3/WEB-INF/classes/juddiv3.xml
2025-06-26 14:31:57,323 INFO [org.apache.juddi.api.impl.AuthenticatedService] - FindBusiness with tModel bag filtering is enabled: true loaded from file:/C:/Users/hp/Desktop/UDDI/juddi-3.3.5_tomcat-7.0.82_9090/webapps/juddiv3/WEB-INF/classes/juddiv3.xml
2025-06-26 14:31:57,339 INFO [org.apache.juddi.api.impl.InquiryHelper] - FindBusiness by tModelBag is enabled! Loaded from file:/C:/Users/hp/Desktop/UDDI/juddi-3.3.5_tomcat-7.0.82_9090/webapps/juddiv3/WEB-INF/classes/juddiv3.xml
2025-06-26 14:31:57,642 INFO [org.apache.juddi.api.impl.AuthenticatedService] - FindBusiness with tModel bag filtering is enabled: true loaded from file:/C:/Users/hp/Desktop/UDDI/juddi-3.3.5_tomcat-7.0.82_9090/webapps/juddiv3/WEB-INF/classes/juddiv3.xml
2025-06-26 14:31:57,658 INFO [org.apache.juddi.api.impl.InquiryHelper] - FindBusiness by tModelBag is enabled! Loaded from file:/C:/Users/hp/Desktop/UDDI/juddi-3.3.5_tomcat-7.0.82_9090/webapps/juddiv3/WEB-INF/classes/juddiv3.xml
2025-06-26 14:31:57,840 INFO [org.apache.juddi.api.impl.AuthenticatedService] - FindBusiness with tModel bag filtering is enabled: true loaded from file:/C:/Users/hp/Desktop/UDDI/juddi-3.3.5_tomcat-7.0.82_9090/webapps/juddiv3/WEB-INF/classes/juddiv3.xml
2025-06-26 14:31:57,840 INFO [org.apache.juddi.api.impl.InquiryHelper] - FindBusiness by tModelBag is enabled! Loaded from file:/C:/Users/hp/Desktop/UDDI/juddi-3.3.5_tomcat-7.0.82_9090/webapps/juddiv3/WEB-INF/classes/juddiv3.xml
2025-06-26 14:31:57,918 INFO [org.apache.juddi.api.impl.AuthenticatedService] - FindBusiness with tModel bag filtering is enabled: true loaded from file:/C:/Users/hp/Desktop/UDDI/juddi-3.3.5_tomcat-7.0.82_9090/webapps/juddiv3/WEB-INF/classes/juddiv3.xml
2025-06-26 14:31:57,934 INFO [org.apache.juddi.api.impl.InquiryHelper] - FindBusiness by tModelBag is enabled! Loaded from file:/C:/Users/hp/Desktop/UDDI/juddi-3.3.5_tomcat-7.0.82_9090/webapps/juddiv3/WEB-INF/classes/juddiv3.xml
2025-06-26 14:32:33,169 INFO [org.apache.juddi.api.impl.AuthenticatedService] - FindBusiness with tModel bag filtering is enabled: true loaded from file:/C:/Users/hp/Desktop/UDDI/juddi-3.3.5_tomcat-7.0.82_9090/webapps/juddiv3/WEB-INF/classes/juddiv3.xml
2025-06-26 14:32:33,169 INFO [org.apache.juddi.api.impl.InquiryHelper] - FindBusiness by tModelBag is enabled! Loaded from file:/C:/Users/hp/Desktop/UDDI/juddi-3.3.5_tomcat-7.0.82_9090/webapps/juddiv3/WEB-INF/classes/juddiv3.xml
2025-06-26 14:32:33,248 INFO [org.apache.juddi.api.impl.AuthenticatedService] - FindBusiness with tModel bag filtering is enabled: true loaded from file:/C:/Users/hp/Desktop/UDDI/juddi-3.3.5_tomcat-7.0.82_9090/webapps/juddiv3/WEB-INF/classes/juddiv3.xml
2025-06-26 14:32:33,248 INFO [org.apache.juddi.api.impl.InquiryHelper] - FindBusiness by tModelBag is enabled! Loaded from file:/C:/Users/hp/Desktop/UDDI/juddi-3.3.5_tomcat-7.0.82_9090/webapps/juddiv3/WEB-INF/classes/juddiv3.xml
2025-06-26 14:32:33,522 INFO [org.apache.juddi.api.impl.AuthenticatedService] - FindBusiness with tModel bag filtering is enabled: true loaded from file:/C:/Users/hp/Desktop/UDDI/juddi-3.3.5_tomcat-7.0.82_9090/webapps/juddiv3/WEB-INF/classes/juddiv3.xml
2025-06-26 14:32:33,522 INFO [org.apache.juddi.api.impl.InquiryHelper] - FindBusiness by tModelBag is enabled! Loaded from file:/C:/Users/hp/Desktop/UDDI/juddi-3.3.5_tomcat-7.0.82_9090/webapps/juddiv3/WEB-INF/classes/juddiv3.xml
2025-06-26 14:32:36,380 INFO [org.apache.juddi.api.impl.AuthenticatedService] - FindBusiness with tModel bag filtering is enabled: true loaded from file:/C:/Users/hp/Desktop/UDDI/juddi-3.3.5_tomcat-7.0.82_9090/webapps/juddiv3/WEB-INF/classes/juddiv3.xml
2025-06-26 14:32:36,380 INFO [org.apache.juddi.api.impl.InquiryHelper] - FindBusiness by tModelBag is enabled! Loaded from file:/C:/Users/hp/Desktop/UDDI/juddi-3.3.5_tomcat-7.0.82_9090/webapps/juddiv3/WEB-INF/classes/juddiv3.xml
2025-06-26 14:32:36,568 INFO [org.apache.juddi.api.impl.AuthenticatedService] - FindBusiness with tModel bag filtering is enabled: true loaded from file:/C:/Users/hp/Desktop/UDDI/juddi-3.3.5_tomcat-7.0.82_9090/webapps/juddiv3/WEB-INF/classes/juddiv3.xml
2025-06-26 14:32:36,568 INFO [org.apache.juddi.api.impl.InquiryHelper] - FindBusiness by tModelBag is enabled! Loaded from file:/C:/Users/hp/Desktop/UDDI/juddi-3.3.5_tomcat-7.0.82_9090/webapps/juddiv3/WEB-INF/classes/juddiv3.xml
2025-06-26 14:32:36,698 INFO [org.apache.juddi.api.impl.AuthenticatedService] - FindBusiness with tModel bag filtering is enabled: true loaded from file:/C:/Users/hp/Desktop/UDDI/juddi-3.3.5_tomcat-7.0.82_9090/webapps/juddiv3/WEB-INF/classes/juddiv3.xml
2025-06-26 14:32:36,698 INFO [org.apache.juddi.api.impl.InquiryHelper] - FindBusiness by tModelBag is enabled! Loaded from file:/C:/Users/hp/Desktop/UDDI/juddi-3.3.5_tomcat-7.0.82_9090/webapps/juddiv3/WEB-INF/classes/juddiv3.xml
2025-06-26 14:32:36,944 INFO [org.apache.juddi.api.impl.AuthenticatedService] - FindBusiness with tModel bag filtering is enabled: true loaded from file:/C:/Users/hp/Desktop/UDDI/juddi-3.3.5_tomcat-7.0.82_9090/webapps/juddiv3/WEB-INF/classes/juddiv3.xml
2025-06-26 14:32:36,944 INFO [org.apache.juddi.api.impl.InquiryHelper] - FindBusiness by tModelBag is enabled! Loaded from file:/C:/Users/hp/Desktop/UDDI/juddi-3.3.5_tomcat-7.0.82_9090/webapps/juddiv3/WEB-INF/classes/juddiv3.xml
2025-06-26 14:32:47,206 INFO [org.apache.juddi.api.impl.AuthenticatedService] - FindBusiness with tModel bag filtering is enabled: true loaded from file:/C:/Users/hp/Desktop/UDDI/juddi-3.3.5_tomcat-7.0.82_9090/webapps/juddiv3/WEB-INF/classes/juddiv3.xml
2025-06-26 14:32:47,206 INFO [org.apache.juddi.api.impl.InquiryHelper] - FindBusiness by tModelBag is enabled! Loaded from file:/C:/Users/hp/Desktop/UDDI/juddi-3.3.5_tomcat-7.0.82_9090/webapps/juddiv3/WEB-INF/classes/juddiv3.xml
2025-06-26 14:32:47,284 INFO [org.apache.juddi.api.impl.AuthenticatedService] - FindBusiness with tModel bag filtering is enabled: true loaded from file:/C:/Users/hp/Desktop/UDDI/juddi-3.3.5_tomcat-7.0.82_9090/webapps/juddiv3/WEB-INF/classes/juddiv3.xml
2025-06-26 14:32:47,284 INFO [org.apache.juddi.api.impl.InquiryHelper] - FindBusiness by tModelBag is enabled! Loaded from file:/C:/Users/hp/Desktop/UDDI/juddi-3.3.5_tomcat-7.0.82_9090/webapps/juddiv3/WEB-INF/classes/juddiv3.xml
2025-06-26 14:32:47,377 INFO [org.apache.juddi.api.impl.AuthenticatedService] - FindBusiness with tModel bag filtering is enabled: true loaded from file:/C:/Users/hp/Desktop/UDDI/juddi-3.3.5_tomcat-7.0.82_9090/webapps/juddiv3/WEB-INF/classes/juddiv3.xml
2025-06-26 14:32:47,377 INFO [org.apache.juddi.api.impl.InquiryHelper] - FindBusiness by tModelBag is enabled! Loaded from file:/C:/Users/hp/Desktop/UDDI/juddi-3.3.5_tomcat-7.0.82_9090/webapps/juddiv3/WEB-INF/classes/juddiv3.xml
2025-06-26 14:34:30,039 INFO [org.apache.juddi.api.impl.AuthenticatedService] - FindBusiness with tModel bag filtering is enabled: true loaded from file:/C:/Users/hp/Desktop/UDDI/juddi-3.3.5_tomcat-7.0.82_9090/webapps/juddiv3/WEB-INF/classes/juddiv3.xml
2025-06-26 14:34:30,039 INFO [org.apache.juddi.api.impl.InquiryHelper] - FindBusiness by tModelBag is enabled! Loaded from file:/C:/Users/hp/Desktop/UDDI/juddi-3.3.5_tomcat-7.0.82_9090/webapps/juddiv3/WEB-INF/classes/juddiv3.xml
2025-06-26 14:34:32,417 INFO [org.apache.juddi.api.impl.AuthenticatedService] - FindBusiness with tModel bag filtering is enabled: true loaded from file:/C:/Users/hp/Desktop/UDDI/juddi-3.3.5_tomcat-7.0.82_9090/webapps/juddiv3/WEB-INF/classes/juddiv3.xml
2025-06-26 14:34:32,417 INFO [org.apache.juddi.api.impl.InquiryHelper] - FindBusiness by tModelBag is enabled! Loaded from file:/C:/Users/hp/Desktop/UDDI/juddi-3.3.5_tomcat-7.0.82_9090/webapps/juddiv3/WEB-INF/classes/juddiv3.xml
2025-06-26 14:34:32,613 INFO [org.apache.juddi.api.impl.AuthenticatedService] - FindBusiness with tModel bag filtering is enabled: true loaded from file:/C:/Users/hp/Desktop/UDDI/juddi-3.3.5_tomcat-7.0.82_9090/webapps/juddiv3/WEB-INF/classes/juddiv3.xml
2025-06-26 14:34:32,614 INFO [org.apache.juddi.api.impl.InquiryHelper] - FindBusiness by tModelBag is enabled! Loaded from file:/C:/Users/hp/Desktop/UDDI/juddi-3.3.5_tomcat-7.0.82_9090/webapps/juddiv3/WEB-INF/classes/juddiv3.xml
2025-06-26 14:34:32,729 INFO [org.apache.juddi.api.impl.AuthenticatedService] - FindBusiness with tModel bag filtering is enabled: true loaded from file:/C:/Users/hp/Desktop/UDDI/juddi-3.3.5_tomcat-7.0.82_9090/webapps/juddiv3/WEB-INF/classes/juddiv3.xml
2025-06-26 14:34:32,731 INFO [org.apache.juddi.api.impl.InquiryHelper] - FindBusiness by tModelBag is enabled! Loaded from file:/C:/Users/hp/Desktop/UDDI/juddi-3.3.5_tomcat-7.0.82_9090/webapps/juddiv3/WEB-INF/classes/juddiv3.xml
2025-06-26 14:34:32,874 INFO [org.apache.juddi.api.impl.AuthenticatedService] - FindBusiness with tModel bag filtering is enabled: true loaded from file:/C:/Users/hp/Desktop/UDDI/juddi-3.3.5_tomcat-7.0.82_9090/webapps/juddiv3/WEB-INF/classes/juddiv3.xml
2025-06-26 14:34:32,876 INFO [org.apache.juddi.api.impl.InquiryHelper] - FindBusiness by tModelBag is enabled! Loaded from file:/C:/Users/hp/Desktop/UDDI/juddi-3.3.5_tomcat-7.0.82_9090/webapps/juddiv3/WEB-INF/classes/juddiv3.xml
2025-06-26 14:34:33,090 INFO [org.apache.juddi.api.impl.AuthenticatedService] - FindBusiness with tModel bag filtering is enabled: true loaded from file:/C:/Users/hp/Desktop/UDDI/juddi-3.3.5_tomcat-7.0.82_9090/webapps/juddiv3/WEB-INF/classes/juddiv3.xml
2025-06-26 14:34:33,090 INFO [org.apache.juddi.api.impl.InquiryHelper] - FindBusiness by tModelBag is enabled! Loaded from file:/C:/Users/hp/Desktop/UDDI/juddi-3.3.5_tomcat-7.0.82_9090/webapps/juddiv3/WEB-INF/classes/juddiv3.xml
2025-06-26 14:34:33,169 INFO [org.apache.juddi.api.impl.AuthenticatedService] - FindBusiness with tModel bag filtering is enabled: true loaded from file:/C:/Users/hp/Desktop/UDDI/juddi-3.3.5_tomcat-7.0.82_9090/webapps/juddiv3/WEB-INF/classes/juddiv3.xml
2025-06-26 14:34:33,169 INFO [org.apache.juddi.api.impl.InquiryHelper] - FindBusiness by tModelBag is enabled! Loaded from file:/C:/Users/hp/Desktop/UDDI/juddi-3.3.5_tomcat-7.0.82_9090/webapps/juddiv3/WEB-INF/classes/juddiv3.xml
2025-06-26 14:34:33,403 INFO [org.apache.juddi.api.impl.AuthenticatedService] - FindBusiness with tModel bag filtering is enabled: true loaded from file:/C:/Users/hp/Desktop/UDDI/juddi-3.3.5_tomcat-7.0.82_9090/webapps/juddiv3/WEB-INF/classes/juddiv3.xml
2025-06-26 14:34:33,418 INFO [org.apache.juddi.api.impl.InquiryHelper] - FindBusiness by tModelBag is enabled! Loaded from file:/C:/Users/hp/Desktop/UDDI/juddi-3.3.5_tomcat-7.0.82_9090/webapps/juddiv3/WEB-INF/classes/juddiv3.xml
2025-06-26 14:34:33,528 INFO [org.apache.juddi.api.impl.AuthenticatedService] - FindBusiness with tModel bag filtering is enabled: true loaded from file:/C:/Users/hp/Desktop/UDDI/juddi-3.3.5_tomcat-7.0.82_9090/webapps/juddiv3/WEB-INF/classes/juddiv3.xml
2025-06-26 14:34:33,528 INFO [org.apache.juddi.api.impl.InquiryHelper] - FindBusiness by tModelBag is enabled! Loaded from file:/C:/Users/hp/Desktop/UDDI/juddi-3.3.5_tomcat-7.0.82_9090/webapps/juddiv3/WEB-INF/classes/juddiv3.xml
2025-06-26 14:34:33,654 INFO [org.apache.juddi.api.impl.AuthenticatedService] - FindBusiness with tModel bag filtering is enabled: true loaded from file:/C:/Users/hp/Desktop/UDDI/juddi-3.3.5_tomcat-7.0.82_9090/webapps/juddiv3/WEB-INF/classes/juddiv3.xml
2025-06-26 14:34:33,654 INFO [org.apache.juddi.api.impl.InquiryHelper] - FindBusiness by tModelBag is enabled! Loaded from file:/C:/Users/hp/Desktop/UDDI/juddi-3.3.5_tomcat-7.0.82_9090/webapps/juddiv3/WEB-INF/classes/juddiv3.xml
2025-06-26 14:34:33,732 INFO [org.apache.juddi.api.impl.AuthenticatedService] - FindBusiness with tModel bag filtering is enabled: true loaded from file:/C:/Users/hp/Desktop/UDDI/juddi-3.3.5_tomcat-7.0.82_9090/webapps/juddiv3/WEB-INF/classes/juddiv3.xml
2025-06-26 14:34:33,748 INFO [org.apache.juddi.api.impl.InquiryHelper] - FindBusiness by tModelBag is enabled! Loaded from file:/C:/Users/hp/Desktop/UDDI/juddi-3.3.5_tomcat-7.0.82_9090/webapps/juddiv3/WEB-INF/classes/juddiv3.xml
2025-06-26 14:34:37,884 INFO [org.apache.juddi.api.impl.AuthenticatedService] - FindBusiness with tModel bag filtering is enabled: true loaded from file:/C:/Users/hp/Desktop/UDDI/juddi-3.3.5_tomcat-7.0.82_9090/webapps/juddiv3/WEB-INF/classes/juddiv3.xml
2025-06-26 14:34:37,884 INFO [org.apache.juddi.api.impl.InquiryHelper] - FindBusiness by tModelBag is enabled! Loaded from file:/C:/Users/hp/Desktop/UDDI/juddi-3.3.5_tomcat-7.0.82_9090/webapps/juddiv3/WEB-INF/classes/juddiv3.xml
2025-06-26 14:34:43,224 INFO [org.apache.juddi.api.impl.AuthenticatedService] - FindBusiness with tModel bag filtering is enabled: true loaded from file:/C:/Users/hp/Desktop/UDDI/juddi-3.3.5_tomcat-7.0.82_9090/webapps/juddiv3/WEB-INF/classes/juddiv3.xml
2025-06-26 14:34:43,224 INFO [org.apache.juddi.api.impl.InquiryHelper] - FindBusiness by tModelBag is enabled! Loaded from file:/C:/Users/hp/Desktop/UDDI/juddi-3.3.5_tomcat-7.0.82_9090/webapps/juddiv3/WEB-INF/classes/juddiv3.xml
2025-06-26 14:34:43,302 INFO [org.apache.juddi.api.impl.AuthenticatedService] - FindBusiness with tModel bag filtering is enabled: true loaded from file:/C:/Users/hp/Desktop/UDDI/juddi-3.3.5_tomcat-7.0.82_9090/webapps/juddiv3/WEB-INF/classes/juddiv3.xml
2025-06-26 14:34:43,302 INFO [org.apache.juddi.api.impl.InquiryHelper] - FindBusiness by tModelBag is enabled! Loaded from file:/C:/Users/hp/Desktop/UDDI/juddi-3.3.5_tomcat-7.0.82_9090/webapps/juddiv3/WEB-INF/classes/juddiv3.xml
2025-06-26 14:34:43,459 INFO [org.apache.juddi.api.impl.AuthenticatedService] - FindBusiness with tModel bag filtering is enabled: true loaded from file:/C:/Users/hp/Desktop/UDDI/juddi-3.3.5_tomcat-7.0.82_9090/webapps/juddiv3/WEB-INF/classes/juddiv3.xml
2025-06-26 14:34:43,459 INFO [org.apache.juddi.api.impl.InquiryHelper] - FindBusiness by tModelBag is enabled! Loaded from file:/C:/Users/hp/Desktop/UDDI/juddi-3.3.5_tomcat-7.0.82_9090/webapps/juddiv3/WEB-INF/classes/juddiv3.xml
2025-06-26 14:34:43,552 INFO [org.apache.juddi.api.impl.AuthenticatedService] - FindBusiness with tModel bag filtering is enabled: true loaded from file:/C:/Users/hp/Desktop/UDDI/juddi-3.3.5_tomcat-7.0.82_9090/webapps/juddiv3/WEB-INF/classes/juddiv3.xml
2025-06-26 14:34:43,552 INFO [org.apache.juddi.api.impl.InquiryHelper] - FindBusiness by tModelBag is enabled! Loaded from file:/C:/Users/hp/Desktop/UDDI/juddi-3.3.5_tomcat-7.0.82_9090/webapps/juddiv3/WEB-INF/classes/juddiv3.xml
2025-06-26 14:34:43,664 INFO [org.apache.juddi.api.impl.AuthenticatedService] - FindBusiness with tModel bag filtering is enabled: true loaded from file:/C:/Users/hp/Desktop/UDDI/juddi-3.3.5_tomcat-7.0.82_9090/webapps/juddiv3/WEB-INF/classes/juddiv3.xml
2025-06-26 14:34:43,666 INFO [org.apache.juddi.api.impl.InquiryHelper] - FindBusiness by tModelBag is enabled! Loaded from file:/C:/Users/hp/Desktop/UDDI/juddi-3.3.5_tomcat-7.0.82_9090/webapps/juddiv3/WEB-INF/classes/juddiv3.xml
2025-06-26 14:34:43,773 INFO [org.apache.juddi.api.impl.AuthenticatedService] - FindBusiness with tModel bag filtering is enabled: true loaded from file:/C:/Users/hp/Desktop/UDDI/juddi-3.3.5_tomcat-7.0.82_9090/webapps/juddiv3/WEB-INF/classes/juddiv3.xml
2025-06-26 14:34:43,773 INFO [org.apache.juddi.api.impl.InquiryHelper] - FindBusiness by tModelBag is enabled! Loaded from file:/C:/Users/hp/Desktop/UDDI/juddi-3.3.5_tomcat-7.0.82_9090/webapps/juddiv3/WEB-INF/classes/juddiv3.xml
2025-06-26 14:34:43,914 INFO [org.apache.juddi.api.impl.AuthenticatedService] - FindBusiness with tModel bag filtering is enabled: true loaded from file:/C:/Users/hp/Desktop/UDDI/juddi-3.3.5_tomcat-7.0.82_9090/webapps/juddiv3/WEB-INF/classes/juddiv3.xml
2025-06-26 14:34:43,914 INFO [org.apache.juddi.api.impl.InquiryHelper] - FindBusiness by tModelBag is enabled! Loaded from file:/C:/Users/hp/Desktop/UDDI/juddi-3.3.5_tomcat-7.0.82_9090/webapps/juddiv3/WEB-INF/classes/juddiv3.xml
2025-06-26 14:34:44,008 INFO [org.apache.juddi.api.impl.AuthenticatedService] - FindBusiness with tModel bag filtering is enabled: true loaded from file:/C:/Users/hp/Desktop/UDDI/juddi-3.3.5_tomcat-7.0.82_9090/webapps/juddiv3/WEB-INF/classes/juddiv3.xml
2025-06-26 14:34:44,023 INFO [org.apache.juddi.api.impl.InquiryHelper] - FindBusiness by tModelBag is enabled! Loaded from file:/C:/Users/hp/Desktop/UDDI/juddi-3.3.5_tomcat-7.0.82_9090/webapps/juddiv3/WEB-INF/classes/juddiv3.xml
2025-06-26 14:35:47,045 INFO [org.apache.juddi.api.impl.AuthenticatedService] - FindBusiness with tModel bag filtering is enabled: true loaded from file:/C:/Users/hp/Desktop/UDDI/juddi-3.3.5_tomcat-7.0.82_9090/webapps/juddiv3/WEB-INF/classes/juddiv3.xml
2025-06-26 14:35:47,047 INFO [org.apache.juddi.api.impl.InquiryHelper] - FindBusiness by tModelBag is enabled! Loaded from file:/C:/Users/hp/Desktop/UDDI/juddi-3.3.5_tomcat-7.0.82_9090/webapps/juddiv3/WEB-INF/classes/juddiv3.xml
2025-06-26 14:35:47,322 INFO [org.apache.juddi.api.impl.AuthenticatedService] - FindBusiness with tModel bag filtering is enabled: true loaded from file:/C:/Users/hp/Desktop/UDDI/juddi-3.3.5_tomcat-7.0.82_9090/webapps/juddiv3/WEB-INF/classes/juddiv3.xml
2025-06-26 14:35:47,323 INFO [org.apache.juddi.api.impl.InquiryHelper] - FindBusiness by tModelBag is enabled! Loaded from file:/C:/Users/hp/Desktop/UDDI/juddi-3.3.5_tomcat-7.0.82_9090/webapps/juddiv3/WEB-INF/classes/juddiv3.xml
2025-06-26 14:35:47,483 INFO [org.apache.juddi.api.impl.AuthenticatedService] - FindBusiness with tModel bag filtering is enabled: true loaded from file:/C:/Users/hp/Desktop/UDDI/juddi-3.3.5_tomcat-7.0.82_9090/webapps/juddiv3/WEB-INF/classes/juddiv3.xml
2025-06-26 14:35:47,485 INFO [org.apache.juddi.api.impl.InquiryHelper] - FindBusiness by tModelBag is enabled! Loaded from file:/C:/Users/hp/Desktop/UDDI/juddi-3.3.5_tomcat-7.0.82_9090/webapps/juddiv3/WEB-INF/classes/juddiv3.xml
2025-06-26 14:35:47,757 INFO [org.apache.juddi.api.impl.AuthenticatedService] - FindBusiness with tModel bag filtering is enabled: true loaded from file:/C:/Users/hp/Desktop/UDDI/juddi-3.3.5_tomcat-7.0.82_9090/webapps/juddiv3/WEB-INF/classes/juddiv3.xml
2025-06-26 14:35:47,758 INFO [org.apache.juddi.api.impl.InquiryHelper] - FindBusiness by tModelBag is enabled! Loaded from file:/C:/Users/hp/Desktop/UDDI/juddi-3.3.5_tomcat-7.0.82_9090/webapps/juddiv3/WEB-INF/classes/juddiv3.xml
2025-06-26 14:35:47,912 INFO [org.apache.juddi.api.impl.AuthenticatedService] - FindBusiness with tModel bag filtering is enabled: true loaded from file:/C:/Users/hp/Desktop/UDDI/juddi-3.3.5_tomcat-7.0.82_9090/webapps/juddiv3/WEB-INF/classes/juddiv3.xml
2025-06-26 14:35:47,913 INFO [org.apache.juddi.api.impl.InquiryHelper] - FindBusiness by tModelBag is enabled! Loaded from file:/C:/Users/hp/Desktop/UDDI/juddi-3.3.5_tomcat-7.0.82_9090/webapps/juddiv3/WEB-INF/classes/juddiv3.xml
2025-06-26 14:35:48,073 INFO [org.apache.juddi.api.impl.AuthenticatedService] - FindBusiness with tModel bag filtering is enabled: true loaded from file:/C:/Users/hp/Desktop/UDDI/juddi-3.3.5_tomcat-7.0.82_9090/webapps/juddiv3/WEB-INF/classes/juddiv3.xml
2025-06-26 14:35:48,075 INFO [org.apache.juddi.api.impl.InquiryHelper] - FindBusiness by tModelBag is enabled! Loaded from file:/C:/Users/hp/Desktop/UDDI/juddi-3.3.5_tomcat-7.0.82_9090/webapps/juddiv3/WEB-INF/classes/juddiv3.xml
2025-06-26 14:35:48,365 INFO [org.apache.juddi.api.impl.AuthenticatedService] - FindBusiness with tModel bag filtering is enabled: true loaded from file:/C:/Users/hp/Desktop/UDDI/juddi-3.3.5_tomcat-7.0.82_9090/webapps/juddiv3/WEB-INF/classes/juddiv3.xml
2025-06-26 14:35:48,366 INFO [org.apache.juddi.api.impl.InquiryHelper] - FindBusiness by tModelBag is enabled! Loaded from file:/C:/Users/hp/Desktop/UDDI/juddi-3.3.5_tomcat-7.0.82_9090/webapps/juddiv3/WEB-INF/classes/juddiv3.xml
2025-06-26 14:35:48,520 INFO [org.apache.juddi.api.impl.AuthenticatedService] - FindBusiness with tModel bag filtering is enabled: true loaded from file:/C:/Users/hp/Desktop/UDDI/juddi-3.3.5_tomcat-7.0.82_9090/webapps/juddiv3/WEB-INF/classes/juddiv3.xml
2025-06-26 14:35:48,521 INFO [org.apache.juddi.api.impl.InquiryHelper] - FindBusiness by tModelBag is enabled! Loaded from file:/C:/Users/hp/Desktop/UDDI/juddi-3.3.5_tomcat-7.0.82_9090/webapps/juddiv3/WEB-INF/classes/juddiv3.xml
2025-06-26 14:35:57,696 INFO [org.apache.juddi.api.impl.AuthenticatedService] - FindBusiness with tModel bag filtering is enabled: true loaded from file:/C:/Users/hp/Desktop/UDDI/juddi-3.3.5_tomcat-7.0.82_9090/webapps/juddiv3/WEB-INF/classes/juddiv3.xml
2025-06-26 14:35:57,697 INFO [org.apache.juddi.api.impl.InquiryHelper] - FindBusiness by tModelBag is enabled! Loaded from file:/C:/Users/hp/Desktop/UDDI/juddi-3.3.5_tomcat-7.0.82_9090/webapps/juddiv3/WEB-INF/classes/juddiv3.xml
2025-06-26 14:35:58,876 INFO [org.apache.juddi.api.impl.AuthenticatedService] - FindBusiness with tModel bag filtering is enabled: true loaded from file:/C:/Users/hp/Desktop/UDDI/juddi-3.3.5_tomcat-7.0.82_9090/webapps/juddiv3/WEB-INF/classes/juddiv3.xml
2025-06-26 14:35:58,876 INFO [org.apache.juddi.api.impl.InquiryHelper] - FindBusiness by tModelBag is enabled! Loaded from file:/C:/Users/hp/Desktop/UDDI/juddi-3.3.5_tomcat-7.0.82_9090/webapps/juddiv3/WEB-INF/classes/juddiv3.xml
2025-06-26 14:36:07,304 INFO [org.apache.juddi.api.impl.AuthenticatedService] - FindBusiness with tModel bag filtering is enabled: true loaded from file:/C:/Users/hp/Desktop/UDDI/juddi-3.3.5_tomcat-7.0.82_9090/webapps/juddiv3/WEB-INF/classes/juddiv3.xml
2025-06-26 14:36:07,304 INFO [org.apache.juddi.api.impl.InquiryHelper] - FindBusiness by tModelBag is enabled! Loaded from file:/C:/Users/hp/Desktop/UDDI/juddi-3.3.5_tomcat-7.0.82_9090/webapps/juddiv3/WEB-INF/classes/juddiv3.xml
2025-06-26 14:36:07,398 INFO [org.apache.juddi.api.impl.AuthenticatedService] - FindBusiness with tModel bag filtering is enabled: true loaded from file:/C:/Users/hp/Desktop/UDDI/juddi-3.3.5_tomcat-7.0.82_9090/webapps/juddiv3/WEB-INF/classes/juddiv3.xml
2025-06-26 14:36:07,398 INFO [org.apache.juddi.api.impl.InquiryHelper] - FindBusiness by tModelBag is enabled! Loaded from file:/C:/Users/hp/Desktop/UDDI/juddi-3.3.5_tomcat-7.0.82_9090/webapps/juddiv3/WEB-INF/classes/juddiv3.xml
2025-06-26 14:36:07,617 INFO [org.apache.juddi.api.impl.AuthenticatedService] - FindBusiness with tModel bag filtering is enabled: true loaded from file:/C:/Users/hp/Desktop/UDDI/juddi-3.3.5_tomcat-7.0.82_9090/webapps/juddiv3/WEB-INF/classes/juddiv3.xml
2025-06-26 14:36:07,617 INFO [org.apache.juddi.api.impl.InquiryHelper] - FindBusiness by tModelBag is enabled! Loaded from file:/C:/Users/hp/Desktop/UDDI/juddi-3.3.5_tomcat-7.0.82_9090/webapps/juddiv3/WEB-INF/classes/juddiv3.xml
2025-06-26 14:36:07,742 INFO [org.apache.juddi.api.impl.AuthenticatedService] - FindBusiness with tModel bag filtering is enabled: true loaded from file:/C:/Users/hp/Desktop/UDDI/juddi-3.3.5_tomcat-7.0.82_9090/webapps/juddiv3/WEB-INF/classes/juddiv3.xml
2025-06-26 14:36:07,742 INFO [org.apache.juddi.api.impl.InquiryHelper] - FindBusiness by tModelBag is enabled! Loaded from file:/C:/Users/hp/Desktop/UDDI/juddi-3.3.5_tomcat-7.0.82_9090/webapps/juddiv3/WEB-INF/classes/juddiv3.xml
2025-06-26 14:36:07,898 INFO [org.apache.juddi.api.impl.AuthenticatedService] - FindBusiness with tModel bag filtering is enabled: true loaded from file:/C:/Users/hp/Desktop/UDDI/juddi-3.3.5_tomcat-7.0.82_9090/webapps/juddiv3/WEB-INF/classes/juddiv3.xml
2025-06-26 14:36:07,913 INFO [org.apache.juddi.api.impl.InquiryHelper] - FindBusiness by tModelBag is enabled! Loaded from file:/C:/Users/hp/Desktop/UDDI/juddi-3.3.5_tomcat-7.0.82_9090/webapps/juddiv3/WEB-INF/classes/juddiv3.xml
2025-06-26 14:36:07,991 INFO [org.apache.juddi.api.impl.AuthenticatedService] - FindBusiness with tModel bag filtering is enabled: true loaded from file:/C:/Users/hp/Desktop/UDDI/juddi-3.3.5_tomcat-7.0.82_9090/webapps/juddiv3/WEB-INF/classes/juddiv3.xml
2025-06-26 14:36:07,991 INFO [org.apache.juddi.api.impl.InquiryHelper] - FindBusiness by tModelBag is enabled! Loaded from file:/C:/Users/hp/Desktop/UDDI/juddi-3.3.5_tomcat-7.0.82_9090/webapps/juddiv3/WEB-INF/classes/juddiv3.xml
2025-06-26 14:36:08,101 INFO [org.apache.juddi.api.impl.AuthenticatedService] - FindBusiness with tModel bag filtering is enabled: true loaded from file:/C:/Users/hp/Desktop/UDDI/juddi-3.3.5_tomcat-7.0.82_9090/webapps/juddiv3/WEB-INF/classes/juddiv3.xml
2025-06-26 14:36:08,101 INFO [org.apache.juddi.api.impl.InquiryHelper] - FindBusiness by tModelBag is enabled! Loaded from file:/C:/Users/hp/Desktop/UDDI/juddi-3.3.5_tomcat-7.0.82_9090/webapps/juddiv3/WEB-INF/classes/juddiv3.xml
2025-06-26 14:36:08,179 INFO [org.apache.juddi.api.impl.AuthenticatedService] - FindBusiness with tModel bag filtering is enabled: true loaded from file:/C:/Users/hp/Desktop/UDDI/juddi-3.3.5_tomcat-7.0.82_9090/webapps/juddiv3/WEB-INF/classes/juddiv3.xml
2025-06-26 14:36:08,179 INFO [org.apache.juddi.api.impl.InquiryHelper] - FindBusiness by tModelBag is enabled! Loaded from file:/C:/Users/hp/Desktop/UDDI/juddi-3.3.5_tomcat-7.0.82_9090/webapps/juddiv3/WEB-INF/classes/juddiv3.xml
2025-06-26 14:36:08,444 INFO [org.apache.juddi.api.impl.AuthenticatedService] - FindBusiness with tModel bag filtering is enabled: true loaded from file:/C:/Users/hp/Desktop/UDDI/juddi-3.3.5_tomcat-7.0.82_9090/webapps/juddiv3/WEB-INF/classes/juddiv3.xml
2025-06-26 14:36:08,444 INFO [org.apache.juddi.api.impl.InquiryHelper] - FindBusiness by tModelBag is enabled! Loaded from file:/C:/Users/hp/Desktop/UDDI/juddi-3.3.5_tomcat-7.0.82_9090/webapps/juddiv3/WEB-INF/classes/juddiv3.xml
2025-06-26 14:36:08,554 INFO [org.apache.juddi.api.impl.AuthenticatedService] - FindBusiness with tModel bag filtering is enabled: true loaded from file:/C:/Users/hp/Desktop/UDDI/juddi-3.3.5_tomcat-7.0.82_9090/webapps/juddiv3/WEB-INF/classes/juddiv3.xml
2025-06-26 14:36:08,554 INFO [org.apache.juddi.api.impl.InquiryHelper] - FindBusiness by tModelBag is enabled! Loaded from file:/C:/Users/hp/Desktop/UDDI/juddi-3.3.5_tomcat-7.0.82_9090/webapps/juddiv3/WEB-INF/classes/juddiv3.xml
2025-06-26 14:38:13,056 INFO [org.apache.juddi.api.impl.AuthenticatedService] - FindBusiness with tModel bag filtering is enabled: true loaded from file:/C:/Users/hp/Desktop/UDDI/juddi-3.3.5_tomcat-7.0.82_9090/webapps/juddiv3/WEB-INF/classes/juddiv3.xml
2025-06-26 14:38:13,056 INFO [org.apache.juddi.api.impl.InquiryHelper] - FindBusiness by tModelBag is enabled! Loaded from file:/C:/Users/hp/Desktop/UDDI/juddi-3.3.5_tomcat-7.0.82_9090/webapps/juddiv3/WEB-INF/classes/juddiv3.xml
2025-06-26 14:38:13,179 INFO [org.apache.juddi.api.impl.AuthenticatedService] - FindBusiness with tModel bag filtering is enabled: true loaded from file:/C:/Users/hp/Desktop/UDDI/juddi-3.3.5_tomcat-7.0.82_9090/webapps/juddiv3/WEB-INF/classes/juddiv3.xml
2025-06-26 14:38:13,179 INFO [org.apache.juddi.api.impl.InquiryHelper] - FindBusiness by tModelBag is enabled! Loaded from file:/C:/Users/hp/Desktop/UDDI/juddi-3.3.5_tomcat-7.0.82_9090/webapps/juddiv3/WEB-INF/classes/juddiv3.xml
2025-06-26 14:38:13,303 INFO [org.apache.juddi.api.impl.AuthenticatedService] - FindBusiness with tModel bag filtering is enabled: true loaded from file:/C:/Users/hp/Desktop/UDDI/juddi-3.3.5_tomcat-7.0.82_9090/webapps/juddiv3/WEB-INF/classes/juddiv3.xml
2025-06-26 14:38:13,303 INFO [org.apache.juddi.api.impl.InquiryHelper] - FindBusiness by tModelBag is enabled! Loaded from file:/C:/Users/hp/Desktop/UDDI/juddi-3.3.5_tomcat-7.0.82_9090/webapps/juddiv3/WEB-INF/classes/juddiv3.xml
2025-06-26 14:38:13,444 INFO [org.apache.juddi.api.impl.AuthenticatedService] - FindBusiness with tModel bag filtering is enabled: true loaded from file:/C:/Users/hp/Desktop/UDDI/juddi-3.3.5_tomcat-7.0.82_9090/webapps/juddiv3/WEB-INF/classes/juddiv3.xml
2025-06-26 14:38:13,444 INFO [org.apache.juddi.api.impl.InquiryHelper] - FindBusiness by tModelBag is enabled! Loaded from file:/C:/Users/hp/Desktop/UDDI/juddi-3.3.5_tomcat-7.0.82_9090/webapps/juddiv3/WEB-INF/classes/juddiv3.xml
2025-06-26 14:38:13,569 INFO [org.apache.juddi.api.impl.AuthenticatedService] - FindBusiness with tModel bag filtering is enabled: true loaded from file:/C:/Users/hp/Desktop/UDDI/juddi-3.3.5_tomcat-7.0.82_9090/webapps/juddiv3/WEB-INF/classes/juddiv3.xml
2025-06-26 14:38:13,569 INFO [org.apache.juddi.api.impl.InquiryHelper] - FindBusiness by tModelBag is enabled! Loaded from file:/C:/Users/hp/Desktop/UDDI/juddi-3.3.5_tomcat-7.0.82_9090/webapps/juddiv3/WEB-INF/classes/juddiv3.xml
2025-06-26 14:38:13,741 INFO [org.apache.juddi.api.impl.AuthenticatedService] - FindBusiness with tModel bag filtering is enabled: true loaded from file:/C:/Users/hp/Desktop/UDDI/juddi-3.3.5_tomcat-7.0.82_9090/webapps/juddiv3/WEB-INF/classes/juddiv3.xml
2025-06-26 14:38:13,741 INFO [org.apache.juddi.api.impl.InquiryHelper] - FindBusiness by tModelBag is enabled! Loaded from file:/C:/Users/hp/Desktop/UDDI/juddi-3.3.5_tomcat-7.0.82_9090/webapps/juddiv3/WEB-INF/classes/juddiv3.xml
2025-06-26 14:38:13,819 INFO [org.apache.juddi.api.impl.AuthenticatedService] - FindBusiness with tModel bag filtering is enabled: true loaded from file:/C:/Users/hp/Desktop/UDDI/juddi-3.3.5_tomcat-7.0.82_9090/webapps/juddiv3/WEB-INF/classes/juddiv3.xml
2025-06-26 14:38:13,819 INFO [org.apache.juddi.api.impl.InquiryHelper] - FindBusiness by tModelBag is enabled! Loaded from file:/C:/Users/hp/Desktop/UDDI/juddi-3.3.5_tomcat-7.0.82_9090/webapps/juddiv3/WEB-INF/classes/juddiv3.xml
2025-06-26 14:38:14,079 INFO [org.apache.juddi.api.impl.AuthenticatedService] - FindBusiness with tModel bag filtering is enabled: true loaded from file:/C:/Users/hp/Desktop/UDDI/juddi-3.3.5_tomcat-7.0.82_9090/webapps/juddiv3/WEB-INF/classes/juddiv3.xml
2025-06-26 14:38:14,079 INFO [org.apache.juddi.api.impl.InquiryHelper] - FindBusiness by tModelBag is enabled! Loaded from file:/C:/Users/hp/Desktop/UDDI/juddi-3.3.5_tomcat-7.0.82_9090/webapps/juddiv3/WEB-INF/classes/juddiv3.xml
2025-06-26 14:38:14,258 INFO [org.apache.juddi.api.impl.AuthenticatedService] - FindBusiness with tModel bag filtering is enabled: true loaded from file:/C:/Users/hp/Desktop/UDDI/juddi-3.3.5_tomcat-7.0.82_9090/webapps/juddiv3/WEB-INF/classes/juddiv3.xml
2025-06-26 14:38:14,258 INFO [org.apache.juddi.api.impl.InquiryHelper] - FindBusiness by tModelBag is enabled! Loaded from file:/C:/Users/hp/Desktop/UDDI/juddi-3.3.5_tomcat-7.0.82_9090/webapps/juddiv3/WEB-INF/classes/juddiv3.xml
2025-06-26 14:38:14,414 INFO [org.apache.juddi.api.impl.AuthenticatedService] - FindBusiness with tModel bag filtering is enabled: true loaded from file:/C:/Users/hp/Desktop/UDDI/juddi-3.3.5_tomcat-7.0.82_9090/webapps/juddiv3/WEB-INF/classes/juddiv3.xml
2025-06-26 14:38:14,414 INFO [org.apache.juddi.api.impl.InquiryHelper] - FindBusiness by tModelBag is enabled! Loaded from file:/C:/Users/hp/Desktop/UDDI/juddi-3.3.5_tomcat-7.0.82_9090/webapps/juddiv3/WEB-INF/classes/juddiv3.xml
2025-06-26 14:40:03,935 INFO [org.apache.juddi.api.impl.AuthenticatedService] - FindBusiness with tModel bag filtering is enabled: true loaded from file:/C:/Users/hp/Desktop/UDDI/juddi-3.3.5_tomcat-7.0.82_9090/webapps/juddiv3/WEB-INF/classes/juddiv3.xml
2025-06-26 14:40:03,937 INFO [org.apache.juddi.api.impl.InquiryHelper] - FindBusiness by tModelBag is enabled! Loaded from file:/C:/Users/hp/Desktop/UDDI/juddi-3.3.5_tomcat-7.0.82_9090/webapps/juddiv3/WEB-INF/classes/juddiv3.xml
2025-06-26 14:40:04,198 INFO [org.apache.juddi.api.impl.AuthenticatedService] - FindBusiness with tModel bag filtering is enabled: true loaded from file:/C:/Users/hp/Desktop/UDDI/juddi-3.3.5_tomcat-7.0.82_9090/webapps/juddiv3/WEB-INF/classes/juddiv3.xml
2025-06-26 14:40:04,200 INFO [org.apache.juddi.api.impl.InquiryHelper] - FindBusiness by tModelBag is enabled! Loaded from file:/C:/Users/hp/Desktop/UDDI/juddi-3.3.5_tomcat-7.0.82_9090/webapps/juddiv3/WEB-INF/classes/juddiv3.xml
2025-06-26 14:40:04,310 INFO [org.apache.juddi.api.impl.AuthenticatedService] - FindBusiness with tModel bag filtering is enabled: true loaded from file:/C:/Users/hp/Desktop/UDDI/juddi-3.3.5_tomcat-7.0.82_9090/webapps/juddiv3/WEB-INF/classes/juddiv3.xml
2025-06-26 14:40:04,311 INFO [org.apache.juddi.api.impl.InquiryHelper] - FindBusiness by tModelBag is enabled! Loaded from file:/C:/Users/hp/Desktop/UDDI/juddi-3.3.5_tomcat-7.0.82_9090/webapps/juddiv3/WEB-INF/classes/juddiv3.xml
2025-06-26 14:40:04,518 INFO [org.apache.juddi.api.impl.AuthenticatedService] - FindBusiness with tModel bag filtering is enabled: true loaded from file:/C:/Users/hp/Desktop/UDDI/juddi-3.3.5_tomcat-7.0.82_9090/webapps/juddiv3/WEB-INF/classes/juddiv3.xml
2025-06-26 14:40:04,519 INFO [org.apache.juddi.api.impl.InquiryHelper] - FindBusiness by tModelBag is enabled! Loaded from file:/C:/Users/hp/Desktop/UDDI/juddi-3.3.5_tomcat-7.0.82_9090/webapps/juddiv3/WEB-INF/classes/juddiv3.xml
2025-06-26 14:40:04,726 INFO [org.apache.juddi.api.impl.AuthenticatedService] - FindBusiness with tModel bag filtering is enabled: true loaded from file:/C:/Users/hp/Desktop/UDDI/juddi-3.3.5_tomcat-7.0.82_9090/webapps/juddiv3/WEB-INF/classes/juddiv3.xml
2025-06-26 14:40:04,728 INFO [org.apache.juddi.api.impl.InquiryHelper] - FindBusiness by tModelBag is enabled! Loaded from file:/C:/Users/hp/Desktop/UDDI/juddi-3.3.5_tomcat-7.0.82_9090/webapps/juddiv3/WEB-INF/classes/juddiv3.xml
2025-06-26 14:40:04,971 INFO [org.apache.juddi.api.impl.AuthenticatedService] - FindBusiness with tModel bag filtering is enabled: true loaded from file:/C:/Users/hp/Desktop/UDDI/juddi-3.3.5_tomcat-7.0.82_9090/webapps/juddiv3/WEB-INF/classes/juddiv3.xml
2025-06-26 14:40:04,972 INFO [org.apache.juddi.api.impl.InquiryHelper] - FindBusiness by tModelBag is enabled! Loaded from file:/C:/Users/hp/Desktop/UDDI/juddi-3.3.5_tomcat-7.0.82_9090/webapps/juddiv3/WEB-INF/classes/juddiv3.xml
2025-06-26 14:40:05,101 INFO [org.apache.juddi.api.impl.AuthenticatedService] - FindBusiness with tModel bag filtering is enabled: true loaded from file:/C:/Users/hp/Desktop/UDDI/juddi-3.3.5_tomcat-7.0.82_9090/webapps/juddiv3/WEB-INF/classes/juddiv3.xml
2025-06-26 14:40:05,102 INFO [org.apache.juddi.api.impl.InquiryHelper] - FindBusiness by tModelBag is enabled! Loaded from file:/C:/Users/hp/Desktop/UDDI/juddi-3.3.5_tomcat-7.0.82_9090/webapps/juddiv3/WEB-INF/classes/juddiv3.xml
2025-06-26 14:40:05,332 INFO [org.apache.juddi.api.impl.AuthenticatedService] - FindBusiness with tModel bag filtering is enabled: true loaded from file:/C:/Users/hp/Desktop/UDDI/juddi-3.3.5_tomcat-7.0.82_9090/webapps/juddiv3/WEB-INF/classes/juddiv3.xml
2025-06-26 14:40:05,333 INFO [org.apache.juddi.api.impl.InquiryHelper] - FindBusiness by tModelBag is enabled! Loaded from file:/C:/Users/hp/Desktop/UDDI/juddi-3.3.5_tomcat-7.0.82_9090/webapps/juddiv3/WEB-INF/classes/juddiv3.xml
2025-06-26 14:40:05,486 INFO [org.apache.juddi.api.impl.AuthenticatedService] - FindBusiness with tModel bag filtering is enabled: true loaded from file:/C:/Users/hp/Desktop/UDDI/juddi-3.3.5_tomcat-7.0.82_9090/webapps/juddiv3/WEB-INF/classes/juddiv3.xml
2025-06-26 14:40:05,487 INFO [org.apache.juddi.api.impl.InquiryHelper] - FindBusiness by tModelBag is enabled! Loaded from file:/C:/Users/hp/Desktop/UDDI/juddi-3.3.5_tomcat-7.0.82_9090/webapps/juddiv3/WEB-INF/classes/juddiv3.xml
2025-06-26 14:40:05,645 INFO [org.apache.juddi.api.impl.AuthenticatedService] - FindBusiness with tModel bag filtering is enabled: true loaded from file:/C:/Users/hp/Desktop/UDDI/juddi-3.3.5_tomcat-7.0.82_9090/webapps/juddiv3/WEB-INF/classes/juddiv3.xml
2025-06-26 14:40:05,649 INFO [org.apache.juddi.api.impl.InquiryHelper] - FindBusiness by tModelBag is enabled! Loaded from file:/C:/Users/hp/Desktop/UDDI/juddi-3.3.5_tomcat-7.0.82_9090/webapps/juddiv3/WEB-INF/classes/juddiv3.xml
2025-06-26 14:43:22,895 INFO [org.apache.juddi.api.impl.AuthenticatedService] - FindBusiness with tModel bag filtering is enabled: true loaded from file:/C:/Users/hp/Desktop/UDDI/juddi-3.3.5_tomcat-7.0.82_9090/webapps/juddiv3/WEB-INF/classes/juddiv3.xml
2025-06-26 14:43:22,897 INFO [org.apache.juddi.api.impl.InquiryHelper] - FindBusiness by tModelBag is enabled! Loaded from file:/C:/Users/hp/Desktop/UDDI/juddi-3.3.5_tomcat-7.0.82_9090/webapps/juddiv3/WEB-INF/classes/juddiv3.xml
2025-06-26 14:43:23,677 INFO [org.apache.juddi.api.impl.AuthenticatedService] - FindBusiness with tModel bag filtering is enabled: true loaded from file:/C:/Users/hp/Desktop/UDDI/juddi-3.3.5_tomcat-7.0.82_9090/webapps/juddiv3/WEB-INF/classes/juddiv3.xml
2025-06-26 14:43:23,677 INFO [org.apache.juddi.api.impl.InquiryHelper] - FindBusiness by tModelBag is enabled! Loaded from file:/C:/Users/hp/Desktop/UDDI/juddi-3.3.5_tomcat-7.0.82_9090/webapps/juddiv3/WEB-INF/classes/juddiv3.xml
2025-06-26 14:43:23,810 INFO [org.apache.juddi.api.impl.AuthenticatedService] - FindBusiness with tModel bag filtering is enabled: true loaded from file:/C:/Users/hp/Desktop/UDDI/juddi-3.3.5_tomcat-7.0.82_9090/webapps/juddiv3/WEB-INF/classes/juddiv3.xml
2025-06-26 14:43:23,810 INFO [org.apache.juddi.api.impl.InquiryHelper] - FindBusiness by tModelBag is enabled! Loaded from file:/C:/Users/hp/Desktop/UDDI/juddi-3.3.5_tomcat-7.0.82_9090/webapps/juddiv3/WEB-INF/classes/juddiv3.xml
2025-06-26 14:43:24,076 INFO [org.apache.juddi.api.impl.AuthenticatedService] - FindBusiness with tModel bag filtering is enabled: true loaded from file:/C:/Users/hp/Desktop/UDDI/juddi-3.3.5_tomcat-7.0.82_9090/webapps/juddiv3/WEB-INF/classes/juddiv3.xml
2025-06-26 14:43:24,076 INFO [org.apache.juddi.api.impl.InquiryHelper] - FindBusiness by tModelBag is enabled! Loaded from file:/C:/Users/hp/Desktop/UDDI/juddi-3.3.5_tomcat-7.0.82_9090/webapps/juddiv3/WEB-INF/classes/juddiv3.xml
2025-06-26 14:43:24,225 INFO [org.apache.juddi.api.impl.AuthenticatedService] - FindBusiness with tModel bag filtering is enabled: true loaded from file:/C:/Users/hp/Desktop/UDDI/juddi-3.3.5_tomcat-7.0.82_9090/webapps/juddiv3/WEB-INF/classes/juddiv3.xml
2025-06-26 14:43:24,240 INFO [org.apache.juddi.api.impl.InquiryHelper] - FindBusiness by tModelBag is enabled! Loaded from file:/C:/Users/hp/Desktop/UDDI/juddi-3.3.5_tomcat-7.0.82_9090/webapps/juddiv3/WEB-INF/classes/juddiv3.xml
2025-06-26 14:43:24,350 INFO [org.apache.juddi.api.impl.AuthenticatedService] - FindBusiness with tModel bag filtering is enabled: true loaded from file:/C:/Users/hp/Desktop/UDDI/juddi-3.3.5_tomcat-7.0.82_9090/webapps/juddiv3/WEB-INF/classes/juddiv3.xml
2025-06-26 14:43:24,350 INFO [org.apache.juddi.api.impl.InquiryHelper] - FindBusiness by tModelBag is enabled! Loaded from file:/C:/Users/hp/Desktop/UDDI/juddi-3.3.5_tomcat-7.0.82_9090/webapps/juddiv3/WEB-INF/classes/juddiv3.xml
2025-06-26 14:43:24,468 INFO [org.apache.juddi.api.impl.AuthenticatedService] - FindBusiness with tModel bag filtering is enabled: true loaded from file:/C:/Users/hp/Desktop/UDDI/juddi-3.3.5_tomcat-7.0.82_9090/webapps/juddiv3/WEB-INF/classes/juddiv3.xml
2025-06-26 14:43:24,469 INFO [org.apache.juddi.api.impl.InquiryHelper] - FindBusiness by tModelBag is enabled! Loaded from file:/C:/Users/hp/Desktop/UDDI/juddi-3.3.5_tomcat-7.0.82_9090/webapps/juddiv3/WEB-INF/classes/juddiv3.xml
2025-06-26 14:43:24,571 INFO [org.apache.juddi.api.impl.AuthenticatedService] - FindBusiness with tModel bag filtering is enabled: true loaded from file:/C:/Users/hp/Desktop/UDDI/juddi-3.3.5_tomcat-7.0.82_9090/webapps/juddiv3/WEB-INF/classes/juddiv3.xml
2025-06-26 14:43:24,587 INFO [org.apache.juddi.api.impl.InquiryHelper] - FindBusiness by tModelBag is enabled! Loaded from file:/C:/Users/hp/Desktop/UDDI/juddi-3.3.5_tomcat-7.0.82_9090/webapps/juddiv3/WEB-INF/classes/juddiv3.xml
2025-06-26 14:43:24,727 INFO [org.apache.juddi.api.impl.AuthenticatedService] - FindBusiness with tModel bag filtering is enabled: true loaded from file:/C:/Users/hp/Desktop/UDDI/juddi-3.3.5_tomcat-7.0.82_9090/webapps/juddiv3/WEB-INF/classes/juddiv3.xml
2025-06-26 14:43:24,727 INFO [org.apache.juddi.api.impl.InquiryHelper] - FindBusiness by tModelBag is enabled! Loaded from file:/C:/Users/hp/Desktop/UDDI/juddi-3.3.5_tomcat-7.0.82_9090/webapps/juddiv3/WEB-INF/classes/juddiv3.xml
2025-06-26 14:43:24,930 INFO [org.apache.juddi.api.impl.AuthenticatedService] - FindBusiness with tModel bag filtering is enabled: true loaded from file:/C:/Users/hp/Desktop/UDDI/juddi-3.3.5_tomcat-7.0.82_9090/webapps/juddiv3/WEB-INF/classes/juddiv3.xml
2025-06-26 14:43:24,946 INFO [org.apache.juddi.api.impl.InquiryHelper] - FindBusiness by tModelBag is enabled! Loaded from file:/C:/Users/hp/Desktop/UDDI/juddi-3.3.5_tomcat-7.0.82_9090/webapps/juddiv3/WEB-INF/classes/juddiv3.xml
2025-06-26 14:45:47,457 INFO [org.apache.juddi.api.impl.AuthenticatedService] - FindBusiness with tModel bag filtering is enabled: true loaded from file:/C:/Users/hp/Desktop/UDDI/juddi-3.3.5_tomcat-7.0.82_9090/webapps/juddiv3/WEB-INF/classes/juddiv3.xml
2025-06-26 14:45:47,457 INFO [org.apache.juddi.api.impl.InquiryHelper] - FindBusiness by tModelBag is enabled! Loaded from file:/C:/Users/hp/Desktop/UDDI/juddi-3.3.5_tomcat-7.0.82_9090/webapps/juddiv3/WEB-INF/classes/juddiv3.xml
2025-06-26 14:45:48,491 INFO [org.apache.juddi.api.impl.AuthenticatedService] - FindBusiness with tModel bag filtering is enabled: true loaded from file:/C:/Users/hp/Desktop/UDDI/juddi-3.3.5_tomcat-7.0.82_9090/webapps/juddiv3/WEB-INF/classes/juddiv3.xml
2025-06-26 14:45:48,491 INFO [org.apache.juddi.api.impl.InquiryHelper] - FindBusiness by tModelBag is enabled! Loaded from file:/C:/Users/hp/Desktop/UDDI/juddi-3.3.5_tomcat-7.0.82_9090/webapps/juddiv3/WEB-INF/classes/juddiv3.xml
2025-06-26 14:45:48,569 INFO [org.apache.juddi.api.impl.AuthenticatedService] - FindBusiness with tModel bag filtering is enabled: true loaded from file:/C:/Users/hp/Desktop/UDDI/juddi-3.3.5_tomcat-7.0.82_9090/webapps/juddiv3/WEB-INF/classes/juddiv3.xml
2025-06-26 14:45:48,569 INFO [org.apache.juddi.api.impl.InquiryHelper] - FindBusiness by tModelBag is enabled! Loaded from file:/C:/Users/hp/Desktop/UDDI/juddi-3.3.5_tomcat-7.0.82_9090/webapps/juddiv3/WEB-INF/classes/juddiv3.xml
2025-06-26 14:45:48,804 INFO [org.apache.juddi.api.impl.AuthenticatedService] - FindBusiness with tModel bag filtering is enabled: true loaded from file:/C:/Users/hp/Desktop/UDDI/juddi-3.3.5_tomcat-7.0.82_9090/webapps/juddiv3/WEB-INF/classes/juddiv3.xml
2025-06-26 14:45:48,804 INFO [org.apache.juddi.api.impl.InquiryHelper] - FindBusiness by tModelBag is enabled! Loaded from file:/C:/Users/hp/Desktop/UDDI/juddi-3.3.5_tomcat-7.0.82_9090/webapps/juddiv3/WEB-INF/classes/juddiv3.xml
2025-06-26 14:45:48,882 INFO [org.apache.juddi.api.impl.AuthenticatedService] - FindBusiness with tModel bag filtering is enabled: true loaded from file:/C:/Users/hp/Desktop/UDDI/juddi-3.3.5_tomcat-7.0.82_9090/webapps/juddiv3/WEB-INF/classes/juddiv3.xml
2025-06-26 14:45:48,882 INFO [org.apache.juddi.api.impl.InquiryHelper] - FindBusiness by tModelBag is enabled! Loaded from file:/C:/Users/hp/Desktop/UDDI/juddi-3.3.5_tomcat-7.0.82_9090/webapps/juddiv3/WEB-INF/classes/juddiv3.xml
2025-06-26 14:45:49,132 INFO [org.apache.juddi.api.impl.AuthenticatedService] - FindBusiness with tModel bag filtering is enabled: true loaded from file:/C:/Users/hp/Desktop/UDDI/juddi-3.3.5_tomcat-7.0.82_9090/webapps/juddiv3/WEB-INF/classes/juddiv3.xml
2025-06-26 14:45:49,132 INFO [org.apache.juddi.api.impl.InquiryHelper] - FindBusiness by tModelBag is enabled! Loaded from file:/C:/Users/hp/Desktop/UDDI/juddi-3.3.5_tomcat-7.0.82_9090/webapps/juddiv3/WEB-INF/classes/juddiv3.xml
2025-06-26 14:45:49,210 INFO [org.apache.juddi.api.impl.AuthenticatedService] - FindBusiness with tModel bag filtering is enabled: true loaded from file:/C:/Users/hp/Desktop/UDDI/juddi-3.3.5_tomcat-7.0.82_9090/webapps/juddiv3/WEB-INF/classes/juddiv3.xml
2025-06-26 14:45:49,226 INFO [org.apache.juddi.api.impl.InquiryHelper] - FindBusiness by tModelBag is enabled! Loaded from file:/C:/Users/hp/Desktop/UDDI/juddi-3.3.5_tomcat-7.0.82_9090/webapps/juddiv3/WEB-INF/classes/juddiv3.xml
2025-06-26 14:45:49,368 INFO [org.apache.juddi.api.impl.AuthenticatedService] - FindBusiness with tModel bag filtering is enabled: true loaded from file:/C:/Users/hp/Desktop/UDDI/juddi-3.3.5_tomcat-7.0.82_9090/webapps/juddiv3/WEB-INF/classes/juddiv3.xml
2025-06-26 14:45:49,368 INFO [org.apache.juddi.api.impl.InquiryHelper] - FindBusiness by tModelBag is enabled! Loaded from file:/C:/Users/hp/Desktop/UDDI/juddi-3.3.5_tomcat-7.0.82_9090/webapps/juddiv3/WEB-INF/classes/juddiv3.xml
2025-06-26 14:45:49,618 INFO [org.apache.juddi.api.impl.AuthenticatedService] - FindBusiness with tModel bag filtering is enabled: true loaded from file:/C:/Users/hp/Desktop/UDDI/juddi-3.3.5_tomcat-7.0.82_9090/webapps/juddiv3/WEB-INF/classes/juddiv3.xml
2025-06-26 14:45:49,618 INFO [org.apache.juddi.api.impl.InquiryHelper] - FindBusiness by tModelBag is enabled! Loaded from file:/C:/Users/hp/Desktop/UDDI/juddi-3.3.5_tomcat-7.0.82_9090/webapps/juddiv3/WEB-INF/classes/juddiv3.xml
2025-06-26 14:45:49,696 INFO [org.apache.juddi.api.impl.AuthenticatedService] - FindBusiness with tModel bag filtering is enabled: true loaded from file:/C:/Users/hp/Desktop/UDDI/juddi-3.3.5_tomcat-7.0.82_9090/webapps/juddiv3/WEB-INF/classes/juddiv3.xml
2025-06-26 14:45:49,696 INFO [org.apache.juddi.api.impl.InquiryHelper] - FindBusiness by tModelBag is enabled! Loaded from file:/C:/Users/hp/Desktop/UDDI/juddi-3.3.5_tomcat-7.0.82_9090/webapps/juddiv3/WEB-INF/classes/juddiv3.xml
2025-06-26 14:48:36,625 INFO [org.apache.juddi.api.impl.AuthenticatedService] - FindBusiness with tModel bag filtering is enabled: true loaded from file:/C:/Users/hp/Desktop/UDDI/juddi-3.3.5_tomcat-7.0.82_9090/webapps/juddiv3/WEB-INF/classes/juddiv3.xml
2025-06-26 14:48:36,625 INFO [org.apache.juddi.api.impl.InquiryHelper] - FindBusiness by tModelBag is enabled! Loaded from file:/C:/Users/hp/Desktop/UDDI/juddi-3.3.5_tomcat-7.0.82_9090/webapps/juddiv3/WEB-INF/classes/juddiv3.xml
2025-06-26 14:48:37,628 INFO [org.apache.juddi.api.impl.AuthenticatedService] - FindBusiness with tModel bag filtering is enabled: true loaded from file:/C:/Users/hp/Desktop/UDDI/juddi-3.3.5_tomcat-7.0.82_9090/webapps/juddiv3/WEB-INF/classes/juddiv3.xml
2025-06-26 14:48:37,628 INFO [org.apache.juddi.api.impl.InquiryHelper] - FindBusiness by tModelBag is enabled! Loaded from file:/C:/Users/hp/Desktop/UDDI/juddi-3.3.5_tomcat-7.0.82_9090/webapps/juddiv3/WEB-INF/classes/juddiv3.xml
2025-06-26 14:48:37,738 INFO [org.apache.juddi.api.impl.AuthenticatedService] - FindBusiness with tModel bag filtering is enabled: true loaded from file:/C:/Users/hp/Desktop/UDDI/juddi-3.3.5_tomcat-7.0.82_9090/webapps/juddiv3/WEB-INF/classes/juddiv3.xml
2025-06-26 14:48:37,738 INFO [org.apache.juddi.api.impl.InquiryHelper] - FindBusiness by tModelBag is enabled! Loaded from file:/C:/Users/hp/Desktop/UDDI/juddi-3.3.5_tomcat-7.0.82_9090/webapps/juddiv3/WEB-INF/classes/juddiv3.xml
2025-06-26 14:48:37,816 INFO [org.apache.juddi.api.impl.AuthenticatedService] - FindBusiness with tModel bag filtering is enabled: true loaded from file:/C:/Users/hp/Desktop/UDDI/juddi-3.3.5_tomcat-7.0.82_9090/webapps/juddiv3/WEB-INF/classes/juddiv3.xml
2025-06-26 14:48:37,816 INFO [org.apache.juddi.api.impl.InquiryHelper] - FindBusiness by tModelBag is enabled! Loaded from file:/C:/Users/hp/Desktop/UDDI/juddi-3.3.5_tomcat-7.0.82_9090/webapps/juddiv3/WEB-INF/classes/juddiv3.xml
2025-06-26 14:48:37,941 INFO [org.apache.juddi.api.impl.AuthenticatedService] - FindBusiness with tModel bag filtering is enabled: true loaded from file:/C:/Users/hp/Desktop/UDDI/juddi-3.3.5_tomcat-7.0.82_9090/webapps/juddiv3/WEB-INF/classes/juddiv3.xml
2025-06-26 14:48:37,941 INFO [org.apache.juddi.api.impl.InquiryHelper] - FindBusiness by tModelBag is enabled! Loaded from file:/C:/Users/hp/Desktop/UDDI/juddi-3.3.5_tomcat-7.0.82_9090/webapps/juddiv3/WEB-INF/classes/juddiv3.xml
2025-06-26 14:48:38,254 INFO [org.apache.juddi.api.impl.AuthenticatedService] - FindBusiness with tModel bag filtering is enabled: true loaded from file:/C:/Users/hp/Desktop/UDDI/juddi-3.3.5_tomcat-7.0.82_9090/webapps/juddiv3/WEB-INF/classes/juddiv3.xml
2025-06-26 14:48:38,254 INFO [org.apache.juddi.api.impl.InquiryHelper] - FindBusiness by tModelBag is enabled! Loaded from file:/C:/Users/hp/Desktop/UDDI/juddi-3.3.5_tomcat-7.0.82_9090/webapps/juddiv3/WEB-INF/classes/juddiv3.xml
2025-06-26 14:48:38,379 INFO [org.apache.juddi.api.impl.AuthenticatedService] - FindBusiness with tModel bag filtering is enabled: true loaded from file:/C:/Users/hp/Desktop/UDDI/juddi-3.3.5_tomcat-7.0.82_9090/webapps/juddiv3/WEB-INF/classes/juddiv3.xml
2025-06-26 14:48:38,379 INFO [org.apache.juddi.api.impl.InquiryHelper] - FindBusiness by tModelBag is enabled! Loaded from file:/C:/Users/hp/Desktop/UDDI/juddi-3.3.5_tomcat-7.0.82_9090/webapps/juddiv3/WEB-INF/classes/juddiv3.xml
2025-06-26 14:48:45,494 INFO [org.apache.juddi.api.impl.AuthenticatedService] - FindBusiness with tModel bag filtering is enabled: true loaded from file:/C:/Users/hp/Desktop/UDDI/juddi-3.3.5_tomcat-7.0.82_9090/webapps/juddiv3/WEB-INF/classes/juddiv3.xml
2025-06-26 14:48:45,494 INFO [org.apache.juddi.api.impl.InquiryHelper] - FindBusiness by tModelBag is enabled! Loaded from file:/C:/Users/hp/Desktop/UDDI/juddi-3.3.5_tomcat-7.0.82_9090/webapps/juddiv3/WEB-INF/classes/juddiv3.xml
2025-06-26 14:48:45,633 INFO [org.apache.juddi.api.impl.AuthenticatedService] - FindBusiness with tModel bag filtering is enabled: true loaded from file:/C:/Users/hp/Desktop/UDDI/juddi-3.3.5_tomcat-7.0.82_9090/webapps/juddiv3/WEB-INF/classes/juddiv3.xml
2025-06-26 14:48:45,649 INFO [org.apache.juddi.api.impl.InquiryHelper] - FindBusiness by tModelBag is enabled! Loaded from file:/C:/Users/hp/Desktop/UDDI/juddi-3.3.5_tomcat-7.0.82_9090/webapps/juddiv3/WEB-INF/classes/juddiv3.xml
2025-06-26 14:48:45,915 INFO [org.apache.juddi.api.impl.AuthenticatedService] - FindBusiness with tModel bag filtering is enabled: true loaded from file:/C:/Users/hp/Desktop/UDDI/juddi-3.3.5_tomcat-7.0.82_9090/webapps/juddiv3/WEB-INF/classes/juddiv3.xml
2025-06-26 14:48:45,915 INFO [org.apache.juddi.api.impl.InquiryHelper] - FindBusiness by tModelBag is enabled! Loaded from file:/C:/Users/hp/Desktop/UDDI/juddi-3.3.5_tomcat-7.0.82_9090/webapps/juddiv3/WEB-INF/classes/juddiv3.xml
2025-06-26 14:50:34,423 INFO [org.apache.juddi.api.impl.AuthenticatedService] - FindBusiness with tModel bag filtering is enabled: true loaded from file:/C:/Users/hp/Desktop/UDDI/juddi-3.3.5_tomcat-7.0.82_9090/webapps/juddiv3/WEB-INF/classes/juddiv3.xml
2025-06-26 14:50:34,423 INFO [org.apache.juddi.api.impl.InquiryHelper] - FindBusiness by tModelBag is enabled! Loaded from file:/C:/Users/hp/Desktop/UDDI/juddi-3.3.5_tomcat-7.0.82_9090/webapps/juddiv3/WEB-INF/classes/juddiv3.xml
2025-06-26 14:50:36,371 INFO [org.apache.juddi.api.impl.AuthenticatedService] - FindBusiness with tModel bag filtering is enabled: true loaded from file:/C:/Users/hp/Desktop/UDDI/juddi-3.3.5_tomcat-7.0.82_9090/webapps/juddiv3/WEB-INF/classes/juddiv3.xml
2025-06-26 14:50:36,371 INFO [org.apache.juddi.api.impl.InquiryHelper] - FindBusiness by tModelBag is enabled! Loaded from file:/C:/Users/hp/Desktop/UDDI/juddi-3.3.5_tomcat-7.0.82_9090/webapps/juddiv3/WEB-INF/classes/juddiv3.xml
2025-06-26 14:50:36,672 INFO [org.apache.juddi.api.impl.AuthenticatedService] - FindBusiness with tModel bag filtering is enabled: true loaded from file:/C:/Users/hp/Desktop/UDDI/juddi-3.3.5_tomcat-7.0.82_9090/webapps/juddiv3/WEB-INF/classes/juddiv3.xml
2025-06-26 14:50:36,674 INFO [org.apache.juddi.api.impl.InquiryHelper] - FindBusiness by tModelBag is enabled! Loaded from file:/C:/Users/hp/Desktop/UDDI/juddi-3.3.5_tomcat-7.0.82_9090/webapps/juddiv3/WEB-INF/classes/juddiv3.xml
2025-06-26 14:50:37,106 INFO [org.apache.juddi.api.impl.AuthenticatedService] - FindBusiness with tModel bag filtering is enabled: true loaded from file:/C:/Users/hp/Desktop/UDDI/juddi-3.3.5_tomcat-7.0.82_9090/webapps/juddiv3/WEB-INF/classes/juddiv3.xml
2025-06-26 14:50:37,106 INFO [org.apache.juddi.api.impl.InquiryHelper] - FindBusiness by tModelBag is enabled! Loaded from file:/C:/Users/hp/Desktop/UDDI/juddi-3.3.5_tomcat-7.0.82_9090/webapps/juddiv3/WEB-INF/classes/juddiv3.xml
2025-06-26 14:50:37,306 INFO [org.apache.juddi.api.impl.AuthenticatedService] - FindBusiness with tModel bag filtering is enabled: true loaded from file:/C:/Users/hp/Desktop/UDDI/juddi-3.3.5_tomcat-7.0.82_9090/webapps/juddiv3/WEB-INF/classes/juddiv3.xml
2025-06-26 14:50:37,306 INFO [org.apache.juddi.api.impl.InquiryHelper] - FindBusiness by tModelBag is enabled! Loaded from file:/C:/Users/hp/Desktop/UDDI/juddi-3.3.5_tomcat-7.0.82_9090/webapps/juddiv3/WEB-INF/classes/juddiv3.xml
2025-06-26 14:50:37,496 INFO [org.apache.juddi.api.impl.AuthenticatedService] - FindBusiness with tModel bag filtering is enabled: true loaded from file:/C:/Users/hp/Desktop/UDDI/juddi-3.3.5_tomcat-7.0.82_9090/webapps/juddiv3/WEB-INF/classes/juddiv3.xml
2025-06-26 14:50:37,498 INFO [org.apache.juddi.api.impl.InquiryHelper] - FindBusiness by tModelBag is enabled! Loaded from file:/C:/Users/hp/Desktop/UDDI/juddi-3.3.5_tomcat-7.0.82_9090/webapps/juddiv3/WEB-INF/classes/juddiv3.xml
2025-06-26 14:50:37,978 INFO [org.apache.juddi.api.impl.AuthenticatedService] - FindBusiness with tModel bag filtering is enabled: true loaded from file:/C:/Users/hp/Desktop/UDDI/juddi-3.3.5_tomcat-7.0.82_9090/webapps/juddiv3/WEB-INF/classes/juddiv3.xml
2025-06-26 14:50:37,980 INFO [org.apache.juddi.api.impl.InquiryHelper] - FindBusiness by tModelBag is enabled! Loaded from file:/C:/Users/hp/Desktop/UDDI/juddi-3.3.5_tomcat-7.0.82_9090/webapps/juddiv3/WEB-INF/classes/juddiv3.xml
2025-06-26 14:50:38,207 INFO [org.apache.juddi.api.impl.AuthenticatedService] - FindBusiness with tModel bag filtering is enabled: true loaded from file:/C:/Users/hp/Desktop/UDDI/juddi-3.3.5_tomcat-7.0.82_9090/webapps/juddiv3/WEB-INF/classes/juddiv3.xml
2025-06-26 14:50:38,208 INFO [org.apache.juddi.api.impl.InquiryHelper] - FindBusiness by tModelBag is enabled! Loaded from file:/C:/Users/hp/Desktop/UDDI/juddi-3.3.5_tomcat-7.0.82_9090/webapps/juddiv3/WEB-INF/classes/juddiv3.xml
2025-06-26 14:50:38,392 INFO [org.apache.juddi.api.impl.AuthenticatedService] - FindBusiness with tModel bag filtering is enabled: true loaded from file:/C:/Users/hp/Desktop/UDDI/juddi-3.3.5_tomcat-7.0.82_9090/webapps/juddiv3/WEB-INF/classes/juddiv3.xml
2025-06-26 14:50:38,395 INFO [org.apache.juddi.api.impl.InquiryHelper] - FindBusiness by tModelBag is enabled! Loaded from file:/C:/Users/hp/Desktop/UDDI/juddi-3.3.5_tomcat-7.0.82_9090/webapps/juddiv3/WEB-INF/classes/juddiv3.xml
2025-06-26 14:50:38,674 INFO [org.apache.juddi.api.impl.AuthenticatedService] - FindBusiness with tModel bag filtering is enabled: true loaded from file:/C:/Users/hp/Desktop/UDDI/juddi-3.3.5_tomcat-7.0.82_9090/webapps/juddiv3/WEB-INF/classes/juddiv3.xml
2025-06-26 14:50:38,679 INFO [org.apache.juddi.api.impl.InquiryHelper] - FindBusiness by tModelBag is enabled! Loaded from file:/C:/Users/hp/Desktop/UDDI/juddi-3.3.5_tomcat-7.0.82_9090/webapps/juddiv3/WEB-INF/classes/juddiv3.xml
2025-06-26 14:53:58,905 INFO [org.apache.juddi.api.impl.AuthenticatedService] - FindBusiness with tModel bag filtering is enabled: true loaded from file:/C:/Users/hp/Desktop/UDDI/juddi-3.3.5_tomcat-7.0.82_9090/webapps/juddiv3/WEB-INF/classes/juddiv3.xml
2025-06-26 14:53:58,905 INFO [org.apache.juddi.api.impl.InquiryHelper] - FindBusiness by tModelBag is enabled! Loaded from file:/C:/Users/hp/Desktop/UDDI/juddi-3.3.5_tomcat-7.0.82_9090/webapps/juddiv3/WEB-INF/classes/juddiv3.xml
2025-06-26 14:54:00,145 INFO [org.apache.juddi.api.impl.AuthenticatedService] - FindBusiness with tModel bag filtering is enabled: true loaded from file:/C:/Users/hp/Desktop/UDDI/juddi-3.3.5_tomcat-7.0.82_9090/webapps/juddiv3/WEB-INF/classes/juddiv3.xml
2025-06-26 14:54:00,145 INFO [org.apache.juddi.api.impl.InquiryHelper] - FindBusiness by tModelBag is enabled! Loaded from file:/C:/Users/hp/Desktop/UDDI/juddi-3.3.5_tomcat-7.0.82_9090/webapps/juddiv3/WEB-INF/classes/juddiv3.xml
2025-06-26 14:54:00,456 INFO [org.apache.juddi.api.impl.AuthenticatedService] - FindBusiness with tModel bag filtering is enabled: true loaded from file:/C:/Users/hp/Desktop/UDDI/juddi-3.3.5_tomcat-7.0.82_9090/webapps/juddiv3/WEB-INF/classes/juddiv3.xml
2025-06-26 14:54:00,456 INFO [org.apache.juddi.api.impl.InquiryHelper] - FindBusiness by tModelBag is enabled! Loaded from file:/C:/Users/hp/Desktop/UDDI/juddi-3.3.5_tomcat-7.0.82_9090/webapps/juddiv3/WEB-INF/classes/juddiv3.xml
2025-06-26 14:54:00,820 INFO [org.apache.juddi.api.impl.AuthenticatedService] - FindBusiness with tModel bag filtering is enabled: true loaded from file:/C:/Users/hp/Desktop/UDDI/juddi-3.3.5_tomcat-7.0.82_9090/webapps/juddiv3/WEB-INF/classes/juddiv3.xml
2025-06-26 14:54:00,820 INFO [org.apache.juddi.api.impl.InquiryHelper] - FindBusiness by tModelBag is enabled! Loaded from file:/C:/Users/hp/Desktop/UDDI/juddi-3.3.5_tomcat-7.0.82_9090/webapps/juddiv3/WEB-INF/classes/juddiv3.xml
2025-06-26 14:54:01,108 INFO [org.apache.juddi.api.impl.AuthenticatedService] - FindBusiness with tModel bag filtering is enabled: true loaded from file:/C:/Users/hp/Desktop/UDDI/juddi-3.3.5_tomcat-7.0.82_9090/webapps/juddiv3/WEB-INF/classes/juddiv3.xml
2025-06-26 14:54:01,124 INFO [org.apache.juddi.api.impl.InquiryHelper] - FindBusiness by tModelBag is enabled! Loaded from file:/C:/Users/hp/Desktop/UDDI/juddi-3.3.5_tomcat-7.0.82_9090/webapps/juddiv3/WEB-INF/classes/juddiv3.xml
2025-06-26 14:54:01,505 INFO [org.apache.juddi.api.impl.AuthenticatedService] - FindBusiness with tModel bag filtering is enabled: true loaded from file:/C:/Users/hp/Desktop/UDDI/juddi-3.3.5_tomcat-7.0.82_9090/webapps/juddiv3/WEB-INF/classes/juddiv3.xml
2025-06-26 14:54:01,505 INFO [org.apache.juddi.api.impl.InquiryHelper] - FindBusiness by tModelBag is enabled! Loaded from file:/C:/Users/hp/Desktop/UDDI/juddi-3.3.5_tomcat-7.0.82_9090/webapps/juddiv3/WEB-INF/classes/juddiv3.xml
2025-06-26 14:54:01,772 INFO [org.apache.juddi.api.impl.AuthenticatedService] - FindBusiness with tModel bag filtering is enabled: true loaded from file:/C:/Users/hp/Desktop/UDDI/juddi-3.3.5_tomcat-7.0.82_9090/webapps/juddiv3/WEB-INF/classes/juddiv3.xml
2025-06-26 14:54:01,772 INFO [org.apache.juddi.api.impl.InquiryHelper] - FindBusiness by tModelBag is enabled! Loaded from file:/C:/Users/hp/Desktop/UDDI/juddi-3.3.5_tomcat-7.0.82_9090/webapps/juddiv3/WEB-INF/classes/juddiv3.xml
2025-06-26 14:54:02,173 INFO [org.apache.juddi.api.impl.AuthenticatedService] - FindBusiness with tModel bag filtering is enabled: true loaded from file:/C:/Users/hp/Desktop/UDDI/juddi-3.3.5_tomcat-7.0.82_9090/webapps/juddiv3/WEB-INF/classes/juddiv3.xml
2025-06-26 14:54:02,189 INFO [org.apache.juddi.api.impl.InquiryHelper] - FindBusiness by tModelBag is enabled! Loaded from file:/C:/Users/hp/Desktop/UDDI/juddi-3.3.5_tomcat-7.0.82_9090/webapps/juddiv3/WEB-INF/classes/juddiv3.xml
2025-06-26 14:54:02,503 INFO [org.apache.juddi.api.impl.AuthenticatedService] - FindBusiness with tModel bag filtering is enabled: true loaded from file:/C:/Users/hp/Desktop/UDDI/juddi-3.3.5_tomcat-7.0.82_9090/webapps/juddiv3/WEB-INF/classes/juddiv3.xml
2025-06-26 14:54:02,519 INFO [org.apache.juddi.api.impl.InquiryHelper] - FindBusiness by tModelBag is enabled! Loaded from file:/C:/Users/hp/Desktop/UDDI/juddi-3.3.5_tomcat-7.0.82_9090/webapps/juddiv3/WEB-INF/classes/juddiv3.xml
2025-06-26 14:54:02,791 INFO [org.apache.juddi.api.impl.AuthenticatedService] - FindBusiness with tModel bag filtering is enabled: true loaded from file:/C:/Users/hp/Desktop/UDDI/juddi-3.3.5_tomcat-7.0.82_9090/webapps/juddiv3/WEB-INF/classes/juddiv3.xml
2025-06-26 14:54:02,807 INFO [org.apache.juddi.api.impl.InquiryHelper] - FindBusiness by tModelBag is enabled! Loaded from file:/C:/Users/hp/Desktop/UDDI/juddi-3.3.5_tomcat-7.0.82_9090/webapps/juddiv3/WEB-INF/classes/juddiv3.xml
2025-06-26 14:55:26,975 INFO [org.apache.juddi.api.impl.AuthenticatedService] - FindBusiness with tModel bag filtering is enabled: true loaded from file:/C:/Users/hp/Desktop/UDDI/juddi-3.3.5_tomcat-7.0.82_9090/webapps/juddiv3/WEB-INF/classes/juddiv3.xml
2025-06-26 14:55:26,977 INFO [org.apache.juddi.api.impl.InquiryHelper] - FindBusiness by tModelBag is enabled! Loaded from file:/C:/Users/hp/Desktop/UDDI/juddi-3.3.5_tomcat-7.0.82_9090/webapps/juddiv3/WEB-INF/classes/juddiv3.xml
2025-06-26 14:55:27,147 INFO [org.apache.juddi.api.impl.AuthenticatedService] - FindBusiness with tModel bag filtering is enabled: true loaded from file:/C:/Users/hp/Desktop/UDDI/juddi-3.3.5_tomcat-7.0.82_9090/webapps/juddiv3/WEB-INF/classes/juddiv3.xml
2025-06-26 14:55:27,148 INFO [org.apache.juddi.api.impl.InquiryHelper] - FindBusiness by tModelBag is enabled! Loaded from file:/C:/Users/hp/Desktop/UDDI/juddi-3.3.5_tomcat-7.0.82_9090/webapps/juddiv3/WEB-INF/classes/juddiv3.xml
2025-06-26 14:55:27,351 INFO [org.apache.juddi.api.impl.AuthenticatedService] - FindBusiness with tModel bag filtering is enabled: true loaded from file:/C:/Users/hp/Desktop/UDDI/juddi-3.3.5_tomcat-7.0.82_9090/webapps/juddiv3/WEB-INF/classes/juddiv3.xml
2025-06-26 14:55:27,354 INFO [org.apache.juddi.api.impl.InquiryHelper] - FindBusiness by tModelBag is enabled! Loaded from file:/C:/Users/hp/Desktop/UDDI/juddi-3.3.5_tomcat-7.0.82_9090/webapps/juddiv3/WEB-INF/classes/juddiv3.xml
2025-06-26 14:55:27,469 INFO [org.apache.juddi.api.impl.AuthenticatedService] - FindBusiness with tModel bag filtering is enabled: true loaded from file:/C:/Users/hp/Desktop/UDDI/juddi-3.3.5_tomcat-7.0.82_9090/webapps/juddiv3/WEB-INF/classes/juddiv3.xml
2025-06-26 14:55:27,471 INFO [org.apache.juddi.api.impl.InquiryHelper] - FindBusiness by tModelBag is enabled! Loaded from file:/C:/Users/hp/Desktop/UDDI/juddi-3.3.5_tomcat-7.0.82_9090/webapps/juddiv3/WEB-INF/classes/juddiv3.xml
2025-06-26 14:55:27,640 INFO [org.apache.juddi.api.impl.AuthenticatedService] - FindBusiness with tModel bag filtering is enabled: true loaded from file:/C:/Users/hp/Desktop/UDDI/juddi-3.3.5_tomcat-7.0.82_9090/webapps/juddiv3/WEB-INF/classes/juddiv3.xml
2025-06-26 14:55:27,642 INFO [org.apache.juddi.api.impl.InquiryHelper] - FindBusiness by tModelBag is enabled! Loaded from file:/C:/Users/hp/Desktop/UDDI/juddi-3.3.5_tomcat-7.0.82_9090/webapps/juddiv3/WEB-INF/classes/juddiv3.xml
2025-06-26 14:55:27,842 INFO [org.apache.juddi.api.impl.AuthenticatedService] - FindBusiness with tModel bag filtering is enabled: true loaded from file:/C:/Users/hp/Desktop/UDDI/juddi-3.3.5_tomcat-7.0.82_9090/webapps/juddiv3/WEB-INF/classes/juddiv3.xml
2025-06-26 14:55:27,844 INFO [org.apache.juddi.api.impl.InquiryHelper] - FindBusiness by tModelBag is enabled! Loaded from file:/C:/Users/hp/Desktop/UDDI/juddi-3.3.5_tomcat-7.0.82_9090/webapps/juddiv3/WEB-INF/classes/juddiv3.xml
2025-06-26 14:55:28,018 INFO [org.apache.juddi.api.impl.AuthenticatedService] - FindBusiness with tModel bag filtering is enabled: true loaded from file:/C:/Users/hp/Desktop/UDDI/juddi-3.3.5_tomcat-7.0.82_9090/webapps/juddiv3/WEB-INF/classes/juddiv3.xml
2025-06-26 14:55:28,020 INFO [org.apache.juddi.api.impl.InquiryHelper] - FindBusiness by tModelBag is enabled! Loaded from file:/C:/Users/hp/Desktop/UDDI/juddi-3.3.5_tomcat-7.0.82_9090/webapps/juddiv3/WEB-INF/classes/juddiv3.xml
2025-06-26 14:55:28,270 INFO [org.apache.juddi.api.impl.AuthenticatedService] - FindBusiness with tModel bag filtering is enabled: true loaded from file:/C:/Users/hp/Desktop/UDDI/juddi-3.3.5_tomcat-7.0.82_9090/webapps/juddiv3/WEB-INF/classes/juddiv3.xml
2025-06-26 14:55:28,272 INFO [org.apache.juddi.api.impl.InquiryHelper] - FindBusiness by tModelBag is enabled! Loaded from file:/C:/Users/hp/Desktop/UDDI/juddi-3.3.5_tomcat-7.0.82_9090/webapps/juddiv3/WEB-INF/classes/juddiv3.xml
2025-06-26 14:55:28,537 INFO [org.apache.juddi.api.impl.AuthenticatedService] - FindBusiness with tModel bag filtering is enabled: true loaded from file:/C:/Users/hp/Desktop/UDDI/juddi-3.3.5_tomcat-7.0.82_9090/webapps/juddiv3/WEB-INF/classes/juddiv3.xml
2025-06-26 14:55:28,539 INFO [org.apache.juddi.api.impl.InquiryHelper] - FindBusiness by tModelBag is enabled! Loaded from file:/C:/Users/hp/Desktop/UDDI/juddi-3.3.5_tomcat-7.0.82_9090/webapps/juddiv3/WEB-INF/classes/juddiv3.xml
2025-06-26 14:55:28,979 INFO [org.apache.juddi.api.impl.AuthenticatedService] - FindBusiness with tModel bag filtering is enabled: true loaded from file:/C:/Users/hp/Desktop/UDDI/juddi-3.3.5_tomcat-7.0.82_9090/webapps/juddiv3/WEB-INF/classes/juddiv3.xml
2025-06-26 14:55:28,983 INFO [org.apache.juddi.api.impl.InquiryHelper] - FindBusiness by tModelBag is enabled! Loaded from file:/C:/Users/hp/Desktop/UDDI/juddi-3.3.5_tomcat-7.0.82_9090/webapps/juddiv3/WEB-INF/classes/juddiv3.xml
2025-06-26 14:58:03,584 INFO [org.apache.juddi.api.impl.AuthenticatedService] - FindBusiness with tModel bag filtering is enabled: true loaded from file:/C:/Users/hp/Desktop/UDDI/juddi-3.3.5_tomcat-7.0.82_9090/webapps/juddiv3/WEB-INF/classes/juddiv3.xml
2025-06-26 14:58:03,584 INFO [org.apache.juddi.api.impl.InquiryHelper] - FindBusiness by tModelBag is enabled! Loaded from file:/C:/Users/hp/Desktop/UDDI/juddi-3.3.5_tomcat-7.0.82_9090/webapps/juddiv3/WEB-INF/classes/juddiv3.xml
2025-06-26 14:58:04,806 INFO [org.apache.juddi.api.impl.AuthenticatedService] - FindBusiness with tModel bag filtering is enabled: true loaded from file:/C:/Users/hp/Desktop/UDDI/juddi-3.3.5_tomcat-7.0.82_9090/webapps/juddiv3/WEB-INF/classes/juddiv3.xml
2025-06-26 14:58:04,806 INFO [org.apache.juddi.api.impl.InquiryHelper] - FindBusiness by tModelBag is enabled! Loaded from file:/C:/Users/hp/Desktop/UDDI/juddi-3.3.5_tomcat-7.0.82_9090/webapps/juddiv3/WEB-INF/classes/juddiv3.xml
2025-06-26 14:58:04,967 INFO [org.apache.juddi.api.impl.AuthenticatedService] - FindBusiness with tModel bag filtering is enabled: true loaded from file:/C:/Users/hp/Desktop/UDDI/juddi-3.3.5_tomcat-7.0.82_9090/webapps/juddiv3/WEB-INF/classes/juddiv3.xml
2025-06-26 14:58:04,967 INFO [org.apache.juddi.api.impl.InquiryHelper] - FindBusiness by tModelBag is enabled! Loaded from file:/C:/Users/hp/Desktop/UDDI/juddi-3.3.5_tomcat-7.0.82_9090/webapps/juddiv3/WEB-INF/classes/juddiv3.xml
2025-06-26 14:58:05,303 INFO [org.apache.juddi.api.impl.AuthenticatedService] - FindBusiness with tModel bag filtering is enabled: true loaded from file:/C:/Users/hp/Desktop/UDDI/juddi-3.3.5_tomcat-7.0.82_9090/webapps/juddiv3/WEB-INF/classes/juddiv3.xml
2025-06-26 14:58:05,318 INFO [org.apache.juddi.api.impl.InquiryHelper] - FindBusiness by tModelBag is enabled! Loaded from file:/C:/Users/hp/Desktop/UDDI/juddi-3.3.5_tomcat-7.0.82_9090/webapps/juddiv3/WEB-INF/classes/juddiv3.xml
2025-06-26 14:58:05,450 INFO [org.apache.juddi.api.impl.AuthenticatedService] - FindBusiness with tModel bag filtering is enabled: true loaded from file:/C:/Users/hp/Desktop/UDDI/juddi-3.3.5_tomcat-7.0.82_9090/webapps/juddiv3/WEB-INF/classes/juddiv3.xml
2025-06-26 14:58:05,450 INFO [org.apache.juddi.api.impl.InquiryHelper] - FindBusiness by tModelBag is enabled! Loaded from file:/C:/Users/hp/Desktop/UDDI/juddi-3.3.5_tomcat-7.0.82_9090/webapps/juddiv3/WEB-INF/classes/juddiv3.xml
2025-06-26 14:58:05,629 INFO [org.apache.juddi.api.impl.AuthenticatedService] - FindBusiness with tModel bag filtering is enabled: true loaded from file:/C:/Users/hp/Desktop/UDDI/juddi-3.3.5_tomcat-7.0.82_9090/webapps/juddiv3/WEB-INF/classes/juddiv3.xml
2025-06-26 14:58:05,631 INFO [org.apache.juddi.api.impl.InquiryHelper] - FindBusiness by tModelBag is enabled! Loaded from file:/C:/Users/hp/Desktop/UDDI/juddi-3.3.5_tomcat-7.0.82_9090/webapps/juddiv3/WEB-INF/classes/juddiv3.xml
2025-06-26 14:58:05,884 INFO [org.apache.juddi.api.impl.AuthenticatedService] - FindBusiness with tModel bag filtering is enabled: true loaded from file:/C:/Users/hp/Desktop/UDDI/juddi-3.3.5_tomcat-7.0.82_9090/webapps/juddiv3/WEB-INF/classes/juddiv3.xml
2025-06-26 14:58:05,884 INFO [org.apache.juddi.api.impl.InquiryHelper] - FindBusiness by tModelBag is enabled! Loaded from file:/C:/Users/hp/Desktop/UDDI/juddi-3.3.5_tomcat-7.0.82_9090/webapps/juddiv3/WEB-INF/classes/juddiv3.xml
2025-06-26 14:58:06,247 INFO [org.apache.juddi.api.impl.AuthenticatedService] - FindBusiness with tModel bag filtering is enabled: true loaded from file:/C:/Users/hp/Desktop/UDDI/juddi-3.3.5_tomcat-7.0.82_9090/webapps/juddiv3/WEB-INF/classes/juddiv3.xml
2025-06-26 14:58:06,247 INFO [org.apache.juddi.api.impl.InquiryHelper] - FindBusiness by tModelBag is enabled! Loaded from file:/C:/Users/hp/Desktop/UDDI/juddi-3.3.5_tomcat-7.0.82_9090/webapps/juddiv3/WEB-INF/classes/juddiv3.xml
2025-06-26 14:58:06,415 INFO [org.apache.juddi.api.impl.AuthenticatedService] - FindBusiness with tModel bag filtering is enabled: true loaded from file:/C:/Users/hp/Desktop/UDDI/juddi-3.3.5_tomcat-7.0.82_9090/webapps/juddiv3/WEB-INF/classes/juddiv3.xml
2025-06-26 14:58:06,415 INFO [org.apache.juddi.api.impl.InquiryHelper] - FindBusiness by tModelBag is enabled! Loaded from file:/C:/Users/hp/Desktop/UDDI/juddi-3.3.5_tomcat-7.0.82_9090/webapps/juddiv3/WEB-INF/classes/juddiv3.xml
2025-06-26 14:58:06,601 INFO [org.apache.juddi.api.impl.AuthenticatedService] - FindBusiness with tModel bag filtering is enabled: true loaded from file:/C:/Users/hp/Desktop/UDDI/juddi-3.3.5_tomcat-7.0.82_9090/webapps/juddiv3/WEB-INF/classes/juddiv3.xml
2025-06-26 14:58:06,601 INFO [org.apache.juddi.api.impl.InquiryHelper] - FindBusiness by tModelBag is enabled! Loaded from file:/C:/Users/hp/Desktop/UDDI/juddi-3.3.5_tomcat-7.0.82_9090/webapps/juddiv3/WEB-INF/classes/juddiv3.xml
2025-06-26 14:59:33,802 INFO [org.apache.juddi.api.impl.AuthenticatedService] - FindBusiness with tModel bag filtering is enabled: true loaded from file:/C:/Users/hp/Desktop/UDDI/juddi-3.3.5_tomcat-7.0.82_9090/webapps/juddiv3/WEB-INF/classes/juddiv3.xml
2025-06-26 14:59:33,802 INFO [org.apache.juddi.api.impl.InquiryHelper] - FindBusiness by tModelBag is enabled! Loaded from file:/C:/Users/hp/Desktop/UDDI/juddi-3.3.5_tomcat-7.0.82_9090/webapps/juddiv3/WEB-INF/classes/juddiv3.xml
2025-06-26 14:59:33,913 INFO [org.apache.juddi.api.impl.AuthenticatedService] - FindBusiness with tModel bag filtering is enabled: true loaded from file:/C:/Users/hp/Desktop/UDDI/juddi-3.3.5_tomcat-7.0.82_9090/webapps/juddiv3/WEB-INF/classes/juddiv3.xml
2025-06-26 14:59:33,913 INFO [org.apache.juddi.api.impl.InquiryHelper] - FindBusiness by tModelBag is enabled! Loaded from file:/C:/Users/hp/Desktop/UDDI/juddi-3.3.5_tomcat-7.0.82_9090/webapps/juddiv3/WEB-INF/classes/juddiv3.xml
2025-06-26 14:59:34,054 INFO [org.apache.juddi.api.impl.AuthenticatedService] - FindBusiness with tModel bag filtering is enabled: true loaded from file:/C:/Users/hp/Desktop/UDDI/juddi-3.3.5_tomcat-7.0.82_9090/webapps/juddiv3/WEB-INF/classes/juddiv3.xml
2025-06-26 14:59:34,054 INFO [org.apache.juddi.api.impl.InquiryHelper] - FindBusiness by tModelBag is enabled! Loaded from file:/C:/Users/hp/Desktop/UDDI/juddi-3.3.5_tomcat-7.0.82_9090/webapps/juddiv3/WEB-INF/classes/juddiv3.xml
2025-06-26 14:59:34,163 INFO [org.apache.juddi.api.impl.AuthenticatedService] - FindBusiness with tModel bag filtering is enabled: true loaded from file:/C:/Users/hp/Desktop/UDDI/juddi-3.3.5_tomcat-7.0.82_9090/webapps/juddiv3/WEB-INF/classes/juddiv3.xml
2025-06-26 14:59:34,163 INFO [org.apache.juddi.api.impl.InquiryHelper] - FindBusiness by tModelBag is enabled! Loaded from file:/C:/Users/hp/Desktop/UDDI/juddi-3.3.5_tomcat-7.0.82_9090/webapps/juddiv3/WEB-INF/classes/juddiv3.xml
2025-06-26 14:59:34,272 INFO [org.apache.juddi.api.impl.AuthenticatedService] - FindBusiness with tModel bag filtering is enabled: true loaded from file:/C:/Users/hp/Desktop/UDDI/juddi-3.3.5_tomcat-7.0.82_9090/webapps/juddiv3/WEB-INF/classes/juddiv3.xml
2025-06-26 14:59:34,272 INFO [org.apache.juddi.api.impl.InquiryHelper] - FindBusiness by tModelBag is enabled! Loaded from file:/C:/Users/hp/Desktop/UDDI/juddi-3.3.5_tomcat-7.0.82_9090/webapps/juddiv3/WEB-INF/classes/juddiv3.xml
2025-06-26 14:59:34,430 INFO [org.apache.juddi.api.impl.AuthenticatedService] - FindBusiness with tModel bag filtering is enabled: true loaded from file:/C:/Users/hp/Desktop/UDDI/juddi-3.3.5_tomcat-7.0.82_9090/webapps/juddiv3/WEB-INF/classes/juddiv3.xml
2025-06-26 14:59:34,430 INFO [org.apache.juddi.api.impl.InquiryHelper] - FindBusiness by tModelBag is enabled! Loaded from file:/C:/Users/hp/Desktop/UDDI/juddi-3.3.5_tomcat-7.0.82_9090/webapps/juddiv3/WEB-INF/classes/juddiv3.xml
2025-06-26 14:59:34,602 INFO [org.apache.juddi.api.impl.AuthenticatedService] - FindBusiness with tModel bag filtering is enabled: true loaded from file:/C:/Users/hp/Desktop/UDDI/juddi-3.3.5_tomcat-7.0.82_9090/webapps/juddiv3/WEB-INF/classes/juddiv3.xml
2025-06-26 14:59:34,602 INFO [org.apache.juddi.api.impl.InquiryHelper] - FindBusiness by tModelBag is enabled! Loaded from file:/C:/Users/hp/Desktop/UDDI/juddi-3.3.5_tomcat-7.0.82_9090/webapps/juddiv3/WEB-INF/classes/juddiv3.xml
2025-06-26 14:59:34,743 INFO [org.apache.juddi.api.impl.AuthenticatedService] - FindBusiness with tModel bag filtering is enabled: true loaded from file:/C:/Users/hp/Desktop/UDDI/juddi-3.3.5_tomcat-7.0.82_9090/webapps/juddiv3/WEB-INF/classes/juddiv3.xml
2025-06-26 14:59:34,743 INFO [org.apache.juddi.api.impl.InquiryHelper] - FindBusiness by tModelBag is enabled! Loaded from file:/C:/Users/hp/Desktop/UDDI/juddi-3.3.5_tomcat-7.0.82_9090/webapps/juddiv3/WEB-INF/classes/juddiv3.xml
2025-06-26 14:59:34,836 INFO [org.apache.juddi.api.impl.AuthenticatedService] - FindBusiness with tModel bag filtering is enabled: true loaded from file:/C:/Users/hp/Desktop/UDDI/juddi-3.3.5_tomcat-7.0.82_9090/webapps/juddiv3/WEB-INF/classes/juddiv3.xml
2025-06-26 14:59:34,836 INFO [org.apache.juddi.api.impl.InquiryHelper] - FindBusiness by tModelBag is enabled! Loaded from file:/C:/Users/hp/Desktop/UDDI/juddi-3.3.5_tomcat-7.0.82_9090/webapps/juddiv3/WEB-INF/classes/juddiv3.xml
2025-06-26 14:59:35,104 INFO [org.apache.juddi.api.impl.AuthenticatedService] - FindBusiness with tModel bag filtering is enabled: true loaded from file:/C:/Users/hp/Desktop/UDDI/juddi-3.3.5_tomcat-7.0.82_9090/webapps/juddiv3/WEB-INF/classes/juddiv3.xml
2025-06-26 14:59:35,104 INFO [org.apache.juddi.api.impl.InquiryHelper] - FindBusiness by tModelBag is enabled! Loaded from file:/C:/Users/hp/Desktop/UDDI/juddi-3.3.5_tomcat-7.0.82_9090/webapps/juddiv3/WEB-INF/classes/juddiv3.xml
2025-06-26 15:01:33,278 INFO [org.apache.juddi.api.impl.AuthenticatedService] - FindBusiness with tModel bag filtering is enabled: true loaded from file:/C:/Users/hp/Desktop/UDDI/juddi-3.3.5_tomcat-7.0.82_9090/webapps/juddiv3/WEB-INF/classes/juddiv3.xml
2025-06-26 15:01:33,278 INFO [org.apache.juddi.api.impl.InquiryHelper] - FindBusiness by tModelBag is enabled! Loaded from file:/C:/Users/hp/Desktop/UDDI/juddi-3.3.5_tomcat-7.0.82_9090/webapps/juddiv3/WEB-INF/classes/juddiv3.xml
2025-06-26 15:01:34,218 INFO [org.apache.juddi.api.impl.AuthenticatedService] - FindBusiness with tModel bag filtering is enabled: true loaded from file:/C:/Users/hp/Desktop/UDDI/juddi-3.3.5_tomcat-7.0.82_9090/webapps/juddiv3/WEB-INF/classes/juddiv3.xml
2025-06-26 15:01:34,218 INFO [org.apache.juddi.api.impl.InquiryHelper] - FindBusiness by tModelBag is enabled! Loaded from file:/C:/Users/hp/Desktop/UDDI/juddi-3.3.5_tomcat-7.0.82_9090/webapps/juddiv3/WEB-INF/classes/juddiv3.xml
2025-06-26 15:01:34,374 INFO [org.apache.juddi.api.impl.AuthenticatedService] - FindBusiness with tModel bag filtering is enabled: true loaded from file:/C:/Users/hp/Desktop/UDDI/juddi-3.3.5_tomcat-7.0.82_9090/webapps/juddiv3/WEB-INF/classes/juddiv3.xml
2025-06-26 15:01:34,374 INFO [org.apache.juddi.api.impl.InquiryHelper] - FindBusiness by tModelBag is enabled! Loaded from file:/C:/Users/hp/Desktop/UDDI/juddi-3.3.5_tomcat-7.0.82_9090/webapps/juddiv3/WEB-INF/classes/juddiv3.xml
2025-06-26 15:01:34,499 INFO [org.apache.juddi.api.impl.AuthenticatedService] - FindBusiness with tModel bag filtering is enabled: true loaded from file:/C:/Users/hp/Desktop/UDDI/juddi-3.3.5_tomcat-7.0.82_9090/webapps/juddiv3/WEB-INF/classes/juddiv3.xml
2025-06-26 15:01:34,499 INFO [org.apache.juddi.api.impl.InquiryHelper] - FindBusiness by tModelBag is enabled! Loaded from file:/C:/Users/hp/Desktop/UDDI/juddi-3.3.5_tomcat-7.0.82_9090/webapps/juddiv3/WEB-INF/classes/juddiv3.xml
2025-06-26 15:01:34,640 INFO [org.apache.juddi.api.impl.AuthenticatedService] - FindBusiness with tModel bag filtering is enabled: true loaded from file:/C:/Users/hp/Desktop/UDDI/juddi-3.3.5_tomcat-7.0.82_9090/webapps/juddiv3/WEB-INF/classes/juddiv3.xml
2025-06-26 15:01:34,640 INFO [org.apache.juddi.api.impl.InquiryHelper] - FindBusiness by tModelBag is enabled! Loaded from file:/C:/Users/hp/Desktop/UDDI/juddi-3.3.5_tomcat-7.0.82_9090/webapps/juddiv3/WEB-INF/classes/juddiv3.xml
2025-06-26 15:01:34,783 INFO [org.apache.juddi.api.impl.AuthenticatedService] - FindBusiness with tModel bag filtering is enabled: true loaded from file:/C:/Users/hp/Desktop/UDDI/juddi-3.3.5_tomcat-7.0.82_9090/webapps/juddiv3/WEB-INF/classes/juddiv3.xml
2025-06-26 15:01:34,783 INFO [org.apache.juddi.api.impl.InquiryHelper] - FindBusiness by tModelBag is enabled! Loaded from file:/C:/Users/hp/Desktop/UDDI/juddi-3.3.5_tomcat-7.0.82_9090/webapps/juddiv3/WEB-INF/classes/juddiv3.xml
2025-06-26 15:01:34,923 INFO [org.apache.juddi.api.impl.AuthenticatedService] - FindBusiness with tModel bag filtering is enabled: true loaded from file:/C:/Users/hp/Desktop/UDDI/juddi-3.3.5_tomcat-7.0.82_9090/webapps/juddiv3/WEB-INF/classes/juddiv3.xml
2025-06-26 15:01:34,923 INFO [org.apache.juddi.api.impl.InquiryHelper] - FindBusiness by tModelBag is enabled! Loaded from file:/C:/Users/hp/Desktop/UDDI/juddi-3.3.5_tomcat-7.0.82_9090/webapps/juddiv3/WEB-INF/classes/juddiv3.xml
2025-06-26 15:01:35,189 INFO [org.apache.juddi.api.impl.AuthenticatedService] - FindBusiness with tModel bag filtering is enabled: true loaded from file:/C:/Users/hp/Desktop/UDDI/juddi-3.3.5_tomcat-7.0.82_9090/webapps/juddiv3/WEB-INF/classes/juddiv3.xml
2025-06-26 15:01:35,190 INFO [org.apache.juddi.api.impl.InquiryHelper] - FindBusiness by tModelBag is enabled! Loaded from file:/C:/Users/hp/Desktop/UDDI/juddi-3.3.5_tomcat-7.0.82_9090/webapps/juddiv3/WEB-INF/classes/juddiv3.xml
2025-06-26 15:01:35,298 INFO [org.apache.juddi.api.impl.AuthenticatedService] - FindBusiness with tModel bag filtering is enabled: true loaded from file:/C:/Users/hp/Desktop/UDDI/juddi-3.3.5_tomcat-7.0.82_9090/webapps/juddiv3/WEB-INF/classes/juddiv3.xml
2025-06-26 15:01:35,298 INFO [org.apache.juddi.api.impl.InquiryHelper] - FindBusiness by tModelBag is enabled! Loaded from file:/C:/Users/hp/Desktop/UDDI/juddi-3.3.5_tomcat-7.0.82_9090/webapps/juddiv3/WEB-INF/classes/juddiv3.xml
2025-06-26 15:01:35,517 INFO [org.apache.juddi.api.impl.AuthenticatedService] - FindBusiness with tModel bag filtering is enabled: true loaded from file:/C:/Users/hp/Desktop/UDDI/juddi-3.3.5_tomcat-7.0.82_9090/webapps/juddiv3/WEB-INF/classes/juddiv3.xml
2025-06-26 15:01:35,517 INFO [org.apache.juddi.api.impl.InquiryHelper] - FindBusiness by tModelBag is enabled! Loaded from file:/C:/Users/hp/Desktop/UDDI/juddi-3.3.5_tomcat-7.0.82_9090/webapps/juddiv3/WEB-INF/classes/juddiv3.xml
2025-06-26 15:03:20,815 INFO [org.apache.juddi.api.impl.AuthenticatedService] - FindBusiness with tModel bag filtering is enabled: true loaded from file:/C:/Users/hp/Desktop/UDDI/juddi-3.3.5_tomcat-7.0.82_9090/webapps/juddiv3/WEB-INF/classes/juddiv3.xml
2025-06-26 15:03:20,817 INFO [org.apache.juddi.api.impl.InquiryHelper] - FindBusiness by tModelBag is enabled! Loaded from file:/C:/Users/hp/Desktop/UDDI/juddi-3.3.5_tomcat-7.0.82_9090/webapps/juddiv3/WEB-INF/classes/juddiv3.xml
2025-06-26 15:03:23,825 INFO [org.apache.juddi.api.impl.AuthenticatedService] - FindBusiness with tModel bag filtering is enabled: true loaded from file:/C:/Users/hp/Desktop/UDDI/juddi-3.3.5_tomcat-7.0.82_9090/webapps/juddiv3/WEB-INF/classes/juddiv3.xml
2025-06-26 15:03:23,827 INFO [org.apache.juddi.api.impl.InquiryHelper] - FindBusiness by tModelBag is enabled! Loaded from file:/C:/Users/hp/Desktop/UDDI/juddi-3.3.5_tomcat-7.0.82_9090/webapps/juddiv3/WEB-INF/classes/juddiv3.xml
2025-06-26 15:03:24,310 INFO [org.apache.juddi.api.impl.AuthenticatedService] - FindBusiness with tModel bag filtering is enabled: true loaded from file:/C:/Users/hp/Desktop/UDDI/juddi-3.3.5_tomcat-7.0.82_9090/webapps/juddiv3/WEB-INF/classes/juddiv3.xml
2025-06-26 15:03:24,312 INFO [org.apache.juddi.api.impl.InquiryHelper] - FindBusiness by tModelBag is enabled! Loaded from file:/C:/Users/hp/Desktop/UDDI/juddi-3.3.5_tomcat-7.0.82_9090/webapps/juddiv3/WEB-INF/classes/juddiv3.xml
2025-06-26 15:03:24,709 INFO [org.apache.juddi.api.impl.AuthenticatedService] - FindBusiness with tModel bag filtering is enabled: true loaded from file:/C:/Users/hp/Desktop/UDDI/juddi-3.3.5_tomcat-7.0.82_9090/webapps/juddiv3/WEB-INF/classes/juddiv3.xml
2025-06-26 15:03:24,710 INFO [org.apache.juddi.api.impl.InquiryHelper] - FindBusiness by tModelBag is enabled! Loaded from file:/C:/Users/hp/Desktop/UDDI/juddi-3.3.5_tomcat-7.0.82_9090/webapps/juddiv3/WEB-INF/classes/juddiv3.xml
2025-06-26 15:03:24,916 INFO [org.apache.juddi.api.impl.AuthenticatedService] - FindBusiness with tModel bag filtering is enabled: true loaded from file:/C:/Users/hp/Desktop/UDDI/juddi-3.3.5_tomcat-7.0.82_9090/webapps/juddiv3/WEB-INF/classes/juddiv3.xml
2025-06-26 15:03:24,936 INFO [org.apache.juddi.api.impl.InquiryHelper] - FindBusiness by tModelBag is enabled! Loaded from file:/C:/Users/hp/Desktop/UDDI/juddi-3.3.5_tomcat-7.0.82_9090/webapps/juddiv3/WEB-INF/classes/juddiv3.xml
2025-06-26 15:03:25,338 INFO [org.apache.juddi.api.impl.AuthenticatedService] - FindBusiness with tModel bag filtering is enabled: true loaded from file:/C:/Users/hp/Desktop/UDDI/juddi-3.3.5_tomcat-7.0.82_9090/webapps/juddiv3/WEB-INF/classes/juddiv3.xml
2025-06-26 15:03:25,339 INFO [org.apache.juddi.api.impl.InquiryHelper] - FindBusiness by tModelBag is enabled! Loaded from file:/C:/Users/hp/Desktop/UDDI/juddi-3.3.5_tomcat-7.0.82_9090/webapps/juddiv3/WEB-INF/classes/juddiv3.xml
2025-06-26 15:03:25,532 INFO [org.apache.juddi.api.impl.AuthenticatedService] - FindBusiness with tModel bag filtering is enabled: true loaded from file:/C:/Users/hp/Desktop/UDDI/juddi-3.3.5_tomcat-7.0.82_9090/webapps/juddiv3/WEB-INF/classes/juddiv3.xml
2025-06-26 15:03:25,534 INFO [org.apache.juddi.api.impl.InquiryHelper] - FindBusiness by tModelBag is enabled! Loaded from file:/C:/Users/hp/Desktop/UDDI/juddi-3.3.5_tomcat-7.0.82_9090/webapps/juddiv3/WEB-INF/classes/juddiv3.xml
2025-06-26 15:03:25,856 INFO [org.apache.juddi.api.impl.AuthenticatedService] - FindBusiness with tModel bag filtering is enabled: true loaded from file:/C:/Users/hp/Desktop/UDDI/juddi-3.3.5_tomcat-7.0.82_9090/webapps/juddiv3/WEB-INF/classes/juddiv3.xml
2025-06-26 15:03:25,858 INFO [org.apache.juddi.api.impl.InquiryHelper] - FindBusiness by tModelBag is enabled! Loaded from file:/C:/Users/hp/Desktop/UDDI/juddi-3.3.5_tomcat-7.0.82_9090/webapps/juddiv3/WEB-INF/classes/juddiv3.xml
2025-06-26 15:03:26,198 INFO [org.apache.juddi.api.impl.AuthenticatedService] - FindBusiness with tModel bag filtering is enabled: true loaded from file:/C:/Users/hp/Desktop/UDDI/juddi-3.3.5_tomcat-7.0.82_9090/webapps/juddiv3/WEB-INF/classes/juddiv3.xml
2025-06-26 15:03:26,200 INFO [org.apache.juddi.api.impl.InquiryHelper] - FindBusiness by tModelBag is enabled! Loaded from file:/C:/Users/hp/Desktop/UDDI/juddi-3.3.5_tomcat-7.0.82_9090/webapps/juddiv3/WEB-INF/classes/juddiv3.xml
2025-06-26 15:03:26,472 INFO [org.apache.juddi.api.impl.AuthenticatedService] - FindBusiness with tModel bag filtering is enabled: true loaded from file:/C:/Users/hp/Desktop/UDDI/juddi-3.3.5_tomcat-7.0.82_9090/webapps/juddiv3/WEB-INF/classes/juddiv3.xml
2025-06-26 15:03:26,476 INFO [org.apache.juddi.api.impl.InquiryHelper] - FindBusiness by tModelBag is enabled! Loaded from file:/C:/Users/hp/Desktop/UDDI/juddi-3.3.5_tomcat-7.0.82_9090/webapps/juddiv3/WEB-INF/classes/juddiv3.xml
2025-06-26 15:05:43,173 INFO [org.apache.juddi.api.impl.AuthenticatedService] - FindBusiness with tModel bag filtering is enabled: true loaded from file:/C:/Users/hp/Desktop/UDDI/juddi-3.3.5_tomcat-7.0.82_9090/webapps/juddiv3/WEB-INF/classes/juddiv3.xml
2025-06-26 15:05:43,173 INFO [org.apache.juddi.api.impl.InquiryHelper] - FindBusiness by tModelBag is enabled! Loaded from file:/C:/Users/hp/Desktop/UDDI/juddi-3.3.5_tomcat-7.0.82_9090/webapps/juddiv3/WEB-INF/classes/juddiv3.xml
2025-06-26 15:05:43,376 INFO [org.apache.juddi.api.impl.AuthenticatedService] - FindBusiness with tModel bag filtering is enabled: true loaded from file:/C:/Users/hp/Desktop/UDDI/juddi-3.3.5_tomcat-7.0.82_9090/webapps/juddiv3/WEB-INF/classes/juddiv3.xml
2025-06-26 15:05:43,376 INFO [org.apache.juddi.api.impl.InquiryHelper] - FindBusiness by tModelBag is enabled! Loaded from file:/C:/Users/hp/Desktop/UDDI/juddi-3.3.5_tomcat-7.0.82_9090/webapps/juddiv3/WEB-INF/classes/juddiv3.xml
2025-06-26 15:05:43,659 INFO [org.apache.juddi.api.impl.AuthenticatedService] - FindBusiness with tModel bag filtering is enabled: true loaded from file:/C:/Users/hp/Desktop/UDDI/juddi-3.3.5_tomcat-7.0.82_9090/webapps/juddiv3/WEB-INF/classes/juddiv3.xml
2025-06-26 15:05:43,659 INFO [org.apache.juddi.api.impl.InquiryHelper] - FindBusiness by tModelBag is enabled! Loaded from file:/C:/Users/hp/Desktop/UDDI/juddi-3.3.5_tomcat-7.0.82_9090/webapps/juddiv3/WEB-INF/classes/juddiv3.xml
2025-06-26 15:05:43,853 INFO [org.apache.juddi.api.impl.AuthenticatedService] - FindBusiness with tModel bag filtering is enabled: true loaded from file:/C:/Users/hp/Desktop/UDDI/juddi-3.3.5_tomcat-7.0.82_9090/webapps/juddiv3/WEB-INF/classes/juddiv3.xml
2025-06-26 15:05:43,853 INFO [org.apache.juddi.api.impl.InquiryHelper] - FindBusiness by tModelBag is enabled! Loaded from file:/C:/Users/hp/Desktop/UDDI/juddi-3.3.5_tomcat-7.0.82_9090/webapps/juddiv3/WEB-INF/classes/juddiv3.xml
2025-06-26 15:05:44,026 INFO [org.apache.juddi.api.impl.AuthenticatedService] - FindBusiness with tModel bag filtering is enabled: true loaded from file:/C:/Users/hp/Desktop/UDDI/juddi-3.3.5_tomcat-7.0.82_9090/webapps/juddiv3/WEB-INF/classes/juddiv3.xml
2025-06-26 15:05:44,028 INFO [org.apache.juddi.api.impl.InquiryHelper] - FindBusiness by tModelBag is enabled! Loaded from file:/C:/Users/hp/Desktop/UDDI/juddi-3.3.5_tomcat-7.0.82_9090/webapps/juddiv3/WEB-INF/classes/juddiv3.xml
2025-06-26 15:05:44,383 INFO [org.apache.juddi.api.impl.AuthenticatedService] - FindBusiness with tModel bag filtering is enabled: true loaded from file:/C:/Users/hp/Desktop/UDDI/juddi-3.3.5_tomcat-7.0.82_9090/webapps/juddiv3/WEB-INF/classes/juddiv3.xml
2025-06-26 15:05:44,383 INFO [org.apache.juddi.api.impl.InquiryHelper] - FindBusiness by tModelBag is enabled! Loaded from file:/C:/Users/hp/Desktop/UDDI/juddi-3.3.5_tomcat-7.0.82_9090/webapps/juddiv3/WEB-INF/classes/juddiv3.xml
2025-06-26 15:05:44,583 INFO [org.apache.juddi.api.impl.AuthenticatedService] - FindBusiness with tModel bag filtering is enabled: true loaded from file:/C:/Users/hp/Desktop/UDDI/juddi-3.3.5_tomcat-7.0.82_9090/webapps/juddiv3/WEB-INF/classes/juddiv3.xml
2025-06-26 15:05:44,583 INFO [org.apache.juddi.api.impl.InquiryHelper] - FindBusiness by tModelBag is enabled! Loaded from file:/C:/Users/hp/Desktop/UDDI/juddi-3.3.5_tomcat-7.0.82_9090/webapps/juddiv3/WEB-INF/classes/juddiv3.xml
2025-06-26 15:05:44,661 INFO [org.apache.juddi.api.impl.AuthenticatedService] - FindBusiness with tModel bag filtering is enabled: true loaded from file:/C:/Users/hp/Desktop/UDDI/juddi-3.3.5_tomcat-7.0.82_9090/webapps/juddiv3/WEB-INF/classes/juddiv3.xml
2025-06-26 15:05:44,661 INFO [org.apache.juddi.api.impl.InquiryHelper] - FindBusiness by tModelBag is enabled! Loaded from file:/C:/Users/hp/Desktop/UDDI/juddi-3.3.5_tomcat-7.0.82_9090/webapps/juddiv3/WEB-INF/classes/juddiv3.xml
2025-06-26 15:05:45,178 INFO [org.apache.juddi.api.impl.AuthenticatedService] - FindBusiness with tModel bag filtering is enabled: true loaded from file:/C:/Users/hp/Desktop/UDDI/juddi-3.3.5_tomcat-7.0.82_9090/webapps/juddiv3/WEB-INF/classes/juddiv3.xml
2025-06-26 15:05:45,178 INFO [org.apache.juddi.api.impl.InquiryHelper] - FindBusiness by tModelBag is enabled! Loaded from file:/C:/Users/hp/Desktop/UDDI/juddi-3.3.5_tomcat-7.0.82_9090/webapps/juddiv3/WEB-INF/classes/juddiv3.xml
2025-06-26 15:05:45,241 INFO [org.apache.juddi.api.impl.AuthenticatedService] - FindBusiness with tModel bag filtering is enabled: true loaded from file:/C:/Users/hp/Desktop/UDDI/juddi-3.3.5_tomcat-7.0.82_9090/webapps/juddiv3/WEB-INF/classes/juddiv3.xml
2025-06-26 15:05:45,272 INFO [org.apache.juddi.api.impl.InquiryHelper] - FindBusiness by tModelBag is enabled! Loaded from file:/C:/Users/hp/Desktop/UDDI/juddi-3.3.5_tomcat-7.0.82_9090/webapps/juddiv3/WEB-INF/classes/juddiv3.xml
2025-06-26 15:10:00,370 INFO [org.apache.juddi.api.impl.AuthenticatedService] - FindBusiness with tModel bag filtering is enabled: true loaded from file:/C:/Users/hp/Desktop/UDDI/juddi-3.3.5_tomcat-7.0.82_9090/webapps/juddiv3/WEB-INF/classes/juddiv3.xml
2025-06-26 15:10:00,373 INFO [org.apache.juddi.api.impl.InquiryHelper] - FindBusiness by tModelBag is enabled! Loaded from file:/C:/Users/hp/Desktop/UDDI/juddi-3.3.5_tomcat-7.0.82_9090/webapps/juddiv3/WEB-INF/classes/juddiv3.xml
2025-06-26 15:10:00,675 INFO [org.apache.juddi.api.impl.AuthenticatedService] - FindBusiness with tModel bag filtering is enabled: true loaded from file:/C:/Users/hp/Desktop/UDDI/juddi-3.3.5_tomcat-7.0.82_9090/webapps/juddiv3/WEB-INF/classes/juddiv3.xml
2025-06-26 15:10:00,677 INFO [org.apache.juddi.api.impl.InquiryHelper] - FindBusiness by tModelBag is enabled! Loaded from file:/C:/Users/hp/Desktop/UDDI/juddi-3.3.5_tomcat-7.0.82_9090/webapps/juddiv3/WEB-INF/classes/juddiv3.xml
2025-06-26 15:10:00,796 INFO [org.apache.juddi.api.impl.AuthenticatedService] - FindBusiness with tModel bag filtering is enabled: true loaded from file:/C:/Users/hp/Desktop/UDDI/juddi-3.3.5_tomcat-7.0.82_9090/webapps/juddiv3/WEB-INF/classes/juddiv3.xml
2025-06-26 15:10:00,796 INFO [org.apache.juddi.api.impl.InquiryHelper] - FindBusiness by tModelBag is enabled! Loaded from file:/C:/Users/hp/Desktop/UDDI/juddi-3.3.5_tomcat-7.0.82_9090/webapps/juddiv3/WEB-INF/classes/juddiv3.xml
2025-06-26 15:10:01,075 INFO [org.apache.juddi.api.impl.AuthenticatedService] - FindBusiness with tModel bag filtering is enabled: true loaded from file:/C:/Users/hp/Desktop/UDDI/juddi-3.3.5_tomcat-7.0.82_9090/webapps/juddiv3/WEB-INF/classes/juddiv3.xml
2025-06-26 15:10:01,077 INFO [org.apache.juddi.api.impl.InquiryHelper] - FindBusiness by tModelBag is enabled! Loaded from file:/C:/Users/hp/Desktop/UDDI/juddi-3.3.5_tomcat-7.0.82_9090/webapps/juddiv3/WEB-INF/classes/juddiv3.xml
2025-06-26 15:10:01,246 INFO [org.apache.juddi.api.impl.AuthenticatedService] - FindBusiness with tModel bag filtering is enabled: true loaded from file:/C:/Users/hp/Desktop/UDDI/juddi-3.3.5_tomcat-7.0.82_9090/webapps/juddiv3/WEB-INF/classes/juddiv3.xml
2025-06-26 15:10:01,246 INFO [org.apache.juddi.api.impl.InquiryHelper] - FindBusiness by tModelBag is enabled! Loaded from file:/C:/Users/hp/Desktop/UDDI/juddi-3.3.5_tomcat-7.0.82_9090/webapps/juddiv3/WEB-INF/classes/juddiv3.xml
2025-06-26 15:10:01,634 INFO [org.apache.juddi.api.impl.AuthenticatedService] - FindBusiness with tModel bag filtering is enabled: true loaded from file:/C:/Users/hp/Desktop/UDDI/juddi-3.3.5_tomcat-7.0.82_9090/webapps/juddiv3/WEB-INF/classes/juddiv3.xml
2025-06-26 15:10:01,636 INFO [org.apache.juddi.api.impl.InquiryHelper] - FindBusiness by tModelBag is enabled! Loaded from file:/C:/Users/hp/Desktop/UDDI/juddi-3.3.5_tomcat-7.0.82_9090/webapps/juddiv3/WEB-INF/classes/juddiv3.xml
2025-06-26 15:10:01,886 INFO [org.apache.juddi.api.impl.AuthenticatedService] - FindBusiness with tModel bag filtering is enabled: true loaded from file:/C:/Users/hp/Desktop/UDDI/juddi-3.3.5_tomcat-7.0.82_9090/webapps/juddiv3/WEB-INF/classes/juddiv3.xml
2025-06-26 15:10:01,901 INFO [org.apache.juddi.api.impl.InquiryHelper] - FindBusiness by tModelBag is enabled! Loaded from file:/C:/Users/hp/Desktop/UDDI/juddi-3.3.5_tomcat-7.0.82_9090/webapps/juddiv3/WEB-INF/classes/juddiv3.xml
2025-06-26 15:10:02,073 INFO [org.apache.juddi.api.impl.AuthenticatedService] - FindBusiness with tModel bag filtering is enabled: true loaded from file:/C:/Users/hp/Desktop/UDDI/juddi-3.3.5_tomcat-7.0.82_9090/webapps/juddiv3/WEB-INF/classes/juddiv3.xml
2025-06-26 15:10:02,073 INFO [org.apache.juddi.api.impl.InquiryHelper] - FindBusiness by tModelBag is enabled! Loaded from file:/C:/Users/hp/Desktop/UDDI/juddi-3.3.5_tomcat-7.0.82_9090/webapps/juddiv3/WEB-INF/classes/juddiv3.xml
2025-06-26 15:10:02,245 INFO [org.apache.juddi.api.impl.AuthenticatedService] - FindBusiness with tModel bag filtering is enabled: true loaded from file:/C:/Users/hp/Desktop/UDDI/juddi-3.3.5_tomcat-7.0.82_9090/webapps/juddiv3/WEB-INF/classes/juddiv3.xml
2025-06-26 15:10:02,261 INFO [org.apache.juddi.api.impl.InquiryHelper] - FindBusiness by tModelBag is enabled! Loaded from file:/C:/Users/hp/Desktop/UDDI/juddi-3.3.5_tomcat-7.0.82_9090/webapps/juddiv3/WEB-INF/classes/juddiv3.xml
2025-06-26 15:10:02,467 INFO [org.apache.juddi.api.impl.AuthenticatedService] - FindBusiness with tModel bag filtering is enabled: true loaded from file:/C:/Users/hp/Desktop/UDDI/juddi-3.3.5_tomcat-7.0.82_9090/webapps/juddiv3/WEB-INF/classes/juddiv3.xml
2025-06-26 15:10:02,473 INFO [org.apache.juddi.api.impl.InquiryHelper] - FindBusiness by tModelBag is enabled! Loaded from file:/C:/Users/hp/Desktop/UDDI/juddi-3.3.5_tomcat-7.0.82_9090/webapps/juddiv3/WEB-INF/classes/juddiv3.xml
2025-06-26 15:27:21,156 INFO [org.apache.juddi.api.impl.AuthenticatedService] - FindBusiness with tModel bag filtering is enabled: true loaded from file:/C:/Users/hp/Desktop/UDDI/juddi-3.3.5_tomcat-7.0.82_9090/webapps/juddiv3/WEB-INF/classes/juddiv3.xml
2025-06-26 15:27:21,499 INFO [org.apache.juddi.api.impl.InquiryHelper] - FindBusiness by tModelBag is enabled! Loaded from file:/C:/Users/hp/Desktop/UDDI/juddi-3.3.5_tomcat-7.0.82_9090/webapps/juddiv3/WEB-INF/classes/juddiv3.xml
2025-06-26 15:27:24,221 INFO [org.apache.juddi.api.impl.AuthenticatedService] - FindBusiness with tModel bag filtering is enabled: true loaded from file:/C:/Users/hp/Desktop/UDDI/juddi-3.3.5_tomcat-7.0.82_9090/webapps/juddiv3/WEB-INF/classes/juddiv3.xml
2025-06-26 15:27:24,221 INFO [org.apache.juddi.api.impl.InquiryHelper] - FindBusiness by tModelBag is enabled! Loaded from file:/C:/Users/hp/Desktop/UDDI/juddi-3.3.5_tomcat-7.0.82_9090/webapps/juddiv3/WEB-INF/classes/juddiv3.xml
2025-06-26 15:27:24,600 INFO [org.apache.juddi.api.impl.AuthenticatedService] - FindBusiness with tModel bag filtering is enabled: true loaded from file:/C:/Users/hp/Desktop/UDDI/juddi-3.3.5_tomcat-7.0.82_9090/webapps/juddiv3/WEB-INF/classes/juddiv3.xml
2025-06-26 15:27:24,600 INFO [org.apache.juddi.api.impl.InquiryHelper] - FindBusiness by tModelBag is enabled! Loaded from file:/C:/Users/hp/Desktop/UDDI/juddi-3.3.5_tomcat-7.0.82_9090/webapps/juddiv3/WEB-INF/classes/juddiv3.xml
2025-06-26 15:27:24,897 INFO [org.apache.juddi.api.impl.AuthenticatedService] - FindBusiness with tModel bag filtering is enabled: true loaded from file:/C:/Users/hp/Desktop/UDDI/juddi-3.3.5_tomcat-7.0.82_9090/webapps/juddiv3/WEB-INF/classes/juddiv3.xml
2025-06-26 15:27:24,897 INFO [org.apache.juddi.api.impl.InquiryHelper] - FindBusiness by tModelBag is enabled! Loaded from file:/C:/Users/hp/Desktop/UDDI/juddi-3.3.5_tomcat-7.0.82_9090/webapps/juddiv3/WEB-INF/classes/juddiv3.xml
2025-06-26 15:27:25,147 INFO [org.apache.juddi.api.impl.AuthenticatedService] - FindBusiness with tModel bag filtering is enabled: true loaded from file:/C:/Users/hp/Desktop/UDDI/juddi-3.3.5_tomcat-7.0.82_9090/webapps/juddiv3/WEB-INF/classes/juddiv3.xml
2025-06-26 15:27:25,147 INFO [org.apache.juddi.api.impl.InquiryHelper] - FindBusiness by tModelBag is enabled! Loaded from file:/C:/Users/hp/Desktop/UDDI/juddi-3.3.5_tomcat-7.0.82_9090/webapps/juddiv3/WEB-INF/classes/juddiv3.xml
2025-06-26 15:27:25,350 INFO [org.apache.juddi.api.impl.AuthenticatedService] - FindBusiness with tModel bag filtering is enabled: true loaded from file:/C:/Users/hp/Desktop/UDDI/juddi-3.3.5_tomcat-7.0.82_9090/webapps/juddiv3/WEB-INF/classes/juddiv3.xml
2025-06-26 15:27:25,350 INFO [org.apache.juddi.api.impl.InquiryHelper] - FindBusiness by tModelBag is enabled! Loaded from file:/C:/Users/hp/Desktop/UDDI/juddi-3.3.5_tomcat-7.0.82_9090/webapps/juddiv3/WEB-INF/classes/juddiv3.xml
2025-06-26 15:27:25,553 INFO [org.apache.juddi.api.impl.AuthenticatedService] - FindBusiness with tModel bag filtering is enabled: true loaded from file:/C:/Users/hp/Desktop/UDDI/juddi-3.3.5_tomcat-7.0.82_9090/webapps/juddiv3/WEB-INF/classes/juddiv3.xml
2025-06-26 15:27:25,553 INFO [org.apache.juddi.api.impl.InquiryHelper] - FindBusiness by tModelBag is enabled! Loaded from file:/C:/Users/hp/Desktop/UDDI/juddi-3.3.5_tomcat-7.0.82_9090/webapps/juddiv3/WEB-INF/classes/juddiv3.xml
2025-06-26 15:27:25,813 INFO [org.apache.juddi.api.impl.AuthenticatedService] - FindBusiness with tModel bag filtering is enabled: true loaded from file:/C:/Users/hp/Desktop/UDDI/juddi-3.3.5_tomcat-7.0.82_9090/webapps/juddiv3/WEB-INF/classes/juddiv3.xml
2025-06-26 15:27:25,813 INFO [org.apache.juddi.api.impl.InquiryHelper] - FindBusiness by tModelBag is enabled! Loaded from file:/C:/Users/hp/Desktop/UDDI/juddi-3.3.5_tomcat-7.0.82_9090/webapps/juddiv3/WEB-INF/classes/juddiv3.xml
2025-06-26 15:27:26,024 INFO [org.apache.juddi.api.impl.AuthenticatedService] - FindBusiness with tModel bag filtering is enabled: true loaded from file:/C:/Users/hp/Desktop/UDDI/juddi-3.3.5_tomcat-7.0.82_9090/webapps/juddiv3/WEB-INF/classes/juddiv3.xml
2025-06-26 15:27:26,038 INFO [org.apache.juddi.api.impl.InquiryHelper] - FindBusiness by tModelBag is enabled! Loaded from file:/C:/Users/hp/Desktop/UDDI/juddi-3.3.5_tomcat-7.0.82_9090/webapps/juddiv3/WEB-INF/classes/juddiv3.xml
2025-06-26 15:27:26,689 INFO [org.apache.juddi.api.impl.AuthenticatedService] - FindBusiness with tModel bag filtering is enabled: true loaded from file:/C:/Users/hp/Desktop/UDDI/juddi-3.3.5_tomcat-7.0.82_9090/webapps/juddiv3/WEB-INF/classes/juddiv3.xml
2025-06-26 15:27:26,720 INFO [org.apache.juddi.api.impl.InquiryHelper] - FindBusiness by tModelBag is enabled! Loaded from file:/C:/Users/hp/Desktop/UDDI/juddi-3.3.5_tomcat-7.0.82_9090/webapps/juddiv3/WEB-INF/classes/juddiv3.xml
2025-06-26 15:31:50,632 INFO [org.apache.juddi.api.impl.AuthenticatedService] - FindBusiness with tModel bag filtering is enabled: true loaded from file:/C:/Users/hp/Desktop/UDDI/juddi-3.3.5_tomcat-7.0.82_9090/webapps/juddiv3/WEB-INF/classes/juddiv3.xml
2025-06-26 15:31:50,648 INFO [org.apache.juddi.api.impl.InquiryHelper] - FindBusiness by tModelBag is enabled! Loaded from file:/C:/Users/hp/Desktop/UDDI/juddi-3.3.5_tomcat-7.0.82_9090/webapps/juddiv3/WEB-INF/classes/juddiv3.xml
2025-06-26 15:31:52,170 INFO [org.apache.juddi.api.impl.AuthenticatedService] - FindBusiness with tModel bag filtering is enabled: true loaded from file:/C:/Users/hp/Desktop/UDDI/juddi-3.3.5_tomcat-7.0.82_9090/webapps/juddiv3/WEB-INF/classes/juddiv3.xml
2025-06-26 15:31:52,170 INFO [org.apache.juddi.api.impl.InquiryHelper] - FindBusiness by tModelBag is enabled! Loaded from file:/C:/Users/hp/Desktop/UDDI/juddi-3.3.5_tomcat-7.0.82_9090/webapps/juddiv3/WEB-INF/classes/juddiv3.xml
2025-06-26 15:31:52,370 INFO [org.apache.juddi.api.impl.AuthenticatedService] - FindBusiness with tModel bag filtering is enabled: true loaded from file:/C:/Users/hp/Desktop/UDDI/juddi-3.3.5_tomcat-7.0.82_9090/webapps/juddiv3/WEB-INF/classes/juddiv3.xml
2025-06-26 15:31:52,386 INFO [org.apache.juddi.api.impl.InquiryHelper] - FindBusiness by tModelBag is enabled! Loaded from file:/C:/Users/hp/Desktop/UDDI/juddi-3.3.5_tomcat-7.0.82_9090/webapps/juddiv3/WEB-INF/classes/juddiv3.xml
2025-06-26 15:31:52,604 INFO [org.apache.juddi.api.impl.AuthenticatedService] - FindBusiness with tModel bag filtering is enabled: true loaded from file:/C:/Users/hp/Desktop/UDDI/juddi-3.3.5_tomcat-7.0.82_9090/webapps/juddiv3/WEB-INF/classes/juddiv3.xml
2025-06-26 15:31:52,604 INFO [org.apache.juddi.api.impl.InquiryHelper] - FindBusiness by tModelBag is enabled! Loaded from file:/C:/Users/hp/Desktop/UDDI/juddi-3.3.5_tomcat-7.0.82_9090/webapps/juddiv3/WEB-INF/classes/juddiv3.xml
2025-06-26 15:31:52,729 INFO [org.apache.juddi.api.impl.AuthenticatedService] - FindBusiness with tModel bag filtering is enabled: true loaded from file:/C:/Users/hp/Desktop/UDDI/juddi-3.3.5_tomcat-7.0.82_9090/webapps/juddiv3/WEB-INF/classes/juddiv3.xml
2025-06-26 15:31:52,745 INFO [org.apache.juddi.api.impl.InquiryHelper] - FindBusiness by tModelBag is enabled! Loaded from file:/C:/Users/hp/Desktop/UDDI/juddi-3.3.5_tomcat-7.0.82_9090/webapps/juddiv3/WEB-INF/classes/juddiv3.xml
2025-06-26 15:31:52,967 INFO [org.apache.juddi.api.impl.AuthenticatedService] - FindBusiness with tModel bag filtering is enabled: true loaded from file:/C:/Users/hp/Desktop/UDDI/juddi-3.3.5_tomcat-7.0.82_9090/webapps/juddiv3/WEB-INF/classes/juddiv3.xml
2025-06-26 15:31:52,967 INFO [org.apache.juddi.api.impl.InquiryHelper] - FindBusiness by tModelBag is enabled! Loaded from file:/C:/Users/hp/Desktop/UDDI/juddi-3.3.5_tomcat-7.0.82_9090/webapps/juddiv3/WEB-INF/classes/juddiv3.xml
2025-06-26 15:31:53,170 INFO [org.apache.juddi.api.impl.AuthenticatedService] - FindBusiness with tModel bag filtering is enabled: true loaded from file:/C:/Users/hp/Desktop/UDDI/juddi-3.3.5_tomcat-7.0.82_9090/webapps/juddiv3/WEB-INF/classes/juddiv3.xml
2025-06-26 15:31:53,170 INFO [org.apache.juddi.api.impl.InquiryHelper] - FindBusiness by tModelBag is enabled! Loaded from file:/C:/Users/hp/Desktop/UDDI/juddi-3.3.5_tomcat-7.0.82_9090/webapps/juddiv3/WEB-INF/classes/juddiv3.xml
2025-06-26 15:31:53,311 INFO [org.apache.juddi.api.impl.AuthenticatedService] - FindBusiness with tModel bag filtering is enabled: true loaded from file:/C:/Users/hp/Desktop/UDDI/juddi-3.3.5_tomcat-7.0.82_9090/webapps/juddiv3/WEB-INF/classes/juddiv3.xml
2025-06-26 15:31:53,311 INFO [org.apache.juddi.api.impl.InquiryHelper] - FindBusiness by tModelBag is enabled! Loaded from file:/C:/Users/hp/Desktop/UDDI/juddi-3.3.5_tomcat-7.0.82_9090/webapps/juddiv3/WEB-INF/classes/juddiv3.xml
2025-06-26 15:31:53,531 INFO [org.apache.juddi.api.impl.AuthenticatedService] - FindBusiness with tModel bag filtering is enabled: true loaded from file:/C:/Users/hp/Desktop/UDDI/juddi-3.3.5_tomcat-7.0.82_9090/webapps/juddiv3/WEB-INF/classes/juddiv3.xml
2025-06-26 15:31:53,531 INFO [org.apache.juddi.api.impl.InquiryHelper] - FindBusiness by tModelBag is enabled! Loaded from file:/C:/Users/hp/Desktop/UDDI/juddi-3.3.5_tomcat-7.0.82_9090/webapps/juddiv3/WEB-INF/classes/juddiv3.xml
2025-06-26 15:31:53,672 INFO [org.apache.juddi.api.impl.AuthenticatedService] - FindBusiness with tModel bag filtering is enabled: true loaded from file:/C:/Users/hp/Desktop/UDDI/juddi-3.3.5_tomcat-7.0.82_9090/webapps/juddiv3/WEB-INF/classes/juddiv3.xml
2025-06-26 15:31:53,687 INFO [org.apache.juddi.api.impl.InquiryHelper] - FindBusiness by tModelBag is enabled! Loaded from file:/C:/Users/hp/Desktop/UDDI/juddi-3.3.5_tomcat-7.0.82_9090/webapps/juddiv3/WEB-INF/classes/juddiv3.xml
2025-06-26 15:33:45,953 INFO [org.apache.juddi.api.impl.AuthenticatedService] - FindBusiness with tModel bag filtering is enabled: true loaded from file:/C:/Users/hp/Desktop/UDDI/juddi-3.3.5_tomcat-7.0.82_9090/webapps/juddiv3/WEB-INF/classes/juddiv3.xml
2025-06-26 15:33:45,953 INFO [org.apache.juddi.api.impl.InquiryHelper] - FindBusiness by tModelBag is enabled! Loaded from file:/C:/Users/hp/Desktop/UDDI/juddi-3.3.5_tomcat-7.0.82_9090/webapps/juddiv3/WEB-INF/classes/juddiv3.xml
2025-06-26 15:33:46,278 INFO [org.apache.juddi.api.impl.AuthenticatedService] - FindBusiness with tModel bag filtering is enabled: true loaded from file:/C:/Users/hp/Desktop/UDDI/juddi-3.3.5_tomcat-7.0.82_9090/webapps/juddiv3/WEB-INF/classes/juddiv3.xml
2025-06-26 15:33:46,294 INFO [org.apache.juddi.api.impl.InquiryHelper] - FindBusiness by tModelBag is enabled! Loaded from file:/C:/Users/hp/Desktop/UDDI/juddi-3.3.5_tomcat-7.0.82_9090/webapps/juddiv3/WEB-INF/classes/juddiv3.xml
2025-06-26 15:33:46,529 INFO [org.apache.juddi.api.impl.AuthenticatedService] - FindBusiness with tModel bag filtering is enabled: true loaded from file:/C:/Users/hp/Desktop/UDDI/juddi-3.3.5_tomcat-7.0.82_9090/webapps/juddiv3/WEB-INF/classes/juddiv3.xml
2025-06-26 15:33:46,532 INFO [org.apache.juddi.api.impl.InquiryHelper] - FindBusiness by tModelBag is enabled! Loaded from file:/C:/Users/hp/Desktop/UDDI/juddi-3.3.5_tomcat-7.0.82_9090/webapps/juddiv3/WEB-INF/classes/juddiv3.xml
2025-06-26 15:33:46,658 INFO [org.apache.juddi.api.impl.AuthenticatedService] - FindBusiness with tModel bag filtering is enabled: true loaded from file:/C:/Users/hp/Desktop/UDDI/juddi-3.3.5_tomcat-7.0.82_9090/webapps/juddiv3/WEB-INF/classes/juddiv3.xml
2025-06-26 15:33:46,658 INFO [org.apache.juddi.api.impl.InquiryHelper] - FindBusiness by tModelBag is enabled! Loaded from file:/C:/Users/hp/Desktop/UDDI/juddi-3.3.5_tomcat-7.0.82_9090/webapps/juddiv3/WEB-INF/classes/juddiv3.xml
2025-06-26 15:33:46,946 INFO [org.apache.juddi.api.impl.AuthenticatedService] - FindBusiness with tModel bag filtering is enabled: true loaded from file:/C:/Users/hp/Desktop/UDDI/juddi-3.3.5_tomcat-7.0.82_9090/webapps/juddiv3/WEB-INF/classes/juddiv3.xml
2025-06-26 15:33:46,949 INFO [org.apache.juddi.api.impl.InquiryHelper] - FindBusiness by tModelBag is enabled! Loaded from file:/C:/Users/hp/Desktop/UDDI/juddi-3.3.5_tomcat-7.0.82_9090/webapps/juddiv3/WEB-INF/classes/juddiv3.xml
2025-06-26 15:33:47,230 INFO [org.apache.juddi.api.impl.AuthenticatedService] - FindBusiness with tModel bag filtering is enabled: true loaded from file:/C:/Users/hp/Desktop/UDDI/juddi-3.3.5_tomcat-7.0.82_9090/webapps/juddiv3/WEB-INF/classes/juddiv3.xml
2025-06-26 15:33:47,233 INFO [org.apache.juddi.api.impl.InquiryHelper] - FindBusiness by tModelBag is enabled! Loaded from file:/C:/Users/hp/Desktop/UDDI/juddi-3.3.5_tomcat-7.0.82_9090/webapps/juddiv3/WEB-INF/classes/juddiv3.xml
2025-06-26 15:33:47,404 INFO [org.apache.juddi.api.impl.AuthenticatedService] - FindBusiness with tModel bag filtering is enabled: true loaded from file:/C:/Users/hp/Desktop/UDDI/juddi-3.3.5_tomcat-7.0.82_9090/webapps/juddiv3/WEB-INF/classes/juddiv3.xml
2025-06-26 15:33:47,405 INFO [org.apache.juddi.api.impl.InquiryHelper] - FindBusiness by tModelBag is enabled! Loaded from file:/C:/Users/hp/Desktop/UDDI/juddi-3.3.5_tomcat-7.0.82_9090/webapps/juddiv3/WEB-INF/classes/juddiv3.xml
2025-06-26 15:33:47,711 INFO [org.apache.juddi.api.impl.AuthenticatedService] - FindBusiness with tModel bag filtering is enabled: true loaded from file:/C:/Users/hp/Desktop/UDDI/juddi-3.3.5_tomcat-7.0.82_9090/webapps/juddiv3/WEB-INF/classes/juddiv3.xml
2025-06-26 15:33:47,713 INFO [org.apache.juddi.api.impl.InquiryHelper] - FindBusiness by tModelBag is enabled! Loaded from file:/C:/Users/hp/Desktop/UDDI/juddi-3.3.5_tomcat-7.0.82_9090/webapps/juddiv3/WEB-INF/classes/juddiv3.xml
2025-06-26 15:33:47,845 INFO [org.apache.juddi.api.impl.AuthenticatedService] - FindBusiness with tModel bag filtering is enabled: true loaded from file:/C:/Users/hp/Desktop/UDDI/juddi-3.3.5_tomcat-7.0.82_9090/webapps/juddiv3/WEB-INF/classes/juddiv3.xml
2025-06-26 15:33:47,846 INFO [org.apache.juddi.api.impl.InquiryHelper] - FindBusiness by tModelBag is enabled! Loaded from file:/C:/Users/hp/Desktop/UDDI/juddi-3.3.5_tomcat-7.0.82_9090/webapps/juddiv3/WEB-INF/classes/juddiv3.xml
2025-06-26 15:33:47,999 INFO [org.apache.juddi.api.impl.AuthenticatedService] - FindBusiness with tModel bag filtering is enabled: true loaded from file:/C:/Users/hp/Desktop/UDDI/juddi-3.3.5_tomcat-7.0.82_9090/webapps/juddiv3/WEB-INF/classes/juddiv3.xml
2025-06-26 15:33:48,003 INFO [org.apache.juddi.api.impl.InquiryHelper] - FindBusiness by tModelBag is enabled! Loaded from file:/C:/Users/hp/Desktop/UDDI/juddi-3.3.5_tomcat-7.0.82_9090/webapps/juddiv3/WEB-INF/classes/juddiv3.xml
2025-06-26 15:36:41,283 INFO [org.apache.juddi.api.impl.AuthenticatedService] - FindBusiness with tModel bag filtering is enabled: true loaded from file:/C:/Users/hp/Desktop/UDDI/juddi-3.3.5_tomcat-7.0.82_9090/webapps/juddiv3/WEB-INF/classes/juddiv3.xml
2025-06-26 15:36:41,283 INFO [org.apache.juddi.api.impl.InquiryHelper] - FindBusiness by tModelBag is enabled! Loaded from file:/C:/Users/hp/Desktop/UDDI/juddi-3.3.5_tomcat-7.0.82_9090/webapps/juddiv3/WEB-INF/classes/juddiv3.xml
2025-06-26 15:36:43,233 INFO [org.apache.juddi.api.impl.AuthenticatedService] - FindBusiness with tModel bag filtering is enabled: true loaded from file:/C:/Users/hp/Desktop/UDDI/juddi-3.3.5_tomcat-7.0.82_9090/webapps/juddiv3/WEB-INF/classes/juddiv3.xml
2025-06-26 15:36:43,247 INFO [org.apache.juddi.api.impl.InquiryHelper] - FindBusiness by tModelBag is enabled! Loaded from file:/C:/Users/hp/Desktop/UDDI/juddi-3.3.5_tomcat-7.0.82_9090/webapps/juddiv3/WEB-INF/classes/juddiv3.xml
2025-06-26 15:36:43,439 INFO [org.apache.juddi.api.impl.AuthenticatedService] - FindBusiness with tModel bag filtering is enabled: true loaded from file:/C:/Users/hp/Desktop/UDDI/juddi-3.3.5_tomcat-7.0.82_9090/webapps/juddiv3/WEB-INF/classes/juddiv3.xml
2025-06-26 15:36:43,443 INFO [org.apache.juddi.api.impl.InquiryHelper] - FindBusiness by tModelBag is enabled! Loaded from file:/C:/Users/hp/Desktop/UDDI/juddi-3.3.5_tomcat-7.0.82_9090/webapps/juddiv3/WEB-INF/classes/juddiv3.xml
2025-06-26 15:36:43,744 INFO [org.apache.juddi.api.impl.AuthenticatedService] - FindBusiness with tModel bag filtering is enabled: true loaded from file:/C:/Users/hp/Desktop/UDDI/juddi-3.3.5_tomcat-7.0.82_9090/webapps/juddiv3/WEB-INF/classes/juddiv3.xml
2025-06-26 15:36:43,745 INFO [org.apache.juddi.api.impl.InquiryHelper] - FindBusiness by tModelBag is enabled! Loaded from file:/C:/Users/hp/Desktop/UDDI/juddi-3.3.5_tomcat-7.0.82_9090/webapps/juddiv3/WEB-INF/classes/juddiv3.xml
2025-06-26 15:36:43,876 INFO [org.apache.juddi.api.impl.AuthenticatedService] - FindBusiness with tModel bag filtering is enabled: true loaded from file:/C:/Users/hp/Desktop/UDDI/juddi-3.3.5_tomcat-7.0.82_9090/webapps/juddiv3/WEB-INF/classes/juddiv3.xml
2025-06-26 15:36:43,891 INFO [org.apache.juddi.api.impl.InquiryHelper] - FindBusiness by tModelBag is enabled! Loaded from file:/C:/Users/hp/Desktop/UDDI/juddi-3.3.5_tomcat-7.0.82_9090/webapps/juddiv3/WEB-INF/classes/juddiv3.xml
2025-06-26 15:36:44,032 INFO [org.apache.juddi.api.impl.AuthenticatedService] - FindBusiness with tModel bag filtering is enabled: true loaded from file:/C:/Users/hp/Desktop/UDDI/juddi-3.3.5_tomcat-7.0.82_9090/webapps/juddiv3/WEB-INF/classes/juddiv3.xml
2025-06-26 15:36:44,032 INFO [org.apache.juddi.api.impl.InquiryHelper] - FindBusiness by tModelBag is enabled! Loaded from file:/C:/Users/hp/Desktop/UDDI/juddi-3.3.5_tomcat-7.0.82_9090/webapps/juddiv3/WEB-INF/classes/juddiv3.xml
2025-06-26 15:36:44,246 INFO [org.apache.juddi.api.impl.AuthenticatedService] - FindBusiness with tModel bag filtering is enabled: true loaded from file:/C:/Users/hp/Desktop/UDDI/juddi-3.3.5_tomcat-7.0.82_9090/webapps/juddiv3/WEB-INF/classes/juddiv3.xml
2025-06-26 15:36:44,249 INFO [org.apache.juddi.api.impl.InquiryHelper] - FindBusiness by tModelBag is enabled! Loaded from file:/C:/Users/hp/Desktop/UDDI/juddi-3.3.5_tomcat-7.0.82_9090/webapps/juddiv3/WEB-INF/classes/juddiv3.xml
2025-06-26 15:36:44,456 INFO [org.apache.juddi.api.impl.AuthenticatedService] - FindBusiness with tModel bag filtering is enabled: true loaded from file:/C:/Users/hp/Desktop/UDDI/juddi-3.3.5_tomcat-7.0.82_9090/webapps/juddiv3/WEB-INF/classes/juddiv3.xml
2025-06-26 15:36:44,458 INFO [org.apache.juddi.api.impl.InquiryHelper] - FindBusiness by tModelBag is enabled! Loaded from file:/C:/Users/hp/Desktop/UDDI/juddi-3.3.5_tomcat-7.0.82_9090/webapps/juddiv3/WEB-INF/classes/juddiv3.xml
2025-06-26 15:36:44,945 INFO [org.apache.juddi.api.impl.AuthenticatedService] - FindBusiness with tModel bag filtering is enabled: true loaded from file:/C:/Users/hp/Desktop/UDDI/juddi-3.3.5_tomcat-7.0.82_9090/webapps/juddiv3/WEB-INF/classes/juddiv3.xml
2025-06-26 15:36:44,945 INFO [org.apache.juddi.api.impl.InquiryHelper] - FindBusiness by tModelBag is enabled! Loaded from file:/C:/Users/hp/Desktop/UDDI/juddi-3.3.5_tomcat-7.0.82_9090/webapps/juddiv3/WEB-INF/classes/juddiv3.xml
2025-06-26 15:36:45,086 INFO [org.apache.juddi.api.impl.AuthenticatedService] - FindBusiness with tModel bag filtering is enabled: true loaded from file:/C:/Users/hp/Desktop/UDDI/juddi-3.3.5_tomcat-7.0.82_9090/webapps/juddiv3/WEB-INF/classes/juddiv3.xml
2025-06-26 15:36:45,086 INFO [org.apache.juddi.api.impl.InquiryHelper] - FindBusiness by tModelBag is enabled! Loaded from file:/C:/Users/hp/Desktop/UDDI/juddi-3.3.5_tomcat-7.0.82_9090/webapps/juddiv3/WEB-INF/classes/juddiv3.xml
2025-06-26 15:37:51,899 INFO [org.apache.juddi.api.impl.AuthenticatedService] - FindBusiness with tModel bag filtering is enabled: true loaded from file:/C:/Users/hp/Desktop/UDDI/juddi-3.3.5_tomcat-7.0.82_9090/webapps/juddiv3/WEB-INF/classes/juddiv3.xml
2025-06-26 15:37:51,905 INFO [org.apache.juddi.api.impl.InquiryHelper] - FindBusiness by tModelBag is enabled! Loaded from file:/C:/Users/hp/Desktop/UDDI/juddi-3.3.5_tomcat-7.0.82_9090/webapps/juddiv3/WEB-INF/classes/juddiv3.xml
2025-06-26 15:37:53,002 INFO [org.apache.juddi.api.impl.AuthenticatedService] - AUDIT: FAILTURE Token authtoken:e71367f1-212a-43a9-97ab-dda5d94b628a expired due to inactivity 127.0.0.1
2025-06-26 15:37:53,003 INFO [org.apache.juddi.api.impl.AuthenticatedService] - AUDIT: FAILURE - Token username expired due to old age 127.0.0.1
2025-06-26 15:39:42,369 INFO [org.apache.juddi.Registry] - Stopping jUDDI registry...
2025-06-26 15:39:42,376 INFO [org.apache.juddi.Registry] - Shutting down SubscriptionNotifier
2025-06-26 15:39:42,394 INFO [org.apache.juddi.Registry] - jUDDI shutdown completed.
2025-06-26 15:39:42,750 INFO [org.springframework.web.context.support.XmlWebApplicationContext] - Closing Root WebApplicationContext: startup date [Thu Jun 26 14:25:48 WAT 2025]; root of context hierarchy
2025-06-26 15:39:42,803 INFO [org.springframework.beans.factory.support.DefaultListableBeanFactory] - Destroying singletons in org.springframework.beans.factory.support.DefaultListableBeanFactory@29ae4043: defining beans [cxf,org.apache.cxf.bus.spring.BusWiringBeanFactoryPostProcessor,org.apache.cxf.bus.spring.Jsr250BeanPostProcessor,org.apache.cxf.bus.spring.BusExtensionPostProcessor,org.apache.cxf.binding.soap.SoapBindingFactory,org.apache.cxf.binding.soap.SoapTransportFactory,org.apache.cxf.binding.soap.customEditorConfigurer,replication]; root of factory hierarchy
2025-06-26 15:39:43,487 INFO [org.apache.juddi.Registry] - Stopping jUDDI registry...
2025-06-26 15:39:43,488 INFO [org.apache.juddi.Registry] - Shutting down SubscriptionNotifier
2025-06-26 15:39:43,489 INFO [org.apache.juddi.Registry] - jUDDI shutdown completed.
2025-06-26 15:39:43,574 INFO [org.springframework.web.context.support.XmlWebApplicationContext] - Closing Root WebApplicationContext: startup date [Thu Jun 26 14:25:08 WAT 2025]; root of context hierarchy
2025-06-26 15:39:43,609 INFO [org.springframework.beans.factory.support.DefaultListableBeanFactory] - Destroying singletons in org.springframework.beans.factory.support.DefaultListableBeanFactory@11c041ba: defining beans [cxf,org.apache.cxf.bus.spring.BusWiringBeanFactoryPostProcessor,org.apache.cxf.bus.spring.Jsr250BeanPostProcessor,org.apache.cxf.bus.spring.BusExtensionPostProcessor,org.apache.cxf.binding.soap.SoapBindingFactory,org.apache.cxf.binding.soap.SoapTransportFactory,org.apache.cxf.binding.soap.customEditorConfigurer,inquiry,publish,security,subscription,subscription-listener,custody-transfer,valueset-validation,valueset-caching,inquiryv2,publishv2,juddi-api,jsonNamespaceMap,inquiryRestService,inquiryRest,jsonProvider,jaxbProvider]; root of factory hierarchy
2025-06-26 15:44:25,940 INFO [org.springframework.web.context.ContextLoader] - Root WebApplicationContext: initialization started
2025-06-26 15:44:26,034 INFO [org.springframework.web.context.support.XmlWebApplicationContext] - Refreshing Root WebApplicationContext: startup date [Thu Jun 26 15:44:26 WAT 2025]; root of context hierarchy
2025-06-26 15:44:26,096 INFO [org.springframework.beans.factory.xml.XmlBeanDefinitionReader] - Loading XML bean definitions from ServletContext resource [/WEB-INF/beans.xml]
2025-06-26 15:44:26,315 INFO [org.springframework.beans.factory.xml.XmlBeanDefinitionReader] - Loading XML bean definitions from class path resource [META-INF/cxf/cxf.xml]
2025-06-26 15:44:26,393 INFO [org.springframework.beans.factory.xml.XmlBeanDefinitionReader] - Loading XML bean definitions from class path resource [META-INF/cxf/cxf-extension-soap.xml]
2025-06-26 15:44:26,424 INFO [org.springframework.beans.factory.xml.XmlBeanDefinitionReader] - Loading XML bean definitions from class path resource [META-INF/cxf/cxf-servlet.xml]
2025-06-26 15:44:26,674 INFO [org.springframework.beans.factory.support.DefaultListableBeanFactory] - Pre-instantiating singletons in org.springframework.beans.factory.support.DefaultListableBeanFactory@1ecfe57c: defining beans [cxf,org.apache.cxf.bus.spring.BusWiringBeanFactoryPostProcessor,org.apache.cxf.bus.spring.Jsr250BeanPostProcessor,org.apache.cxf.bus.spring.BusExtensionPostProcessor,org.apache.cxf.binding.soap.SoapBindingFactory,org.apache.cxf.binding.soap.SoapTransportFactory,org.apache.cxf.binding.soap.customEditorConfigurer,inquiry,publish,security,subscription,subscription-listener,custody-transfer,valueset-validation,valueset-caching,inquiryv2,publishv2,juddi-api,jsonNamespaceMap,inquiryRestService,inquiryRest,jsonProvider,jaxbProvider]; root of factory hierarchy
2025-06-26 15:44:27,049 INFO [org.apache.juddi.config.AppConfig] - Reading from jUDDI config file from:  file:/C:/Users/hp/Desktop/UDDI/juddi-3.3.5_tomcat-7.0.82_9090/webapps/juddiv3/WEB-INF/classes/juddiv3.xml
2025-06-26 15:44:30,871 INFO [org.apache.juddi.config.Install] - Checking if jUDDI is seeded by searching for root publisher root
2025-06-26 15:44:31,637 INFO [org.apache.juddi.api.impl.UDDIServiceCounter] - Found MBean server
2025-06-26 15:44:33,574 INFO [org.apache.juddi.api.impl.UDDIServiceCounter] - Found MBean server
2025-06-26 15:44:33,761 INFO [org.apache.juddi.api.impl.UDDIServiceCounter] - Found MBean server
2025-06-26 15:44:33,949 INFO [org.apache.juddi.api.impl.UDDIServiceCounter] - Found MBean server
2025-06-26 15:44:34,292 INFO [org.apache.juddi.api.impl.UDDIServiceCounter] - Found MBean server
2025-06-26 15:44:34,480 INFO [org.apache.juddi.api.impl.UDDIServiceCounter] - Found MBean server
2025-06-26 15:44:34,636 INFO [org.apache.juddi.api.impl.UDDIServiceCounter] - Found MBean server
2025-06-26 15:44:34,792 WARN [org.apache.juddi.api.impl.UDDIv2InquiryImpl] - This implementation of UDDIv2 Inquire service org.apache.juddi.api.impl.UDDIv2InquiryImpl is considered BETA. Please report any issues to https://issues.apache.org/jira/browse/JUDDI
2025-06-26 15:44:35,027 WARN [org.apache.juddi.api.impl.UDDIv2PublishImpl] - This implementation of UDDIv2 Publish service org.apache.juddi.api.impl.UDDIv2PublishImpl is considered BETA. Please report any issues to https://issues.apache.org/jira/browse/JUDDI
2025-06-26 15:44:35,120 INFO [org.apache.juddi.api.impl.UDDIServiceCounter] - Found MBean server
2025-06-26 15:44:36,339 INFO [org.springframework.web.context.ContextLoader] - Root WebApplicationContext: initialization completed in 10399 ms
2025-06-26 15:44:36,370 INFO [org.apache.juddi.Registry] - Starting jUDDI registry...This is node uddi:juddi.apache.org:node1
2025-06-26 15:44:36,558 INFO [org.apache.juddi.config.AppConfig] - Reading from jUDDI config file from:  file:/C:/Users/hp/Desktop/UDDI/juddi-3.3.5_tomcat-7.0.82_9090/webapps/juddiv3/WEB-INF/classes/juddiv3.xml
2025-06-26 15:44:36,558 INFO [org.apache.juddi.config.Install] - Checking if jUDDI is seeded by searching for root publisher root
2025-06-26 15:44:36,573 INFO [org.apache.juddi.Registry] - jUDDI registry started successfully.
2025-06-26 15:44:40,400 INFO [org.springframework.web.context.ContextLoader] - Root WebApplicationContext: initialization started
2025-06-26 15:44:40,510 INFO [org.springframework.web.context.support.XmlWebApplicationContext] - Refreshing Root WebApplicationContext: startup date [Thu Jun 26 15:44:40 WAT 2025]; root of context hierarchy
2025-06-26 15:44:40,557 INFO [org.springframework.beans.factory.xml.XmlBeanDefinitionReader] - Loading XML bean definitions from ServletContext resource [/WEB-INF/beans.xml]
2025-06-26 15:44:40,603 INFO [org.springframework.beans.factory.xml.XmlBeanDefinitionReader] - Loading XML bean definitions from class path resource [META-INF/cxf/cxf.xml]
2025-06-26 15:44:40,635 INFO [org.springframework.beans.factory.xml.XmlBeanDefinitionReader] - Loading XML bean definitions from class path resource [META-INF/cxf/cxf-extension-soap.xml]
2025-06-26 15:44:40,666 INFO [org.springframework.beans.factory.xml.XmlBeanDefinitionReader] - Loading XML bean definitions from class path resource [META-INF/cxf/cxf-servlet.xml]
2025-06-26 15:44:40,807 INFO [org.springframework.beans.factory.support.DefaultListableBeanFactory] - Pre-instantiating singletons in org.springframework.beans.factory.support.DefaultListableBeanFactory@66ee8035: defining beans [cxf,org.apache.cxf.bus.spring.BusWiringBeanFactoryPostProcessor,org.apache.cxf.bus.spring.Jsr250BeanPostProcessor,org.apache.cxf.bus.spring.BusExtensionPostProcessor,org.apache.cxf.binding.soap.SoapBindingFactory,org.apache.cxf.binding.soap.SoapTransportFactory,org.apache.cxf.binding.soap.customEditorConfigurer,replication]; root of factory hierarchy
2025-06-26 15:44:40,978 INFO [org.apache.juddi.config.AppConfig] - Reading from jUDDI config file from:  file:/C:/Users/hp/Desktop/UDDI/juddi-3.3.5_tomcat-7.0.82_9090/webapps/juddiv3replication/WEB-INF/classes/juddiv3.xml
2025-06-26 15:44:42,447 INFO [org.apache.juddi.config.Install] - Checking if jUDDI is seeded by searching for root publisher root
2025-06-26 15:44:42,884 INFO [org.apache.juddi.api.impl.UDDIServiceCounter] - Found MBean server
2025-06-26 15:44:42,884 INFO [org.apache.juddi.api.impl.UDDIServiceCounter] - Found MBean server
2025-06-26 15:44:44,212 INFO [org.springframework.web.context.ContextLoader] - Root WebApplicationContext: initialization completed in 3812 ms
2025-06-26 15:44:44,228 INFO [org.apache.juddi.Registry] - Starting jUDDI registry...This is node uddi:juddi.apache.org:node1
2025-06-26 15:44:44,399 INFO [org.apache.juddi.config.AppConfig] - Reading from jUDDI config file from:  file:/C:/Users/hp/Desktop/UDDI/juddi-3.3.5_tomcat-7.0.82_9090/webapps/juddiv3replication/WEB-INF/classes/juddiv3.xml
2025-06-26 15:44:44,399 INFO [org.apache.juddi.config.Install] - Checking if jUDDI is seeded by searching for root publisher root
2025-06-26 15:44:44,399 INFO [org.apache.juddi.api.impl.UDDIServiceCounter] - Found MBean server
2025-06-26 15:44:44,415 INFO [org.apache.juddi.Registry] - jUDDI registry started successfully.
2025-06-26 15:47:08,638 INFO [org.apache.juddi.api.impl.AuthenticatedService] - FindBusiness with tModel bag filtering is enabled: true loaded from file:/C:/Users/hp/Desktop/UDDI/juddi-3.3.5_tomcat-7.0.82_9090/webapps/juddiv3/WEB-INF/classes/juddiv3.xml
2025-06-26 15:47:08,958 INFO [org.apache.juddi.api.impl.InquiryHelper] - FindBusiness by tModelBag is enabled! Loaded from file:/C:/Users/hp/Desktop/UDDI/juddi-3.3.5_tomcat-7.0.82_9090/webapps/juddiv3/WEB-INF/classes/juddiv3.xml
2025-06-26 15:47:10,040 INFO [org.apache.juddi.api.impl.AuthenticatedService] - AUDIT: AuthToken request for username from 127.0.0.1
2025-06-26 15:47:10,071 WARN [org.apache.juddi.v3.auth.JUDDIAuthenticator] - DO NOT USE JUDDI AUTHENTICATOR FOR PRODUCTION SYSTEMS - DOES NOT VALIDATE PASSWORDS, AT ALL!
2025-06-26 15:47:10,182 INFO [org.apache.juddi.api.impl.AuthenticatedService] - AUDIT: AuthToken issued for username from 127.0.0.1
2025-06-26 15:47:11,888 WARN [org.apache.juddi.validation.ValidatePublish] - Hey, you should consider encrypting your trust store password!
2025-06-26 15:47:16,542 INFO [org.apache.juddi.replication.ReplicationNotifier] - Replication, Notifying nodes of new change records. 2 queued
2025-06-26 15:47:16,573 INFO [org.apache.juddi.replication.ReplicationNotifier] - CR saved locally, it was from uddi:juddi.apache.org:node1 USN:300 Type:ChangeRecordDelete Key:uddi:juddi.apache.org:e0997765-e3ad-4f29-b634-5bab27d39175 Local id:300
2025-06-26 15:47:16,588 INFO [org.apache.juddi.subscription.SubscriptionNotifier] - Start Notification background task; checking if subscription notifications need to be send out..
2025-06-26 15:47:16,588 INFO [org.apache.juddi.subscription.SubscriptionNotifier] - Notification background task took 0 milliseconds.
2025-06-26 15:47:16,682 INFO [org.apache.juddi.replication.ReplicationNotifier] - CR saved locally, it was from uddi:juddi.apache.org:node1 USN:301 Type:ChangeRecordNewData Key:uddi:juddi.apache.org:a6f303a1-ee43-4d3b-8233-490eeca0325f Local id:301
2025-06-26 15:51:05,177 INFO [org.apache.juddi.api.impl.AuthenticatedService] - FindBusiness with tModel bag filtering is enabled: true loaded from file:/C:/Users/hp/Desktop/UDDI/juddi-3.3.5_tomcat-7.0.82_9090/webapps/juddiv3/WEB-INF/classes/juddiv3.xml
2025-06-26 15:51:05,195 INFO [org.apache.juddi.api.impl.InquiryHelper] - FindBusiness by tModelBag is enabled! Loaded from file:/C:/Users/hp/Desktop/UDDI/juddi-3.3.5_tomcat-7.0.82_9090/webapps/juddiv3/WEB-INF/classes/juddiv3.xml
2025-06-26 15:51:05,760 INFO [org.apache.juddi.api.impl.AuthenticatedService] - FindBusiness with tModel bag filtering is enabled: true loaded from file:/C:/Users/hp/Desktop/UDDI/juddi-3.3.5_tomcat-7.0.82_9090/webapps/juddiv3/WEB-INF/classes/juddiv3.xml
2025-06-26 15:51:05,762 INFO [org.apache.juddi.api.impl.InquiryHelper] - FindBusiness by tModelBag is enabled! Loaded from file:/C:/Users/hp/Desktop/UDDI/juddi-3.3.5_tomcat-7.0.82_9090/webapps/juddiv3/WEB-INF/classes/juddiv3.xml
2025-06-26 15:51:05,874 INFO [org.apache.juddi.api.impl.AuthenticatedService] - FindBusiness with tModel bag filtering is enabled: true loaded from file:/C:/Users/hp/Desktop/UDDI/juddi-3.3.5_tomcat-7.0.82_9090/webapps/juddiv3/WEB-INF/classes/juddiv3.xml
2025-06-26 15:51:05,874 INFO [org.apache.juddi.api.impl.InquiryHelper] - FindBusiness by tModelBag is enabled! Loaded from file:/C:/Users/hp/Desktop/UDDI/juddi-3.3.5_tomcat-7.0.82_9090/webapps/juddiv3/WEB-INF/classes/juddiv3.xml
2025-06-26 15:51:05,954 INFO [org.apache.juddi.api.impl.AuthenticatedService] - FindBusiness with tModel bag filtering is enabled: true loaded from file:/C:/Users/hp/Desktop/UDDI/juddi-3.3.5_tomcat-7.0.82_9090/webapps/juddiv3/WEB-INF/classes/juddiv3.xml
2025-06-26 15:51:05,955 INFO [org.apache.juddi.api.impl.InquiryHelper] - FindBusiness by tModelBag is enabled! Loaded from file:/C:/Users/hp/Desktop/UDDI/juddi-3.3.5_tomcat-7.0.82_9090/webapps/juddiv3/WEB-INF/classes/juddiv3.xml
2025-06-26 15:51:06,057 INFO [org.apache.juddi.api.impl.AuthenticatedService] - FindBusiness with tModel bag filtering is enabled: true loaded from file:/C:/Users/hp/Desktop/UDDI/juddi-3.3.5_tomcat-7.0.82_9090/webapps/juddiv3/WEB-INF/classes/juddiv3.xml
2025-06-26 15:51:06,057 INFO [org.apache.juddi.api.impl.InquiryHelper] - FindBusiness by tModelBag is enabled! Loaded from file:/C:/Users/hp/Desktop/UDDI/juddi-3.3.5_tomcat-7.0.82_9090/webapps/juddiv3/WEB-INF/classes/juddiv3.xml
2025-06-26 15:51:06,174 INFO [org.apache.juddi.api.impl.AuthenticatedService] - FindBusiness with tModel bag filtering is enabled: true loaded from file:/C:/Users/hp/Desktop/UDDI/juddi-3.3.5_tomcat-7.0.82_9090/webapps/juddiv3/WEB-INF/classes/juddiv3.xml
2025-06-26 15:51:06,174 INFO [org.apache.juddi.api.impl.InquiryHelper] - FindBusiness by tModelBag is enabled! Loaded from file:/C:/Users/hp/Desktop/UDDI/juddi-3.3.5_tomcat-7.0.82_9090/webapps/juddiv3/WEB-INF/classes/juddiv3.xml
2025-06-26 15:51:06,289 INFO [org.apache.juddi.api.impl.AuthenticatedService] - FindBusiness with tModel bag filtering is enabled: true loaded from file:/C:/Users/hp/Desktop/UDDI/juddi-3.3.5_tomcat-7.0.82_9090/webapps/juddiv3/WEB-INF/classes/juddiv3.xml
2025-06-26 15:51:06,291 INFO [org.apache.juddi.api.impl.InquiryHelper] - FindBusiness by tModelBag is enabled! Loaded from file:/C:/Users/hp/Desktop/UDDI/juddi-3.3.5_tomcat-7.0.82_9090/webapps/juddiv3/WEB-INF/classes/juddiv3.xml
2025-06-26 15:51:06,406 INFO [org.apache.juddi.api.impl.AuthenticatedService] - FindBusiness with tModel bag filtering is enabled: true loaded from file:/C:/Users/hp/Desktop/UDDI/juddi-3.3.5_tomcat-7.0.82_9090/webapps/juddiv3/WEB-INF/classes/juddiv3.xml
2025-06-26 15:51:06,406 INFO [org.apache.juddi.api.impl.InquiryHelper] - FindBusiness by tModelBag is enabled! Loaded from file:/C:/Users/hp/Desktop/UDDI/juddi-3.3.5_tomcat-7.0.82_9090/webapps/juddiv3/WEB-INF/classes/juddiv3.xml
2025-06-26 15:51:06,496 INFO [org.apache.juddi.api.impl.AuthenticatedService] - FindBusiness with tModel bag filtering is enabled: true loaded from file:/C:/Users/hp/Desktop/UDDI/juddi-3.3.5_tomcat-7.0.82_9090/webapps/juddiv3/WEB-INF/classes/juddiv3.xml
2025-06-26 15:51:06,498 INFO [org.apache.juddi.api.impl.InquiryHelper] - FindBusiness by tModelBag is enabled! Loaded from file:/C:/Users/hp/Desktop/UDDI/juddi-3.3.5_tomcat-7.0.82_9090/webapps/juddiv3/WEB-INF/classes/juddiv3.xml
2025-06-26 15:51:06,591 INFO [org.apache.juddi.api.impl.AuthenticatedService] - FindBusiness with tModel bag filtering is enabled: true loaded from file:/C:/Users/hp/Desktop/UDDI/juddi-3.3.5_tomcat-7.0.82_9090/webapps/juddiv3/WEB-INF/classes/juddiv3.xml
2025-06-26 15:51:06,606 INFO [org.apache.juddi.api.impl.InquiryHelper] - FindBusiness by tModelBag is enabled! Loaded from file:/C:/Users/hp/Desktop/UDDI/juddi-3.3.5_tomcat-7.0.82_9090/webapps/juddiv3/WEB-INF/classes/juddiv3.xml
2025-06-26 15:57:19,171 INFO [org.apache.juddi.api.impl.AuthenticatedService] - FindBusiness with tModel bag filtering is enabled: true loaded from file:/C:/Users/hp/Desktop/UDDI/juddi-3.3.5_tomcat-7.0.82_9090/webapps/juddiv3/WEB-INF/classes/juddiv3.xml
2025-06-26 15:57:19,176 INFO [org.apache.juddi.api.impl.InquiryHelper] - FindBusiness by tModelBag is enabled! Loaded from file:/C:/Users/hp/Desktop/UDDI/juddi-3.3.5_tomcat-7.0.82_9090/webapps/juddiv3/WEB-INF/classes/juddiv3.xml
2025-06-26 15:57:19,457 INFO [org.apache.juddi.api.impl.AuthenticatedService] - FindBusiness with tModel bag filtering is enabled: true loaded from file:/C:/Users/hp/Desktop/UDDI/juddi-3.3.5_tomcat-7.0.82_9090/webapps/juddiv3/WEB-INF/classes/juddiv3.xml
2025-06-26 15:57:19,457 INFO [org.apache.juddi.api.impl.InquiryHelper] - FindBusiness by tModelBag is enabled! Loaded from file:/C:/Users/hp/Desktop/UDDI/juddi-3.3.5_tomcat-7.0.82_9090/webapps/juddiv3/WEB-INF/classes/juddiv3.xml
2025-06-26 15:57:19,562 INFO [org.apache.juddi.api.impl.AuthenticatedService] - FindBusiness with tModel bag filtering is enabled: true loaded from file:/C:/Users/hp/Desktop/UDDI/juddi-3.3.5_tomcat-7.0.82_9090/webapps/juddiv3/WEB-INF/classes/juddiv3.xml
2025-06-26 15:57:19,564 INFO [org.apache.juddi.api.impl.InquiryHelper] - FindBusiness by tModelBag is enabled! Loaded from file:/C:/Users/hp/Desktop/UDDI/juddi-3.3.5_tomcat-7.0.82_9090/webapps/juddiv3/WEB-INF/classes/juddiv3.xml
2025-06-26 15:57:19,642 INFO [org.apache.juddi.api.impl.AuthenticatedService] - FindBusiness with tModel bag filtering is enabled: true loaded from file:/C:/Users/hp/Desktop/UDDI/juddi-3.3.5_tomcat-7.0.82_9090/webapps/juddiv3/WEB-INF/classes/juddiv3.xml
2025-06-26 15:57:19,642 INFO [org.apache.juddi.api.impl.InquiryHelper] - FindBusiness by tModelBag is enabled! Loaded from file:/C:/Users/hp/Desktop/UDDI/juddi-3.3.5_tomcat-7.0.82_9090/webapps/juddiv3/WEB-INF/classes/juddiv3.xml
2025-06-26 15:57:19,764 INFO [org.apache.juddi.api.impl.AuthenticatedService] - FindBusiness with tModel bag filtering is enabled: true loaded from file:/C:/Users/hp/Desktop/UDDI/juddi-3.3.5_tomcat-7.0.82_9090/webapps/juddiv3/WEB-INF/classes/juddiv3.xml
2025-06-26 15:57:19,770 INFO [org.apache.juddi.api.impl.InquiryHelper] - FindBusiness by tModelBag is enabled! Loaded from file:/C:/Users/hp/Desktop/UDDI/juddi-3.3.5_tomcat-7.0.82_9090/webapps/juddiv3/WEB-INF/classes/juddiv3.xml
2025-06-26 15:57:19,843 INFO [org.apache.juddi.api.impl.AuthenticatedService] - FindBusiness with tModel bag filtering is enabled: true loaded from file:/C:/Users/hp/Desktop/UDDI/juddi-3.3.5_tomcat-7.0.82_9090/webapps/juddiv3/WEB-INF/classes/juddiv3.xml
2025-06-26 15:57:19,844 INFO [org.apache.juddi.api.impl.InquiryHelper] - FindBusiness by tModelBag is enabled! Loaded from file:/C:/Users/hp/Desktop/UDDI/juddi-3.3.5_tomcat-7.0.82_9090/webapps/juddiv3/WEB-INF/classes/juddiv3.xml
2025-06-26 15:57:19,896 INFO [org.apache.juddi.api.impl.AuthenticatedService] - FindBusiness with tModel bag filtering is enabled: true loaded from file:/C:/Users/hp/Desktop/UDDI/juddi-3.3.5_tomcat-7.0.82_9090/webapps/juddiv3/WEB-INF/classes/juddiv3.xml
2025-06-26 15:57:19,898 INFO [org.apache.juddi.api.impl.InquiryHelper] - FindBusiness by tModelBag is enabled! Loaded from file:/C:/Users/hp/Desktop/UDDI/juddi-3.3.5_tomcat-7.0.82_9090/webapps/juddiv3/WEB-INF/classes/juddiv3.xml
2025-06-26 15:57:20,023 INFO [org.apache.juddi.api.impl.AuthenticatedService] - FindBusiness with tModel bag filtering is enabled: true loaded from file:/C:/Users/hp/Desktop/UDDI/juddi-3.3.5_tomcat-7.0.82_9090/webapps/juddiv3/WEB-INF/classes/juddiv3.xml
2025-06-26 15:57:20,023 INFO [org.apache.juddi.api.impl.InquiryHelper] - FindBusiness by tModelBag is enabled! Loaded from file:/C:/Users/hp/Desktop/UDDI/juddi-3.3.5_tomcat-7.0.82_9090/webapps/juddiv3/WEB-INF/classes/juddiv3.xml
2025-06-26 15:57:20,090 INFO [org.apache.juddi.api.impl.AuthenticatedService] - FindBusiness with tModel bag filtering is enabled: true loaded from file:/C:/Users/hp/Desktop/UDDI/juddi-3.3.5_tomcat-7.0.82_9090/webapps/juddiv3/WEB-INF/classes/juddiv3.xml
2025-06-26 15:57:20,090 INFO [org.apache.juddi.api.impl.InquiryHelper] - FindBusiness by tModelBag is enabled! Loaded from file:/C:/Users/hp/Desktop/UDDI/juddi-3.3.5_tomcat-7.0.82_9090/webapps/juddiv3/WEB-INF/classes/juddiv3.xml
2025-06-26 15:57:20,151 INFO [org.apache.juddi.api.impl.AuthenticatedService] - FindBusiness with tModel bag filtering is enabled: true loaded from file:/C:/Users/hp/Desktop/UDDI/juddi-3.3.5_tomcat-7.0.82_9090/webapps/juddiv3/WEB-INF/classes/juddiv3.xml
2025-06-26 15:57:20,162 INFO [org.apache.juddi.api.impl.InquiryHelper] - FindBusiness by tModelBag is enabled! Loaded from file:/C:/Users/hp/Desktop/UDDI/juddi-3.3.5_tomcat-7.0.82_9090/webapps/juddiv3/WEB-INF/classes/juddiv3.xml
2025-06-26 15:58:00,881 INFO [org.apache.juddi.api.impl.AuthenticatedService] - FindBusiness with tModel bag filtering is enabled: true loaded from file:/C:/Users/hp/Desktop/UDDI/juddi-3.3.5_tomcat-7.0.82_9090/webapps/juddiv3/WEB-INF/classes/juddiv3.xml
2025-06-26 15:58:00,888 INFO [org.apache.juddi.api.impl.InquiryHelper] - FindBusiness by tModelBag is enabled! Loaded from file:/C:/Users/hp/Desktop/UDDI/juddi-3.3.5_tomcat-7.0.82_9090/webapps/juddiv3/WEB-INF/classes/juddiv3.xml
2025-06-26 15:58:01,075 INFO [org.apache.juddi.api.impl.AuthenticatedService] - FindBusiness with tModel bag filtering is enabled: true loaded from file:/C:/Users/hp/Desktop/UDDI/juddi-3.3.5_tomcat-7.0.82_9090/webapps/juddiv3/WEB-INF/classes/juddiv3.xml
2025-06-26 15:58:01,086 INFO [org.apache.juddi.api.impl.InquiryHelper] - FindBusiness by tModelBag is enabled! Loaded from file:/C:/Users/hp/Desktop/UDDI/juddi-3.3.5_tomcat-7.0.82_9090/webapps/juddiv3/WEB-INF/classes/juddiv3.xml
2025-06-26 15:58:01,307 INFO [org.apache.juddi.api.impl.AuthenticatedService] - FindBusiness with tModel bag filtering is enabled: true loaded from file:/C:/Users/hp/Desktop/UDDI/juddi-3.3.5_tomcat-7.0.82_9090/webapps/juddiv3/WEB-INF/classes/juddiv3.xml
2025-06-26 15:58:01,411 INFO [org.apache.juddi.api.impl.InquiryHelper] - FindBusiness by tModelBag is enabled! Loaded from file:/C:/Users/hp/Desktop/UDDI/juddi-3.3.5_tomcat-7.0.82_9090/webapps/juddiv3/WEB-INF/classes/juddiv3.xml
2025-06-26 15:58:01,759 INFO [org.apache.juddi.api.impl.AuthenticatedService] - FindBusiness with tModel bag filtering is enabled: true loaded from file:/C:/Users/hp/Desktop/UDDI/juddi-3.3.5_tomcat-7.0.82_9090/webapps/juddiv3/WEB-INF/classes/juddiv3.xml
2025-06-26 15:58:01,763 INFO [org.apache.juddi.api.impl.InquiryHelper] - FindBusiness by tModelBag is enabled! Loaded from file:/C:/Users/hp/Desktop/UDDI/juddi-3.3.5_tomcat-7.0.82_9090/webapps/juddiv3/WEB-INF/classes/juddiv3.xml
2025-06-26 15:58:01,923 INFO [org.apache.juddi.api.impl.AuthenticatedService] - FindBusiness with tModel bag filtering is enabled: true loaded from file:/C:/Users/hp/Desktop/UDDI/juddi-3.3.5_tomcat-7.0.82_9090/webapps/juddiv3/WEB-INF/classes/juddiv3.xml
2025-06-26 15:58:01,928 INFO [org.apache.juddi.api.impl.InquiryHelper] - FindBusiness by tModelBag is enabled! Loaded from file:/C:/Users/hp/Desktop/UDDI/juddi-3.3.5_tomcat-7.0.82_9090/webapps/juddiv3/WEB-INF/classes/juddiv3.xml
2025-06-26 15:58:02,083 INFO [org.apache.juddi.api.impl.AuthenticatedService] - FindBusiness with tModel bag filtering is enabled: true loaded from file:/C:/Users/hp/Desktop/UDDI/juddi-3.3.5_tomcat-7.0.82_9090/webapps/juddiv3/WEB-INF/classes/juddiv3.xml
2025-06-26 15:58:02,085 INFO [org.apache.juddi.api.impl.InquiryHelper] - FindBusiness by tModelBag is enabled! Loaded from file:/C:/Users/hp/Desktop/UDDI/juddi-3.3.5_tomcat-7.0.82_9090/webapps/juddiv3/WEB-INF/classes/juddiv3.xml
2025-06-26 15:58:02,191 INFO [org.apache.juddi.api.impl.AuthenticatedService] - FindBusiness with tModel bag filtering is enabled: true loaded from file:/C:/Users/hp/Desktop/UDDI/juddi-3.3.5_tomcat-7.0.82_9090/webapps/juddiv3/WEB-INF/classes/juddiv3.xml
2025-06-26 15:58:02,194 INFO [org.apache.juddi.api.impl.InquiryHelper] - FindBusiness by tModelBag is enabled! Loaded from file:/C:/Users/hp/Desktop/UDDI/juddi-3.3.5_tomcat-7.0.82_9090/webapps/juddiv3/WEB-INF/classes/juddiv3.xml
2025-06-26 15:58:02,297 INFO [org.apache.juddi.api.impl.AuthenticatedService] - FindBusiness with tModel bag filtering is enabled: true loaded from file:/C:/Users/hp/Desktop/UDDI/juddi-3.3.5_tomcat-7.0.82_9090/webapps/juddiv3/WEB-INF/classes/juddiv3.xml
2025-06-26 15:58:02,300 INFO [org.apache.juddi.api.impl.InquiryHelper] - FindBusiness by tModelBag is enabled! Loaded from file:/C:/Users/hp/Desktop/UDDI/juddi-3.3.5_tomcat-7.0.82_9090/webapps/juddiv3/WEB-INF/classes/juddiv3.xml
2025-06-26 15:58:02,508 INFO [org.apache.juddi.api.impl.AuthenticatedService] - FindBusiness with tModel bag filtering is enabled: true loaded from file:/C:/Users/hp/Desktop/UDDI/juddi-3.3.5_tomcat-7.0.82_9090/webapps/juddiv3/WEB-INF/classes/juddiv3.xml
2025-06-26 15:58:02,511 INFO [org.apache.juddi.api.impl.InquiryHelper] - FindBusiness by tModelBag is enabled! Loaded from file:/C:/Users/hp/Desktop/UDDI/juddi-3.3.5_tomcat-7.0.82_9090/webapps/juddiv3/WEB-INF/classes/juddiv3.xml
2025-06-26 15:58:02,728 INFO [org.apache.juddi.api.impl.AuthenticatedService] - FindBusiness with tModel bag filtering is enabled: true loaded from file:/C:/Users/hp/Desktop/UDDI/juddi-3.3.5_tomcat-7.0.82_9090/webapps/juddiv3/WEB-INF/classes/juddiv3.xml
2025-06-26 15:58:02,764 INFO [org.apache.juddi.api.impl.InquiryHelper] - FindBusiness by tModelBag is enabled! Loaded from file:/C:/Users/hp/Desktop/UDDI/juddi-3.3.5_tomcat-7.0.82_9090/webapps/juddiv3/WEB-INF/classes/juddiv3.xml
2025-06-26 15:58:06,430 INFO [org.apache.juddi.api.impl.AuthenticatedService] - FindBusiness with tModel bag filtering is enabled: true loaded from file:/C:/Users/hp/Desktop/UDDI/juddi-3.3.5_tomcat-7.0.82_9090/webapps/juddiv3/WEB-INF/classes/juddiv3.xml
2025-06-26 15:58:06,431 INFO [org.apache.juddi.api.impl.InquiryHelper] - FindBusiness by tModelBag is enabled! Loaded from file:/C:/Users/hp/Desktop/UDDI/juddi-3.3.5_tomcat-7.0.82_9090/webapps/juddiv3/WEB-INF/classes/juddiv3.xml
2025-06-26 15:58:06,563 INFO [org.apache.juddi.api.impl.AuthenticatedService] - FindBusiness with tModel bag filtering is enabled: true loaded from file:/C:/Users/hp/Desktop/UDDI/juddi-3.3.5_tomcat-7.0.82_9090/webapps/juddiv3/WEB-INF/classes/juddiv3.xml
2025-06-26 15:58:06,578 INFO [org.apache.juddi.api.impl.InquiryHelper] - FindBusiness by tModelBag is enabled! Loaded from file:/C:/Users/hp/Desktop/UDDI/juddi-3.3.5_tomcat-7.0.82_9090/webapps/juddiv3/WEB-INF/classes/juddiv3.xml
2025-06-26 15:58:06,648 INFO [org.apache.juddi.api.impl.AuthenticatedService] - FindBusiness with tModel bag filtering is enabled: true loaded from file:/C:/Users/hp/Desktop/UDDI/juddi-3.3.5_tomcat-7.0.82_9090/webapps/juddiv3/WEB-INF/classes/juddiv3.xml
2025-06-26 15:58:06,651 INFO [org.apache.juddi.api.impl.InquiryHelper] - FindBusiness by tModelBag is enabled! Loaded from file:/C:/Users/hp/Desktop/UDDI/juddi-3.3.5_tomcat-7.0.82_9090/webapps/juddiv3/WEB-INF/classes/juddiv3.xml
2025-06-26 15:58:06,711 INFO [org.apache.juddi.api.impl.AuthenticatedService] - FindBusiness with tModel bag filtering is enabled: true loaded from file:/C:/Users/hp/Desktop/UDDI/juddi-3.3.5_tomcat-7.0.82_9090/webapps/juddiv3/WEB-INF/classes/juddiv3.xml
2025-06-26 15:58:06,713 INFO [org.apache.juddi.api.impl.InquiryHelper] - FindBusiness by tModelBag is enabled! Loaded from file:/C:/Users/hp/Desktop/UDDI/juddi-3.3.5_tomcat-7.0.82_9090/webapps/juddiv3/WEB-INF/classes/juddiv3.xml
2025-06-26 15:58:06,774 INFO [org.apache.juddi.api.impl.AuthenticatedService] - FindBusiness with tModel bag filtering is enabled: true loaded from file:/C:/Users/hp/Desktop/UDDI/juddi-3.3.5_tomcat-7.0.82_9090/webapps/juddiv3/WEB-INF/classes/juddiv3.xml
2025-06-26 15:58:06,775 INFO [org.apache.juddi.api.impl.InquiryHelper] - FindBusiness by tModelBag is enabled! Loaded from file:/C:/Users/hp/Desktop/UDDI/juddi-3.3.5_tomcat-7.0.82_9090/webapps/juddiv3/WEB-INF/classes/juddiv3.xml
2025-06-26 15:58:06,829 INFO [org.apache.juddi.api.impl.AuthenticatedService] - FindBusiness with tModel bag filtering is enabled: true loaded from file:/C:/Users/hp/Desktop/UDDI/juddi-3.3.5_tomcat-7.0.82_9090/webapps/juddiv3/WEB-INF/classes/juddiv3.xml
2025-06-26 15:58:06,831 INFO [org.apache.juddi.api.impl.InquiryHelper] - FindBusiness by tModelBag is enabled! Loaded from file:/C:/Users/hp/Desktop/UDDI/juddi-3.3.5_tomcat-7.0.82_9090/webapps/juddiv3/WEB-INF/classes/juddiv3.xml
2025-06-26 15:58:06,981 INFO [org.apache.juddi.api.impl.AuthenticatedService] - FindBusiness with tModel bag filtering is enabled: true loaded from file:/C:/Users/hp/Desktop/UDDI/juddi-3.3.5_tomcat-7.0.82_9090/webapps/juddiv3/WEB-INF/classes/juddiv3.xml
2025-06-26 15:58:06,986 INFO [org.apache.juddi.api.impl.InquiryHelper] - FindBusiness by tModelBag is enabled! Loaded from file:/C:/Users/hp/Desktop/UDDI/juddi-3.3.5_tomcat-7.0.82_9090/webapps/juddiv3/WEB-INF/classes/juddiv3.xml
2025-06-26 15:58:07,271 INFO [org.apache.juddi.api.impl.AuthenticatedService] - FindBusiness with tModel bag filtering is enabled: true loaded from file:/C:/Users/hp/Desktop/UDDI/juddi-3.3.5_tomcat-7.0.82_9090/webapps/juddiv3/WEB-INF/classes/juddiv3.xml
2025-06-26 15:58:07,275 INFO [org.apache.juddi.api.impl.InquiryHelper] - FindBusiness by tModelBag is enabled! Loaded from file:/C:/Users/hp/Desktop/UDDI/juddi-3.3.5_tomcat-7.0.82_9090/webapps/juddiv3/WEB-INF/classes/juddiv3.xml
2025-06-26 15:58:07,344 INFO [org.apache.juddi.api.impl.AuthenticatedService] - FindBusiness with tModel bag filtering is enabled: true loaded from file:/C:/Users/hp/Desktop/UDDI/juddi-3.3.5_tomcat-7.0.82_9090/webapps/juddiv3/WEB-INF/classes/juddiv3.xml
2025-06-26 15:58:07,345 INFO [org.apache.juddi.api.impl.InquiryHelper] - FindBusiness by tModelBag is enabled! Loaded from file:/C:/Users/hp/Desktop/UDDI/juddi-3.3.5_tomcat-7.0.82_9090/webapps/juddiv3/WEB-INF/classes/juddiv3.xml
2025-06-26 15:58:07,402 INFO [org.apache.juddi.api.impl.AuthenticatedService] - FindBusiness with tModel bag filtering is enabled: true loaded from file:/C:/Users/hp/Desktop/UDDI/juddi-3.3.5_tomcat-7.0.82_9090/webapps/juddiv3/WEB-INF/classes/juddiv3.xml
2025-06-26 15:58:07,410 INFO [org.apache.juddi.api.impl.InquiryHelper] - FindBusiness by tModelBag is enabled! Loaded from file:/C:/Users/hp/Desktop/UDDI/juddi-3.3.5_tomcat-7.0.82_9090/webapps/juddiv3/WEB-INF/classes/juddiv3.xml
2025-06-26 15:58:15,997 INFO [org.apache.juddi.api.impl.AuthenticatedService] - FindBusiness with tModel bag filtering is enabled: true loaded from file:/C:/Users/hp/Desktop/UDDI/juddi-3.3.5_tomcat-7.0.82_9090/webapps/juddiv3/WEB-INF/classes/juddiv3.xml
2025-06-26 15:58:16,001 INFO [org.apache.juddi.api.impl.InquiryHelper] - FindBusiness by tModelBag is enabled! Loaded from file:/C:/Users/hp/Desktop/UDDI/juddi-3.3.5_tomcat-7.0.82_9090/webapps/juddiv3/WEB-INF/classes/juddiv3.xml
2025-06-26 15:58:16,311 INFO [org.apache.juddi.api.impl.AuthenticatedService] - FindBusiness with tModel bag filtering is enabled: true loaded from file:/C:/Users/hp/Desktop/UDDI/juddi-3.3.5_tomcat-7.0.82_9090/webapps/juddiv3/WEB-INF/classes/juddiv3.xml
2025-06-26 15:58:16,317 INFO [org.apache.juddi.api.impl.InquiryHelper] - FindBusiness by tModelBag is enabled! Loaded from file:/C:/Users/hp/Desktop/UDDI/juddi-3.3.5_tomcat-7.0.82_9090/webapps/juddiv3/WEB-INF/classes/juddiv3.xml
2025-06-26 15:58:16,386 INFO [org.apache.juddi.api.impl.AuthenticatedService] - FindBusiness with tModel bag filtering is enabled: true loaded from file:/C:/Users/hp/Desktop/UDDI/juddi-3.3.5_tomcat-7.0.82_9090/webapps/juddiv3/WEB-INF/classes/juddiv3.xml
2025-06-26 15:58:16,386 INFO [org.apache.juddi.api.impl.InquiryHelper] - FindBusiness by tModelBag is enabled! Loaded from file:/C:/Users/hp/Desktop/UDDI/juddi-3.3.5_tomcat-7.0.82_9090/webapps/juddiv3/WEB-INF/classes/juddiv3.xml
2025-06-26 15:58:16,610 INFO [org.apache.juddi.api.impl.AuthenticatedService] - FindBusiness with tModel bag filtering is enabled: true loaded from file:/C:/Users/hp/Desktop/UDDI/juddi-3.3.5_tomcat-7.0.82_9090/webapps/juddiv3/WEB-INF/classes/juddiv3.xml
2025-06-26 15:58:16,610 INFO [org.apache.juddi.api.impl.InquiryHelper] - FindBusiness by tModelBag is enabled! Loaded from file:/C:/Users/hp/Desktop/UDDI/juddi-3.3.5_tomcat-7.0.82_9090/webapps/juddiv3/WEB-INF/classes/juddiv3.xml
2025-06-26 15:58:16,747 INFO [org.apache.juddi.api.impl.AuthenticatedService] - FindBusiness with tModel bag filtering is enabled: true loaded from file:/C:/Users/hp/Desktop/UDDI/juddi-3.3.5_tomcat-7.0.82_9090/webapps/juddiv3/WEB-INF/classes/juddiv3.xml
2025-06-26 15:58:16,763 INFO [org.apache.juddi.api.impl.InquiryHelper] - FindBusiness by tModelBag is enabled! Loaded from file:/C:/Users/hp/Desktop/UDDI/juddi-3.3.5_tomcat-7.0.82_9090/webapps/juddiv3/WEB-INF/classes/juddiv3.xml
2025-06-26 15:58:16,969 INFO [org.apache.juddi.api.impl.AuthenticatedService] - FindBusiness with tModel bag filtering is enabled: true loaded from file:/C:/Users/hp/Desktop/UDDI/juddi-3.3.5_tomcat-7.0.82_9090/webapps/juddiv3/WEB-INF/classes/juddiv3.xml
2025-06-26 15:58:16,969 INFO [org.apache.juddi.api.impl.InquiryHelper] - FindBusiness by tModelBag is enabled! Loaded from file:/C:/Users/hp/Desktop/UDDI/juddi-3.3.5_tomcat-7.0.82_9090/webapps/juddiv3/WEB-INF/classes/juddiv3.xml
2025-06-26 15:58:17,035 INFO [org.apache.juddi.api.impl.AuthenticatedService] - FindBusiness with tModel bag filtering is enabled: true loaded from file:/C:/Users/hp/Desktop/UDDI/juddi-3.3.5_tomcat-7.0.82_9090/webapps/juddiv3/WEB-INF/classes/juddiv3.xml
2025-06-26 15:58:17,035 INFO [org.apache.juddi.api.impl.InquiryHelper] - FindBusiness by tModelBag is enabled! Loaded from file:/C:/Users/hp/Desktop/UDDI/juddi-3.3.5_tomcat-7.0.82_9090/webapps/juddiv3/WEB-INF/classes/juddiv3.xml
2025-06-26 15:58:17,134 INFO [org.apache.juddi.api.impl.AuthenticatedService] - FindBusiness with tModel bag filtering is enabled: true loaded from file:/C:/Users/hp/Desktop/UDDI/juddi-3.3.5_tomcat-7.0.82_9090/webapps/juddiv3/WEB-INF/classes/juddiv3.xml
2025-06-26 15:58:17,134 INFO [org.apache.juddi.api.impl.InquiryHelper] - FindBusiness by tModelBag is enabled! Loaded from file:/C:/Users/hp/Desktop/UDDI/juddi-3.3.5_tomcat-7.0.82_9090/webapps/juddiv3/WEB-INF/classes/juddiv3.xml
2025-06-26 15:58:17,251 INFO [org.apache.juddi.api.impl.AuthenticatedService] - FindBusiness with tModel bag filtering is enabled: true loaded from file:/C:/Users/hp/Desktop/UDDI/juddi-3.3.5_tomcat-7.0.82_9090/webapps/juddiv3/WEB-INF/classes/juddiv3.xml
2025-06-26 15:58:17,251 INFO [org.apache.juddi.api.impl.InquiryHelper] - FindBusiness by tModelBag is enabled! Loaded from file:/C:/Users/hp/Desktop/UDDI/juddi-3.3.5_tomcat-7.0.82_9090/webapps/juddiv3/WEB-INF/classes/juddiv3.xml
2025-06-26 15:58:17,303 INFO [org.apache.juddi.api.impl.AuthenticatedService] - FindBusiness with tModel bag filtering is enabled: true loaded from file:/C:/Users/hp/Desktop/UDDI/juddi-3.3.5_tomcat-7.0.82_9090/webapps/juddiv3/WEB-INF/classes/juddiv3.xml
2025-06-26 15:58:17,303 INFO [org.apache.juddi.api.impl.InquiryHelper] - FindBusiness by tModelBag is enabled! Loaded from file:/C:/Users/hp/Desktop/UDDI/juddi-3.3.5_tomcat-7.0.82_9090/webapps/juddiv3/WEB-INF/classes/juddiv3.xml
2025-06-26 15:58:31,409 INFO [org.apache.juddi.api.impl.AuthenticatedService] - FindBusiness with tModel bag filtering is enabled: true loaded from file:/C:/Users/hp/Desktop/UDDI/juddi-3.3.5_tomcat-7.0.82_9090/webapps/juddiv3/WEB-INF/classes/juddiv3.xml
2025-06-26 15:58:31,539 INFO [org.apache.juddi.api.impl.InquiryHelper] - FindBusiness by tModelBag is enabled! Loaded from file:/C:/Users/hp/Desktop/UDDI/juddi-3.3.5_tomcat-7.0.82_9090/webapps/juddiv3/WEB-INF/classes/juddiv3.xml
2025-06-26 15:58:31,926 INFO [org.apache.juddi.api.impl.AuthenticatedService] - FindBusiness with tModel bag filtering is enabled: true loaded from file:/C:/Users/hp/Desktop/UDDI/juddi-3.3.5_tomcat-7.0.82_9090/webapps/juddiv3/WEB-INF/classes/juddiv3.xml
2025-06-26 15:58:31,927 INFO [org.apache.juddi.api.impl.InquiryHelper] - FindBusiness by tModelBag is enabled! Loaded from file:/C:/Users/hp/Desktop/UDDI/juddi-3.3.5_tomcat-7.0.82_9090/webapps/juddiv3/WEB-INF/classes/juddiv3.xml
2025-06-26 15:58:32,139 INFO [org.apache.juddi.api.impl.AuthenticatedService] - FindBusiness with tModel bag filtering is enabled: true loaded from file:/C:/Users/hp/Desktop/UDDI/juddi-3.3.5_tomcat-7.0.82_9090/webapps/juddiv3/WEB-INF/classes/juddiv3.xml
2025-06-26 15:58:32,238 INFO [org.apache.juddi.api.impl.InquiryHelper] - FindBusiness by tModelBag is enabled! Loaded from file:/C:/Users/hp/Desktop/UDDI/juddi-3.3.5_tomcat-7.0.82_9090/webapps/juddiv3/WEB-INF/classes/juddiv3.xml
2025-06-26 15:58:32,381 INFO [org.apache.juddi.api.impl.AuthenticatedService] - FindBusiness with tModel bag filtering is enabled: true loaded from file:/C:/Users/hp/Desktop/UDDI/juddi-3.3.5_tomcat-7.0.82_9090/webapps/juddiv3/WEB-INF/classes/juddiv3.xml
2025-06-26 15:58:32,384 INFO [org.apache.juddi.api.impl.InquiryHelper] - FindBusiness by tModelBag is enabled! Loaded from file:/C:/Users/hp/Desktop/UDDI/juddi-3.3.5_tomcat-7.0.82_9090/webapps/juddiv3/WEB-INF/classes/juddiv3.xml
2025-06-26 15:58:32,808 INFO [org.apache.juddi.api.impl.AuthenticatedService] - FindBusiness with tModel bag filtering is enabled: true loaded from file:/C:/Users/hp/Desktop/UDDI/juddi-3.3.5_tomcat-7.0.82_9090/webapps/juddiv3/WEB-INF/classes/juddiv3.xml
2025-06-26 15:58:32,811 INFO [org.apache.juddi.api.impl.InquiryHelper] - FindBusiness by tModelBag is enabled! Loaded from file:/C:/Users/hp/Desktop/UDDI/juddi-3.3.5_tomcat-7.0.82_9090/webapps/juddiv3/WEB-INF/classes/juddiv3.xml
2025-06-26 15:58:33,191 INFO [org.apache.juddi.api.impl.AuthenticatedService] - FindBusiness with tModel bag filtering is enabled: true loaded from file:/C:/Users/hp/Desktop/UDDI/juddi-3.3.5_tomcat-7.0.82_9090/webapps/juddiv3/WEB-INF/classes/juddiv3.xml
2025-06-26 15:58:33,297 INFO [org.apache.juddi.api.impl.InquiryHelper] - FindBusiness by tModelBag is enabled! Loaded from file:/C:/Users/hp/Desktop/UDDI/juddi-3.3.5_tomcat-7.0.82_9090/webapps/juddiv3/WEB-INF/classes/juddiv3.xml
2025-06-26 15:58:33,798 INFO [org.apache.juddi.api.impl.AuthenticatedService] - FindBusiness with tModel bag filtering is enabled: true loaded from file:/C:/Users/hp/Desktop/UDDI/juddi-3.3.5_tomcat-7.0.82_9090/webapps/juddiv3/WEB-INF/classes/juddiv3.xml
2025-06-26 15:58:33,798 INFO [org.apache.juddi.api.impl.InquiryHelper] - FindBusiness by tModelBag is enabled! Loaded from file:/C:/Users/hp/Desktop/UDDI/juddi-3.3.5_tomcat-7.0.82_9090/webapps/juddiv3/WEB-INF/classes/juddiv3.xml
2025-06-26 15:58:33,987 INFO [org.apache.juddi.api.impl.AuthenticatedService] - FindBusiness with tModel bag filtering is enabled: true loaded from file:/C:/Users/hp/Desktop/UDDI/juddi-3.3.5_tomcat-7.0.82_9090/webapps/juddiv3/WEB-INF/classes/juddiv3.xml
2025-06-26 15:58:33,987 INFO [org.apache.juddi.api.impl.InquiryHelper] - FindBusiness by tModelBag is enabled! Loaded from file:/C:/Users/hp/Desktop/UDDI/juddi-3.3.5_tomcat-7.0.82_9090/webapps/juddiv3/WEB-INF/classes/juddiv3.xml
2025-06-26 15:58:36,413 INFO [org.apache.juddi.api.impl.AuthenticatedService] - FindBusiness with tModel bag filtering is enabled: true loaded from file:/C:/Users/hp/Desktop/UDDI/juddi-3.3.5_tomcat-7.0.82_9090/webapps/juddiv3/WEB-INF/classes/juddiv3.xml
2025-06-26 15:58:36,414 INFO [org.apache.juddi.api.impl.InquiryHelper] - FindBusiness by tModelBag is enabled! Loaded from file:/C:/Users/hp/Desktop/UDDI/juddi-3.3.5_tomcat-7.0.82_9090/webapps/juddiv3/WEB-INF/classes/juddiv3.xml
2025-06-26 15:58:36,500 INFO [org.apache.juddi.api.impl.AuthenticatedService] - FindBusiness with tModel bag filtering is enabled: true loaded from file:/C:/Users/hp/Desktop/UDDI/juddi-3.3.5_tomcat-7.0.82_9090/webapps/juddiv3/WEB-INF/classes/juddiv3.xml
2025-06-26 15:58:36,506 INFO [org.apache.juddi.api.impl.InquiryHelper] - FindBusiness by tModelBag is enabled! Loaded from file:/C:/Users/hp/Desktop/UDDI/juddi-3.3.5_tomcat-7.0.82_9090/webapps/juddiv3/WEB-INF/classes/juddiv3.xml
2025-06-26 15:58:37,708 INFO [org.apache.juddi.api.impl.AuthenticatedService] - FindBusiness with tModel bag filtering is enabled: true loaded from file:/C:/Users/hp/Desktop/UDDI/juddi-3.3.5_tomcat-7.0.82_9090/webapps/juddiv3/WEB-INF/classes/juddiv3.xml
2025-06-26 15:58:37,709 INFO [org.apache.juddi.api.impl.InquiryHelper] - FindBusiness by tModelBag is enabled! Loaded from file:/C:/Users/hp/Desktop/UDDI/juddi-3.3.5_tomcat-7.0.82_9090/webapps/juddiv3/WEB-INF/classes/juddiv3.xml
2025-06-26 15:58:37,750 INFO [org.apache.juddi.api.impl.AuthenticatedService] - FindBusiness with tModel bag filtering is enabled: true loaded from file:/C:/Users/hp/Desktop/UDDI/juddi-3.3.5_tomcat-7.0.82_9090/webapps/juddiv3/WEB-INF/classes/juddiv3.xml
2025-06-26 15:58:37,751 INFO [org.apache.juddi.api.impl.InquiryHelper] - FindBusiness by tModelBag is enabled! Loaded from file:/C:/Users/hp/Desktop/UDDI/juddi-3.3.5_tomcat-7.0.82_9090/webapps/juddiv3/WEB-INF/classes/juddiv3.xml
2025-06-26 15:58:37,783 INFO [org.apache.juddi.api.impl.AuthenticatedService] - FindBusiness with tModel bag filtering is enabled: true loaded from file:/C:/Users/hp/Desktop/UDDI/juddi-3.3.5_tomcat-7.0.82_9090/webapps/juddiv3/WEB-INF/classes/juddiv3.xml
2025-06-26 15:58:37,783 INFO [org.apache.juddi.api.impl.InquiryHelper] - FindBusiness by tModelBag is enabled! Loaded from file:/C:/Users/hp/Desktop/UDDI/juddi-3.3.5_tomcat-7.0.82_9090/webapps/juddiv3/WEB-INF/classes/juddiv3.xml
2025-06-26 15:58:37,849 INFO [org.apache.juddi.api.impl.AuthenticatedService] - FindBusiness with tModel bag filtering is enabled: true loaded from file:/C:/Users/hp/Desktop/UDDI/juddi-3.3.5_tomcat-7.0.82_9090/webapps/juddiv3/WEB-INF/classes/juddiv3.xml
2025-06-26 15:58:37,850 INFO [org.apache.juddi.api.impl.InquiryHelper] - FindBusiness by tModelBag is enabled! Loaded from file:/C:/Users/hp/Desktop/UDDI/juddi-3.3.5_tomcat-7.0.82_9090/webapps/juddiv3/WEB-INF/classes/juddiv3.xml
2025-06-26 15:58:37,889 INFO [org.apache.juddi.api.impl.AuthenticatedService] - FindBusiness with tModel bag filtering is enabled: true loaded from file:/C:/Users/hp/Desktop/UDDI/juddi-3.3.5_tomcat-7.0.82_9090/webapps/juddiv3/WEB-INF/classes/juddiv3.xml
2025-06-26 15:58:37,890 INFO [org.apache.juddi.api.impl.InquiryHelper] - FindBusiness by tModelBag is enabled! Loaded from file:/C:/Users/hp/Desktop/UDDI/juddi-3.3.5_tomcat-7.0.82_9090/webapps/juddiv3/WEB-INF/classes/juddiv3.xml
2025-06-26 15:58:37,934 INFO [org.apache.juddi.api.impl.AuthenticatedService] - FindBusiness with tModel bag filtering is enabled: true loaded from file:/C:/Users/hp/Desktop/UDDI/juddi-3.3.5_tomcat-7.0.82_9090/webapps/juddiv3/WEB-INF/classes/juddiv3.xml
2025-06-26 15:58:37,935 INFO [org.apache.juddi.api.impl.InquiryHelper] - FindBusiness by tModelBag is enabled! Loaded from file:/C:/Users/hp/Desktop/UDDI/juddi-3.3.5_tomcat-7.0.82_9090/webapps/juddiv3/WEB-INF/classes/juddiv3.xml
2025-06-26 15:58:37,980 INFO [org.apache.juddi.api.impl.AuthenticatedService] - FindBusiness with tModel bag filtering is enabled: true loaded from file:/C:/Users/hp/Desktop/UDDI/juddi-3.3.5_tomcat-7.0.82_9090/webapps/juddiv3/WEB-INF/classes/juddiv3.xml
2025-06-26 15:58:37,981 INFO [org.apache.juddi.api.impl.InquiryHelper] - FindBusiness by tModelBag is enabled! Loaded from file:/C:/Users/hp/Desktop/UDDI/juddi-3.3.5_tomcat-7.0.82_9090/webapps/juddiv3/WEB-INF/classes/juddiv3.xml
2025-06-26 15:58:38,032 INFO [org.apache.juddi.api.impl.AuthenticatedService] - FindBusiness with tModel bag filtering is enabled: true loaded from file:/C:/Users/hp/Desktop/UDDI/juddi-3.3.5_tomcat-7.0.82_9090/webapps/juddiv3/WEB-INF/classes/juddiv3.xml
2025-06-26 15:58:38,032 INFO [org.apache.juddi.api.impl.InquiryHelper] - FindBusiness by tModelBag is enabled! Loaded from file:/C:/Users/hp/Desktop/UDDI/juddi-3.3.5_tomcat-7.0.82_9090/webapps/juddiv3/WEB-INF/classes/juddiv3.xml
2025-06-26 15:58:38,080 INFO [org.apache.juddi.api.impl.AuthenticatedService] - FindBusiness with tModel bag filtering is enabled: true loaded from file:/C:/Users/hp/Desktop/UDDI/juddi-3.3.5_tomcat-7.0.82_9090/webapps/juddiv3/WEB-INF/classes/juddiv3.xml
2025-06-26 15:58:38,081 INFO [org.apache.juddi.api.impl.InquiryHelper] - FindBusiness by tModelBag is enabled! Loaded from file:/C:/Users/hp/Desktop/UDDI/juddi-3.3.5_tomcat-7.0.82_9090/webapps/juddiv3/WEB-INF/classes/juddiv3.xml
2025-06-26 15:58:38,123 INFO [org.apache.juddi.api.impl.AuthenticatedService] - FindBusiness with tModel bag filtering is enabled: true loaded from file:/C:/Users/hp/Desktop/UDDI/juddi-3.3.5_tomcat-7.0.82_9090/webapps/juddiv3/WEB-INF/classes/juddiv3.xml
2025-06-26 15:58:38,126 INFO [org.apache.juddi.api.impl.InquiryHelper] - FindBusiness by tModelBag is enabled! Loaded from file:/C:/Users/hp/Desktop/UDDI/juddi-3.3.5_tomcat-7.0.82_9090/webapps/juddiv3/WEB-INF/classes/juddiv3.xml
2025-06-26 15:59:05,316 INFO [org.apache.juddi.api.impl.AuthenticatedService] - FindBusiness with tModel bag filtering is enabled: true loaded from file:/C:/Users/hp/Desktop/UDDI/juddi-3.3.5_tomcat-7.0.82_9090/webapps/juddiv3/WEB-INF/classes/juddiv3.xml
2025-06-26 15:59:05,318 INFO [org.apache.juddi.api.impl.InquiryHelper] - FindBusiness by tModelBag is enabled! Loaded from file:/C:/Users/hp/Desktop/UDDI/juddi-3.3.5_tomcat-7.0.82_9090/webapps/juddiv3/WEB-INF/classes/juddiv3.xml
2025-06-26 15:59:05,359 INFO [org.apache.juddi.api.impl.AuthenticatedService] - FindBusiness with tModel bag filtering is enabled: true loaded from file:/C:/Users/hp/Desktop/UDDI/juddi-3.3.5_tomcat-7.0.82_9090/webapps/juddiv3/WEB-INF/classes/juddiv3.xml
2025-06-26 15:59:05,359 INFO [org.apache.juddi.api.impl.InquiryHelper] - FindBusiness by tModelBag is enabled! Loaded from file:/C:/Users/hp/Desktop/UDDI/juddi-3.3.5_tomcat-7.0.82_9090/webapps/juddiv3/WEB-INF/classes/juddiv3.xml
2025-06-26 15:59:05,418 INFO [org.apache.juddi.api.impl.AuthenticatedService] - FindBusiness with tModel bag filtering is enabled: true loaded from file:/C:/Users/hp/Desktop/UDDI/juddi-3.3.5_tomcat-7.0.82_9090/webapps/juddiv3/WEB-INF/classes/juddiv3.xml
2025-06-26 15:59:05,419 INFO [org.apache.juddi.api.impl.InquiryHelper] - FindBusiness by tModelBag is enabled! Loaded from file:/C:/Users/hp/Desktop/UDDI/juddi-3.3.5_tomcat-7.0.82_9090/webapps/juddiv3/WEB-INF/classes/juddiv3.xml
2025-06-26 15:59:05,459 INFO [org.apache.juddi.api.impl.AuthenticatedService] - FindBusiness with tModel bag filtering is enabled: true loaded from file:/C:/Users/hp/Desktop/UDDI/juddi-3.3.5_tomcat-7.0.82_9090/webapps/juddiv3/WEB-INF/classes/juddiv3.xml
2025-06-26 15:59:05,459 INFO [org.apache.juddi.api.impl.InquiryHelper] - FindBusiness by tModelBag is enabled! Loaded from file:/C:/Users/hp/Desktop/UDDI/juddi-3.3.5_tomcat-7.0.82_9090/webapps/juddiv3/WEB-INF/classes/juddiv3.xml
2025-06-26 15:59:05,523 INFO [org.apache.juddi.api.impl.AuthenticatedService] - FindBusiness with tModel bag filtering is enabled: true loaded from file:/C:/Users/hp/Desktop/UDDI/juddi-3.3.5_tomcat-7.0.82_9090/webapps/juddiv3/WEB-INF/classes/juddiv3.xml
2025-06-26 15:59:05,524 INFO [org.apache.juddi.api.impl.InquiryHelper] - FindBusiness by tModelBag is enabled! Loaded from file:/C:/Users/hp/Desktop/UDDI/juddi-3.3.5_tomcat-7.0.82_9090/webapps/juddiv3/WEB-INF/classes/juddiv3.xml
2025-06-26 15:59:05,575 INFO [org.apache.juddi.api.impl.AuthenticatedService] - FindBusiness with tModel bag filtering is enabled: true loaded from file:/C:/Users/hp/Desktop/UDDI/juddi-3.3.5_tomcat-7.0.82_9090/webapps/juddiv3/WEB-INF/classes/juddiv3.xml
2025-06-26 15:59:05,575 INFO [org.apache.juddi.api.impl.InquiryHelper] - FindBusiness by tModelBag is enabled! Loaded from file:/C:/Users/hp/Desktop/UDDI/juddi-3.3.5_tomcat-7.0.82_9090/webapps/juddiv3/WEB-INF/classes/juddiv3.xml
2025-06-26 15:59:05,625 INFO [org.apache.juddi.api.impl.AuthenticatedService] - FindBusiness with tModel bag filtering is enabled: true loaded from file:/C:/Users/hp/Desktop/UDDI/juddi-3.3.5_tomcat-7.0.82_9090/webapps/juddiv3/WEB-INF/classes/juddiv3.xml
2025-06-26 15:59:05,625 INFO [org.apache.juddi.api.impl.InquiryHelper] - FindBusiness by tModelBag is enabled! Loaded from file:/C:/Users/hp/Desktop/UDDI/juddi-3.3.5_tomcat-7.0.82_9090/webapps/juddiv3/WEB-INF/classes/juddiv3.xml
2025-06-26 15:59:05,659 INFO [org.apache.juddi.api.impl.AuthenticatedService] - FindBusiness with tModel bag filtering is enabled: true loaded from file:/C:/Users/hp/Desktop/UDDI/juddi-3.3.5_tomcat-7.0.82_9090/webapps/juddiv3/WEB-INF/classes/juddiv3.xml
2025-06-26 15:59:05,674 INFO [org.apache.juddi.api.impl.InquiryHelper] - FindBusiness by tModelBag is enabled! Loaded from file:/C:/Users/hp/Desktop/UDDI/juddi-3.3.5_tomcat-7.0.82_9090/webapps/juddiv3/WEB-INF/classes/juddiv3.xml
2025-06-26 15:59:05,795 INFO [org.apache.juddi.api.impl.AuthenticatedService] - FindBusiness with tModel bag filtering is enabled: true loaded from file:/C:/Users/hp/Desktop/UDDI/juddi-3.3.5_tomcat-7.0.82_9090/webapps/juddiv3/WEB-INF/classes/juddiv3.xml
2025-06-26 15:59:05,798 INFO [org.apache.juddi.api.impl.InquiryHelper] - FindBusiness by tModelBag is enabled! Loaded from file:/C:/Users/hp/Desktop/UDDI/juddi-3.3.5_tomcat-7.0.82_9090/webapps/juddiv3/WEB-INF/classes/juddiv3.xml
2025-06-26 15:59:06,018 INFO [org.apache.juddi.api.impl.AuthenticatedService] - FindBusiness with tModel bag filtering is enabled: true loaded from file:/C:/Users/hp/Desktop/UDDI/juddi-3.3.5_tomcat-7.0.82_9090/webapps/juddiv3/WEB-INF/classes/juddiv3.xml
2025-06-26 15:59:06,021 INFO [org.apache.juddi.api.impl.InquiryHelper] - FindBusiness by tModelBag is enabled! Loaded from file:/C:/Users/hp/Desktop/UDDI/juddi-3.3.5_tomcat-7.0.82_9090/webapps/juddiv3/WEB-INF/classes/juddiv3.xml
2025-06-26 15:59:14,972 INFO [org.apache.juddi.api.impl.AuthenticatedService] - FindBusiness with tModel bag filtering is enabled: true loaded from file:/C:/Users/hp/Desktop/UDDI/juddi-3.3.5_tomcat-7.0.82_9090/webapps/juddiv3/WEB-INF/classes/juddiv3.xml
2025-06-26 15:59:14,974 INFO [org.apache.juddi.api.impl.InquiryHelper] - FindBusiness by tModelBag is enabled! Loaded from file:/C:/Users/hp/Desktop/UDDI/juddi-3.3.5_tomcat-7.0.82_9090/webapps/juddiv3/WEB-INF/classes/juddiv3.xml
2025-06-26 15:59:15,028 INFO [org.apache.juddi.api.impl.AuthenticatedService] - FindBusiness with tModel bag filtering is enabled: true loaded from file:/C:/Users/hp/Desktop/UDDI/juddi-3.3.5_tomcat-7.0.82_9090/webapps/juddiv3/WEB-INF/classes/juddiv3.xml
2025-06-26 15:59:15,030 INFO [org.apache.juddi.api.impl.InquiryHelper] - FindBusiness by tModelBag is enabled! Loaded from file:/C:/Users/hp/Desktop/UDDI/juddi-3.3.5_tomcat-7.0.82_9090/webapps/juddiv3/WEB-INF/classes/juddiv3.xml
2025-06-26 15:59:15,097 INFO [org.apache.juddi.api.impl.AuthenticatedService] - FindBusiness with tModel bag filtering is enabled: true loaded from file:/C:/Users/hp/Desktop/UDDI/juddi-3.3.5_tomcat-7.0.82_9090/webapps/juddiv3/WEB-INF/classes/juddiv3.xml
2025-06-26 15:59:15,100 INFO [org.apache.juddi.api.impl.InquiryHelper] - FindBusiness by tModelBag is enabled! Loaded from file:/C:/Users/hp/Desktop/UDDI/juddi-3.3.5_tomcat-7.0.82_9090/webapps/juddiv3/WEB-INF/classes/juddiv3.xml
2025-06-26 15:59:15,156 INFO [org.apache.juddi.api.impl.AuthenticatedService] - FindBusiness with tModel bag filtering is enabled: true loaded from file:/C:/Users/hp/Desktop/UDDI/juddi-3.3.5_tomcat-7.0.82_9090/webapps/juddiv3/WEB-INF/classes/juddiv3.xml
2025-06-26 15:59:15,158 INFO [org.apache.juddi.api.impl.InquiryHelper] - FindBusiness by tModelBag is enabled! Loaded from file:/C:/Users/hp/Desktop/UDDI/juddi-3.3.5_tomcat-7.0.82_9090/webapps/juddiv3/WEB-INF/classes/juddiv3.xml
2025-06-26 15:59:15,225 INFO [org.apache.juddi.api.impl.AuthenticatedService] - FindBusiness with tModel bag filtering is enabled: true loaded from file:/C:/Users/hp/Desktop/UDDI/juddi-3.3.5_tomcat-7.0.82_9090/webapps/juddiv3/WEB-INF/classes/juddiv3.xml
2025-06-26 15:59:15,227 INFO [org.apache.juddi.api.impl.InquiryHelper] - FindBusiness by tModelBag is enabled! Loaded from file:/C:/Users/hp/Desktop/UDDI/juddi-3.3.5_tomcat-7.0.82_9090/webapps/juddiv3/WEB-INF/classes/juddiv3.xml
2025-06-26 15:59:15,293 INFO [org.apache.juddi.api.impl.AuthenticatedService] - FindBusiness with tModel bag filtering is enabled: true loaded from file:/C:/Users/hp/Desktop/UDDI/juddi-3.3.5_tomcat-7.0.82_9090/webapps/juddiv3/WEB-INF/classes/juddiv3.xml
2025-06-26 15:59:15,294 INFO [org.apache.juddi.api.impl.InquiryHelper] - FindBusiness by tModelBag is enabled! Loaded from file:/C:/Users/hp/Desktop/UDDI/juddi-3.3.5_tomcat-7.0.82_9090/webapps/juddiv3/WEB-INF/classes/juddiv3.xml
2025-06-26 15:59:15,346 INFO [org.apache.juddi.api.impl.AuthenticatedService] - FindBusiness with tModel bag filtering is enabled: true loaded from file:/C:/Users/hp/Desktop/UDDI/juddi-3.3.5_tomcat-7.0.82_9090/webapps/juddiv3/WEB-INF/classes/juddiv3.xml
2025-06-26 15:59:15,347 INFO [org.apache.juddi.api.impl.InquiryHelper] - FindBusiness by tModelBag is enabled! Loaded from file:/C:/Users/hp/Desktop/UDDI/juddi-3.3.5_tomcat-7.0.82_9090/webapps/juddiv3/WEB-INF/classes/juddiv3.xml
2025-06-26 15:59:15,441 INFO [org.apache.juddi.api.impl.AuthenticatedService] - FindBusiness with tModel bag filtering is enabled: true loaded from file:/C:/Users/hp/Desktop/UDDI/juddi-3.3.5_tomcat-7.0.82_9090/webapps/juddiv3/WEB-INF/classes/juddiv3.xml
2025-06-26 15:59:15,441 INFO [org.apache.juddi.api.impl.InquiryHelper] - FindBusiness by tModelBag is enabled! Loaded from file:/C:/Users/hp/Desktop/UDDI/juddi-3.3.5_tomcat-7.0.82_9090/webapps/juddiv3/WEB-INF/classes/juddiv3.xml
2025-06-26 15:59:15,688 INFO [org.apache.juddi.api.impl.AuthenticatedService] - FindBusiness with tModel bag filtering is enabled: true loaded from file:/C:/Users/hp/Desktop/UDDI/juddi-3.3.5_tomcat-7.0.82_9090/webapps/juddiv3/WEB-INF/classes/juddiv3.xml
2025-06-26 15:59:15,690 INFO [org.apache.juddi.api.impl.InquiryHelper] - FindBusiness by tModelBag is enabled! Loaded from file:/C:/Users/hp/Desktop/UDDI/juddi-3.3.5_tomcat-7.0.82_9090/webapps/juddiv3/WEB-INF/classes/juddiv3.xml
2025-06-26 15:59:15,883 INFO [org.apache.juddi.api.impl.AuthenticatedService] - FindBusiness with tModel bag filtering is enabled: true loaded from file:/C:/Users/hp/Desktop/UDDI/juddi-3.3.5_tomcat-7.0.82_9090/webapps/juddiv3/WEB-INF/classes/juddiv3.xml
2025-06-26 15:59:15,893 INFO [org.apache.juddi.api.impl.InquiryHelper] - FindBusiness by tModelBag is enabled! Loaded from file:/C:/Users/hp/Desktop/UDDI/juddi-3.3.5_tomcat-7.0.82_9090/webapps/juddiv3/WEB-INF/classes/juddiv3.xml
2025-06-26 15:59:21,462 INFO [org.apache.juddi.api.impl.AuthenticatedService] - FindBusiness with tModel bag filtering is enabled: true loaded from file:/C:/Users/hp/Desktop/UDDI/juddi-3.3.5_tomcat-7.0.82_9090/webapps/juddiv3/WEB-INF/classes/juddiv3.xml
2025-06-26 15:59:21,462 INFO [org.apache.juddi.api.impl.InquiryHelper] - FindBusiness by tModelBag is enabled! Loaded from file:/C:/Users/hp/Desktop/UDDI/juddi-3.3.5_tomcat-7.0.82_9090/webapps/juddiv3/WEB-INF/classes/juddiv3.xml
2025-06-26 15:59:21,512 INFO [org.apache.juddi.api.impl.AuthenticatedService] - FindBusiness with tModel bag filtering is enabled: true loaded from file:/C:/Users/hp/Desktop/UDDI/juddi-3.3.5_tomcat-7.0.82_9090/webapps/juddiv3/WEB-INF/classes/juddiv3.xml
2025-06-26 15:59:21,529 INFO [org.apache.juddi.api.impl.InquiryHelper] - FindBusiness by tModelBag is enabled! Loaded from file:/C:/Users/hp/Desktop/UDDI/juddi-3.3.5_tomcat-7.0.82_9090/webapps/juddiv3/WEB-INF/classes/juddiv3.xml
2025-06-26 15:59:21,595 INFO [org.apache.juddi.api.impl.AuthenticatedService] - FindBusiness with tModel bag filtering is enabled: true loaded from file:/C:/Users/hp/Desktop/UDDI/juddi-3.3.5_tomcat-7.0.82_9090/webapps/juddiv3/WEB-INF/classes/juddiv3.xml
2025-06-26 15:59:21,595 INFO [org.apache.juddi.api.impl.InquiryHelper] - FindBusiness by tModelBag is enabled! Loaded from file:/C:/Users/hp/Desktop/UDDI/juddi-3.3.5_tomcat-7.0.82_9090/webapps/juddiv3/WEB-INF/classes/juddiv3.xml
2025-06-26 15:59:21,646 INFO [org.apache.juddi.api.impl.AuthenticatedService] - FindBusiness with tModel bag filtering is enabled: true loaded from file:/C:/Users/hp/Desktop/UDDI/juddi-3.3.5_tomcat-7.0.82_9090/webapps/juddiv3/WEB-INF/classes/juddiv3.xml
2025-06-26 15:59:21,662 INFO [org.apache.juddi.api.impl.InquiryHelper] - FindBusiness by tModelBag is enabled! Loaded from file:/C:/Users/hp/Desktop/UDDI/juddi-3.3.5_tomcat-7.0.82_9090/webapps/juddiv3/WEB-INF/classes/juddiv3.xml
2025-06-26 15:59:21,726 INFO [org.apache.juddi.api.impl.AuthenticatedService] - FindBusiness with tModel bag filtering is enabled: true loaded from file:/C:/Users/hp/Desktop/UDDI/juddi-3.3.5_tomcat-7.0.82_9090/webapps/juddiv3/WEB-INF/classes/juddiv3.xml
2025-06-26 15:59:21,726 INFO [org.apache.juddi.api.impl.InquiryHelper] - FindBusiness by tModelBag is enabled! Loaded from file:/C:/Users/hp/Desktop/UDDI/juddi-3.3.5_tomcat-7.0.82_9090/webapps/juddiv3/WEB-INF/classes/juddiv3.xml
2025-06-26 15:59:21,778 INFO [org.apache.juddi.api.impl.AuthenticatedService] - FindBusiness with tModel bag filtering is enabled: true loaded from file:/C:/Users/hp/Desktop/UDDI/juddi-3.3.5_tomcat-7.0.82_9090/webapps/juddiv3/WEB-INF/classes/juddiv3.xml
2025-06-26 15:59:21,778 INFO [org.apache.juddi.api.impl.InquiryHelper] - FindBusiness by tModelBag is enabled! Loaded from file:/C:/Users/hp/Desktop/UDDI/juddi-3.3.5_tomcat-7.0.82_9090/webapps/juddiv3/WEB-INF/classes/juddiv3.xml
2025-06-26 15:59:21,844 INFO [org.apache.juddi.api.impl.AuthenticatedService] - FindBusiness with tModel bag filtering is enabled: true loaded from file:/C:/Users/hp/Desktop/UDDI/juddi-3.3.5_tomcat-7.0.82_9090/webapps/juddiv3/WEB-INF/classes/juddiv3.xml
2025-06-26 15:59:21,844 INFO [org.apache.juddi.api.impl.InquiryHelper] - FindBusiness by tModelBag is enabled! Loaded from file:/C:/Users/hp/Desktop/UDDI/juddi-3.3.5_tomcat-7.0.82_9090/webapps/juddiv3/WEB-INF/classes/juddiv3.xml
2025-06-26 15:59:21,909 INFO [org.apache.juddi.api.impl.AuthenticatedService] - FindBusiness with tModel bag filtering is enabled: true loaded from file:/C:/Users/hp/Desktop/UDDI/juddi-3.3.5_tomcat-7.0.82_9090/webapps/juddiv3/WEB-INF/classes/juddiv3.xml
2025-06-26 15:59:21,909 INFO [org.apache.juddi.api.impl.InquiryHelper] - FindBusiness by tModelBag is enabled! Loaded from file:/C:/Users/hp/Desktop/UDDI/juddi-3.3.5_tomcat-7.0.82_9090/webapps/juddiv3/WEB-INF/classes/juddiv3.xml
2025-06-26 15:59:21,962 INFO [org.apache.juddi.api.impl.AuthenticatedService] - FindBusiness with tModel bag filtering is enabled: true loaded from file:/C:/Users/hp/Desktop/UDDI/juddi-3.3.5_tomcat-7.0.82_9090/webapps/juddiv3/WEB-INF/classes/juddiv3.xml
2025-06-26 15:59:21,977 INFO [org.apache.juddi.api.impl.InquiryHelper] - FindBusiness by tModelBag is enabled! Loaded from file:/C:/Users/hp/Desktop/UDDI/juddi-3.3.5_tomcat-7.0.82_9090/webapps/juddiv3/WEB-INF/classes/juddiv3.xml
2025-06-26 15:59:22,043 INFO [org.apache.juddi.api.impl.AuthenticatedService] - FindBusiness with tModel bag filtering is enabled: true loaded from file:/C:/Users/hp/Desktop/UDDI/juddi-3.3.5_tomcat-7.0.82_9090/webapps/juddiv3/WEB-INF/classes/juddiv3.xml
2025-06-26 15:59:22,060 INFO [org.apache.juddi.api.impl.InquiryHelper] - FindBusiness by tModelBag is enabled! Loaded from file:/C:/Users/hp/Desktop/UDDI/juddi-3.3.5_tomcat-7.0.82_9090/webapps/juddiv3/WEB-INF/classes/juddiv3.xml
2025-06-26 16:00:17,840 INFO [org.apache.juddi.api.impl.AuthenticatedService] - FindBusiness with tModel bag filtering is enabled: true loaded from file:/C:/Users/hp/Desktop/UDDI/juddi-3.3.5_tomcat-7.0.82_9090/webapps/juddiv3/WEB-INF/classes/juddiv3.xml
2025-06-26 16:00:17,840 INFO [org.apache.juddi.api.impl.InquiryHelper] - FindBusiness by tModelBag is enabled! Loaded from file:/C:/Users/hp/Desktop/UDDI/juddi-3.3.5_tomcat-7.0.82_9090/webapps/juddiv3/WEB-INF/classes/juddiv3.xml
2025-06-26 16:00:17,892 INFO [org.apache.juddi.api.impl.AuthenticatedService] - FindBusiness with tModel bag filtering is enabled: true loaded from file:/C:/Users/hp/Desktop/UDDI/juddi-3.3.5_tomcat-7.0.82_9090/webapps/juddiv3/WEB-INF/classes/juddiv3.xml
2025-06-26 16:00:17,892 INFO [org.apache.juddi.api.impl.InquiryHelper] - FindBusiness by tModelBag is enabled! Loaded from file:/C:/Users/hp/Desktop/UDDI/juddi-3.3.5_tomcat-7.0.82_9090/webapps/juddiv3/WEB-INF/classes/juddiv3.xml
2025-06-26 16:00:17,959 INFO [org.apache.juddi.api.impl.AuthenticatedService] - FindBusiness with tModel bag filtering is enabled: true loaded from file:/C:/Users/hp/Desktop/UDDI/juddi-3.3.5_tomcat-7.0.82_9090/webapps/juddiv3/WEB-INF/classes/juddiv3.xml
2025-06-26 16:00:17,959 INFO [org.apache.juddi.api.impl.InquiryHelper] - FindBusiness by tModelBag is enabled! Loaded from file:/C:/Users/hp/Desktop/UDDI/juddi-3.3.5_tomcat-7.0.82_9090/webapps/juddiv3/WEB-INF/classes/juddiv3.xml
2025-06-26 16:00:18,040 INFO [org.apache.juddi.api.impl.AuthenticatedService] - FindBusiness with tModel bag filtering is enabled: true loaded from file:/C:/Users/hp/Desktop/UDDI/juddi-3.3.5_tomcat-7.0.82_9090/webapps/juddiv3/WEB-INF/classes/juddiv3.xml
2025-06-26 16:00:18,040 INFO [org.apache.juddi.api.impl.InquiryHelper] - FindBusiness by tModelBag is enabled! Loaded from file:/C:/Users/hp/Desktop/UDDI/juddi-3.3.5_tomcat-7.0.82_9090/webapps/juddiv3/WEB-INF/classes/juddiv3.xml
2025-06-26 16:00:18,111 INFO [org.apache.juddi.api.impl.AuthenticatedService] - FindBusiness with tModel bag filtering is enabled: true loaded from file:/C:/Users/hp/Desktop/UDDI/juddi-3.3.5_tomcat-7.0.82_9090/webapps/juddiv3/WEB-INF/classes/juddiv3.xml
2025-06-26 16:00:18,113 INFO [org.apache.juddi.api.impl.InquiryHelper] - FindBusiness by tModelBag is enabled! Loaded from file:/C:/Users/hp/Desktop/UDDI/juddi-3.3.5_tomcat-7.0.82_9090/webapps/juddiv3/WEB-INF/classes/juddiv3.xml
2025-06-26 16:00:18,160 INFO [org.apache.juddi.api.impl.AuthenticatedService] - FindBusiness with tModel bag filtering is enabled: true loaded from file:/C:/Users/hp/Desktop/UDDI/juddi-3.3.5_tomcat-7.0.82_9090/webapps/juddiv3/WEB-INF/classes/juddiv3.xml
2025-06-26 16:00:18,160 INFO [org.apache.juddi.api.impl.InquiryHelper] - FindBusiness by tModelBag is enabled! Loaded from file:/C:/Users/hp/Desktop/UDDI/juddi-3.3.5_tomcat-7.0.82_9090/webapps/juddiv3/WEB-INF/classes/juddiv3.xml
2025-06-26 16:00:18,223 INFO [org.apache.juddi.api.impl.AuthenticatedService] - FindBusiness with tModel bag filtering is enabled: true loaded from file:/C:/Users/hp/Desktop/UDDI/juddi-3.3.5_tomcat-7.0.82_9090/webapps/juddiv3/WEB-INF/classes/juddiv3.xml
2025-06-26 16:00:18,225 INFO [org.apache.juddi.api.impl.InquiryHelper] - FindBusiness by tModelBag is enabled! Loaded from file:/C:/Users/hp/Desktop/UDDI/juddi-3.3.5_tomcat-7.0.82_9090/webapps/juddiv3/WEB-INF/classes/juddiv3.xml
2025-06-26 16:00:18,275 INFO [org.apache.juddi.api.impl.AuthenticatedService] - FindBusiness with tModel bag filtering is enabled: true loaded from file:/C:/Users/hp/Desktop/UDDI/juddi-3.3.5_tomcat-7.0.82_9090/webapps/juddiv3/WEB-INF/classes/juddiv3.xml
2025-06-26 16:00:18,275 INFO [org.apache.juddi.api.impl.InquiryHelper] - FindBusiness by tModelBag is enabled! Loaded from file:/C:/Users/hp/Desktop/UDDI/juddi-3.3.5_tomcat-7.0.82_9090/webapps/juddiv3/WEB-INF/classes/juddiv3.xml
2025-06-26 16:00:18,326 INFO [org.apache.juddi.api.impl.AuthenticatedService] - FindBusiness with tModel bag filtering is enabled: true loaded from file:/C:/Users/hp/Desktop/UDDI/juddi-3.3.5_tomcat-7.0.82_9090/webapps/juddiv3/WEB-INF/classes/juddiv3.xml
2025-06-26 16:00:18,326 INFO [org.apache.juddi.api.impl.InquiryHelper] - FindBusiness by tModelBag is enabled! Loaded from file:/C:/Users/hp/Desktop/UDDI/juddi-3.3.5_tomcat-7.0.82_9090/webapps/juddiv3/WEB-INF/classes/juddiv3.xml
2025-06-26 16:00:18,376 INFO [org.apache.juddi.api.impl.AuthenticatedService] - FindBusiness with tModel bag filtering is enabled: true loaded from file:/C:/Users/hp/Desktop/UDDI/juddi-3.3.5_tomcat-7.0.82_9090/webapps/juddiv3/WEB-INF/classes/juddiv3.xml
2025-06-26 16:00:18,393 INFO [org.apache.juddi.api.impl.InquiryHelper] - FindBusiness by tModelBag is enabled! Loaded from file:/C:/Users/hp/Desktop/UDDI/juddi-3.3.5_tomcat-7.0.82_9090/webapps/juddiv3/WEB-INF/classes/juddiv3.xml
2025-06-26 16:00:34,762 INFO [org.apache.juddi.api.impl.AuthenticatedService] - FindBusiness with tModel bag filtering is enabled: true loaded from file:/C:/Users/hp/Desktop/UDDI/juddi-3.3.5_tomcat-7.0.82_9090/webapps/juddiv3/WEB-INF/classes/juddiv3.xml
2025-06-26 16:00:34,809 INFO [org.apache.juddi.api.impl.InquiryHelper] - FindBusiness by tModelBag is enabled! Loaded from file:/C:/Users/hp/Desktop/UDDI/juddi-3.3.5_tomcat-7.0.82_9090/webapps/juddiv3/WEB-INF/classes/juddiv3.xml
2025-06-26 16:00:34,861 INFO [org.apache.juddi.api.impl.AuthenticatedService] - FindBusiness with tModel bag filtering is enabled: true loaded from file:/C:/Users/hp/Desktop/UDDI/juddi-3.3.5_tomcat-7.0.82_9090/webapps/juddiv3/WEB-INF/classes/juddiv3.xml
2025-06-26 16:00:34,861 INFO [org.apache.juddi.api.impl.InquiryHelper] - FindBusiness by tModelBag is enabled! Loaded from file:/C:/Users/hp/Desktop/UDDI/juddi-3.3.5_tomcat-7.0.82_9090/webapps/juddiv3/WEB-INF/classes/juddiv3.xml
2025-06-26 16:00:34,945 INFO [org.apache.juddi.api.impl.AuthenticatedService] - FindBusiness with tModel bag filtering is enabled: true loaded from file:/C:/Users/hp/Desktop/UDDI/juddi-3.3.5_tomcat-7.0.82_9090/webapps/juddiv3/WEB-INF/classes/juddiv3.xml
2025-06-26 16:00:34,945 INFO [org.apache.juddi.api.impl.InquiryHelper] - FindBusiness by tModelBag is enabled! Loaded from file:/C:/Users/hp/Desktop/UDDI/juddi-3.3.5_tomcat-7.0.82_9090/webapps/juddiv3/WEB-INF/classes/juddiv3.xml
2025-06-26 16:00:35,029 INFO [org.apache.juddi.api.impl.AuthenticatedService] - FindBusiness with tModel bag filtering is enabled: true loaded from file:/C:/Users/hp/Desktop/UDDI/juddi-3.3.5_tomcat-7.0.82_9090/webapps/juddiv3/WEB-INF/classes/juddiv3.xml
2025-06-26 16:00:35,029 INFO [org.apache.juddi.api.impl.InquiryHelper] - FindBusiness by tModelBag is enabled! Loaded from file:/C:/Users/hp/Desktop/UDDI/juddi-3.3.5_tomcat-7.0.82_9090/webapps/juddiv3/WEB-INF/classes/juddiv3.xml
2025-06-26 16:00:35,096 INFO [org.apache.juddi.api.impl.AuthenticatedService] - FindBusiness with tModel bag filtering is enabled: true loaded from file:/C:/Users/hp/Desktop/UDDI/juddi-3.3.5_tomcat-7.0.82_9090/webapps/juddiv3/WEB-INF/classes/juddiv3.xml
2025-06-26 16:00:35,108 INFO [org.apache.juddi.api.impl.InquiryHelper] - FindBusiness by tModelBag is enabled! Loaded from file:/C:/Users/hp/Desktop/UDDI/juddi-3.3.5_tomcat-7.0.82_9090/webapps/juddiv3/WEB-INF/classes/juddiv3.xml
2025-06-26 16:00:35,193 INFO [org.apache.juddi.api.impl.AuthenticatedService] - FindBusiness with tModel bag filtering is enabled: true loaded from file:/C:/Users/hp/Desktop/UDDI/juddi-3.3.5_tomcat-7.0.82_9090/webapps/juddiv3/WEB-INF/classes/juddiv3.xml
2025-06-26 16:00:35,193 INFO [org.apache.juddi.api.impl.InquiryHelper] - FindBusiness by tModelBag is enabled! Loaded from file:/C:/Users/hp/Desktop/UDDI/juddi-3.3.5_tomcat-7.0.82_9090/webapps/juddiv3/WEB-INF/classes/juddiv3.xml
2025-06-26 16:00:35,260 INFO [org.apache.juddi.api.impl.AuthenticatedService] - FindBusiness with tModel bag filtering is enabled: true loaded from file:/C:/Users/hp/Desktop/UDDI/juddi-3.3.5_tomcat-7.0.82_9090/webapps/juddiv3/WEB-INF/classes/juddiv3.xml
2025-06-26 16:00:35,260 INFO [org.apache.juddi.api.impl.InquiryHelper] - FindBusiness by tModelBag is enabled! Loaded from file:/C:/Users/hp/Desktop/UDDI/juddi-3.3.5_tomcat-7.0.82_9090/webapps/juddiv3/WEB-INF/classes/juddiv3.xml
2025-06-26 16:00:35,326 INFO [org.apache.juddi.api.impl.AuthenticatedService] - FindBusiness with tModel bag filtering is enabled: true loaded from file:/C:/Users/hp/Desktop/UDDI/juddi-3.3.5_tomcat-7.0.82_9090/webapps/juddiv3/WEB-INF/classes/juddiv3.xml
2025-06-26 16:00:35,326 INFO [org.apache.juddi.api.impl.InquiryHelper] - FindBusiness by tModelBag is enabled! Loaded from file:/C:/Users/hp/Desktop/UDDI/juddi-3.3.5_tomcat-7.0.82_9090/webapps/juddiv3/WEB-INF/classes/juddiv3.xml
2025-06-26 16:00:35,393 INFO [org.apache.juddi.api.impl.AuthenticatedService] - FindBusiness with tModel bag filtering is enabled: true loaded from file:/C:/Users/hp/Desktop/UDDI/juddi-3.3.5_tomcat-7.0.82_9090/webapps/juddiv3/WEB-INF/classes/juddiv3.xml
2025-06-26 16:00:35,394 INFO [org.apache.juddi.api.impl.InquiryHelper] - FindBusiness by tModelBag is enabled! Loaded from file:/C:/Users/hp/Desktop/UDDI/juddi-3.3.5_tomcat-7.0.82_9090/webapps/juddiv3/WEB-INF/classes/juddiv3.xml
2025-06-26 16:00:35,448 INFO [org.apache.juddi.api.impl.AuthenticatedService] - FindBusiness with tModel bag filtering is enabled: true loaded from file:/C:/Users/hp/Desktop/UDDI/juddi-3.3.5_tomcat-7.0.82_9090/webapps/juddiv3/WEB-INF/classes/juddiv3.xml
2025-06-26 16:00:35,448 INFO [org.apache.juddi.api.impl.InquiryHelper] - FindBusiness by tModelBag is enabled! Loaded from file:/C:/Users/hp/Desktop/UDDI/juddi-3.3.5_tomcat-7.0.82_9090/webapps/juddiv3/WEB-INF/classes/juddiv3.xml
2025-06-26 16:41:28,723 INFO [org.apache.juddi.api.impl.AuthenticatedService] - FindBusiness with tModel bag filtering is enabled: true loaded from file:/C:/Users/hp/Desktop/UDDI/juddi-3.3.5_tomcat-7.0.82_9090/webapps/juddiv3/WEB-INF/classes/juddiv3.xml
2025-06-26 16:41:29,243 INFO [org.apache.juddi.api.impl.InquiryHelper] - FindBusiness by tModelBag is enabled! Loaded from file:/C:/Users/hp/Desktop/UDDI/juddi-3.3.5_tomcat-7.0.82_9090/webapps/juddiv3/WEB-INF/classes/juddiv3.xml
2025-06-26 16:41:30,692 INFO [org.apache.juddi.api.impl.AuthenticatedService] - FindBusiness with tModel bag filtering is enabled: true loaded from file:/C:/Users/hp/Desktop/UDDI/juddi-3.3.5_tomcat-7.0.82_9090/webapps/juddiv3/WEB-INF/classes/juddiv3.xml
2025-06-26 16:41:30,692 INFO [org.apache.juddi.api.impl.InquiryHelper] - FindBusiness by tModelBag is enabled! Loaded from file:/C:/Users/hp/Desktop/UDDI/juddi-3.3.5_tomcat-7.0.82_9090/webapps/juddiv3/WEB-INF/classes/juddiv3.xml
2025-06-26 16:41:31,294 INFO [org.apache.juddi.api.impl.AuthenticatedService] - FindBusiness with tModel bag filtering is enabled: true loaded from file:/C:/Users/hp/Desktop/UDDI/juddi-3.3.5_tomcat-7.0.82_9090/webapps/juddiv3/WEB-INF/classes/juddiv3.xml
2025-06-26 16:41:31,295 INFO [org.apache.juddi.api.impl.InquiryHelper] - FindBusiness by tModelBag is enabled! Loaded from file:/C:/Users/hp/Desktop/UDDI/juddi-3.3.5_tomcat-7.0.82_9090/webapps/juddiv3/WEB-INF/classes/juddiv3.xml
2025-06-26 16:41:31,626 INFO [org.apache.juddi.api.impl.AuthenticatedService] - FindBusiness with tModel bag filtering is enabled: true loaded from file:/C:/Users/hp/Desktop/UDDI/juddi-3.3.5_tomcat-7.0.82_9090/webapps/juddiv3/WEB-INF/classes/juddiv3.xml
2025-06-26 16:41:31,636 INFO [org.apache.juddi.api.impl.InquiryHelper] - FindBusiness by tModelBag is enabled! Loaded from file:/C:/Users/hp/Desktop/UDDI/juddi-3.3.5_tomcat-7.0.82_9090/webapps/juddiv3/WEB-INF/classes/juddiv3.xml
2025-06-26 16:41:31,845 INFO [org.apache.juddi.api.impl.AuthenticatedService] - FindBusiness with tModel bag filtering is enabled: true loaded from file:/C:/Users/hp/Desktop/UDDI/juddi-3.3.5_tomcat-7.0.82_9090/webapps/juddiv3/WEB-INF/classes/juddiv3.xml
2025-06-26 16:41:31,847 INFO [org.apache.juddi.api.impl.InquiryHelper] - FindBusiness by tModelBag is enabled! Loaded from file:/C:/Users/hp/Desktop/UDDI/juddi-3.3.5_tomcat-7.0.82_9090/webapps/juddiv3/WEB-INF/classes/juddiv3.xml
2025-06-26 16:41:32,006 INFO [org.apache.juddi.api.impl.AuthenticatedService] - FindBusiness with tModel bag filtering is enabled: true loaded from file:/C:/Users/hp/Desktop/UDDI/juddi-3.3.5_tomcat-7.0.82_9090/webapps/juddiv3/WEB-INF/classes/juddiv3.xml
2025-06-26 16:41:32,021 INFO [org.apache.juddi.api.impl.InquiryHelper] - FindBusiness by tModelBag is enabled! Loaded from file:/C:/Users/hp/Desktop/UDDI/juddi-3.3.5_tomcat-7.0.82_9090/webapps/juddiv3/WEB-INF/classes/juddiv3.xml
2025-06-26 16:41:32,499 INFO [org.apache.juddi.api.impl.AuthenticatedService] - FindBusiness with tModel bag filtering is enabled: true loaded from file:/C:/Users/hp/Desktop/UDDI/juddi-3.3.5_tomcat-7.0.82_9090/webapps/juddiv3/WEB-INF/classes/juddiv3.xml
2025-06-26 16:41:32,502 INFO [org.apache.juddi.api.impl.InquiryHelper] - FindBusiness by tModelBag is enabled! Loaded from file:/C:/Users/hp/Desktop/UDDI/juddi-3.3.5_tomcat-7.0.82_9090/webapps/juddiv3/WEB-INF/classes/juddiv3.xml
2025-06-26 16:41:32,765 INFO [org.apache.juddi.api.impl.AuthenticatedService] - FindBusiness with tModel bag filtering is enabled: true loaded from file:/C:/Users/hp/Desktop/UDDI/juddi-3.3.5_tomcat-7.0.82_9090/webapps/juddiv3/WEB-INF/classes/juddiv3.xml
2025-06-26 16:41:32,765 INFO [org.apache.juddi.api.impl.InquiryHelper] - FindBusiness by tModelBag is enabled! Loaded from file:/C:/Users/hp/Desktop/UDDI/juddi-3.3.5_tomcat-7.0.82_9090/webapps/juddiv3/WEB-INF/classes/juddiv3.xml
2025-06-26 16:41:33,012 INFO [org.apache.juddi.api.impl.AuthenticatedService] - FindBusiness with tModel bag filtering is enabled: true loaded from file:/C:/Users/hp/Desktop/UDDI/juddi-3.3.5_tomcat-7.0.82_9090/webapps/juddiv3/WEB-INF/classes/juddiv3.xml
2025-06-26 16:41:33,014 INFO [org.apache.juddi.api.impl.InquiryHelper] - FindBusiness by tModelBag is enabled! Loaded from file:/C:/Users/hp/Desktop/UDDI/juddi-3.3.5_tomcat-7.0.82_9090/webapps/juddiv3/WEB-INF/classes/juddiv3.xml
2025-06-26 16:41:33,335 INFO [org.apache.juddi.api.impl.AuthenticatedService] - FindBusiness with tModel bag filtering is enabled: true loaded from file:/C:/Users/hp/Desktop/UDDI/juddi-3.3.5_tomcat-7.0.82_9090/webapps/juddiv3/WEB-INF/classes/juddiv3.xml
2025-06-26 16:41:33,412 INFO [org.apache.juddi.api.impl.InquiryHelper] - FindBusiness by tModelBag is enabled! Loaded from file:/C:/Users/hp/Desktop/UDDI/juddi-3.3.5_tomcat-7.0.82_9090/webapps/juddiv3/WEB-INF/classes/juddiv3.xml
2025-06-26 16:42:51,750 INFO [org.apache.juddi.api.impl.AuthenticatedService] - FindBusiness with tModel bag filtering is enabled: true loaded from file:/C:/Users/hp/Desktop/UDDI/juddi-3.3.5_tomcat-7.0.82_9090/webapps/juddiv3/WEB-INF/classes/juddiv3.xml
2025-06-26 16:42:51,750 INFO [org.apache.juddi.api.impl.InquiryHelper] - FindBusiness by tModelBag is enabled! Loaded from file:/C:/Users/hp/Desktop/UDDI/juddi-3.3.5_tomcat-7.0.82_9090/webapps/juddiv3/WEB-INF/classes/juddiv3.xml
2025-06-26 16:42:52,069 INFO [org.apache.juddi.api.impl.AuthenticatedService] - FindBusiness with tModel bag filtering is enabled: true loaded from file:/C:/Users/hp/Desktop/UDDI/juddi-3.3.5_tomcat-7.0.82_9090/webapps/juddiv3/WEB-INF/classes/juddiv3.xml
2025-06-26 16:42:52,076 INFO [org.apache.juddi.api.impl.InquiryHelper] - FindBusiness by tModelBag is enabled! Loaded from file:/C:/Users/hp/Desktop/UDDI/juddi-3.3.5_tomcat-7.0.82_9090/webapps/juddiv3/WEB-INF/classes/juddiv3.xml
2025-06-26 16:42:52,431 INFO [org.apache.juddi.api.impl.AuthenticatedService] - FindBusiness with tModel bag filtering is enabled: true loaded from file:/C:/Users/hp/Desktop/UDDI/juddi-3.3.5_tomcat-7.0.82_9090/webapps/juddiv3/WEB-INF/classes/juddiv3.xml
2025-06-26 16:42:52,435 INFO [org.apache.juddi.api.impl.InquiryHelper] - FindBusiness by tModelBag is enabled! Loaded from file:/C:/Users/hp/Desktop/UDDI/juddi-3.3.5_tomcat-7.0.82_9090/webapps/juddiv3/WEB-INF/classes/juddiv3.xml
2025-06-26 16:42:52,677 INFO [org.apache.juddi.api.impl.AuthenticatedService] - FindBusiness with tModel bag filtering is enabled: true loaded from file:/C:/Users/hp/Desktop/UDDI/juddi-3.3.5_tomcat-7.0.82_9090/webapps/juddiv3/WEB-INF/classes/juddiv3.xml
2025-06-26 16:42:52,678 INFO [org.apache.juddi.api.impl.InquiryHelper] - FindBusiness by tModelBag is enabled! Loaded from file:/C:/Users/hp/Desktop/UDDI/juddi-3.3.5_tomcat-7.0.82_9090/webapps/juddiv3/WEB-INF/classes/juddiv3.xml
2025-06-26 16:42:52,929 INFO [org.apache.juddi.api.impl.AuthenticatedService] - FindBusiness with tModel bag filtering is enabled: true loaded from file:/C:/Users/hp/Desktop/UDDI/juddi-3.3.5_tomcat-7.0.82_9090/webapps/juddiv3/WEB-INF/classes/juddiv3.xml
2025-06-26 16:42:52,930 INFO [org.apache.juddi.api.impl.InquiryHelper] - FindBusiness by tModelBag is enabled! Loaded from file:/C:/Users/hp/Desktop/UDDI/juddi-3.3.5_tomcat-7.0.82_9090/webapps/juddiv3/WEB-INF/classes/juddiv3.xml
2025-06-26 16:42:53,159 INFO [org.apache.juddi.api.impl.AuthenticatedService] - FindBusiness with tModel bag filtering is enabled: true loaded from file:/C:/Users/hp/Desktop/UDDI/juddi-3.3.5_tomcat-7.0.82_9090/webapps/juddiv3/WEB-INF/classes/juddiv3.xml
2025-06-26 16:42:53,161 INFO [org.apache.juddi.api.impl.InquiryHelper] - FindBusiness by tModelBag is enabled! Loaded from file:/C:/Users/hp/Desktop/UDDI/juddi-3.3.5_tomcat-7.0.82_9090/webapps/juddiv3/WEB-INF/classes/juddiv3.xml
2025-06-26 16:42:53,755 INFO [org.apache.juddi.api.impl.AuthenticatedService] - FindBusiness with tModel bag filtering is enabled: true loaded from file:/C:/Users/hp/Desktop/UDDI/juddi-3.3.5_tomcat-7.0.82_9090/webapps/juddiv3/WEB-INF/classes/juddiv3.xml
2025-06-26 16:42:53,759 INFO [org.apache.juddi.api.impl.InquiryHelper] - FindBusiness by tModelBag is enabled! Loaded from file:/C:/Users/hp/Desktop/UDDI/juddi-3.3.5_tomcat-7.0.82_9090/webapps/juddiv3/WEB-INF/classes/juddiv3.xml
2025-06-26 16:42:54,059 INFO [org.apache.juddi.api.impl.AuthenticatedService] - FindBusiness with tModel bag filtering is enabled: true loaded from file:/C:/Users/hp/Desktop/UDDI/juddi-3.3.5_tomcat-7.0.82_9090/webapps/juddiv3/WEB-INF/classes/juddiv3.xml
2025-06-26 16:42:54,061 INFO [org.apache.juddi.api.impl.InquiryHelper] - FindBusiness by tModelBag is enabled! Loaded from file:/C:/Users/hp/Desktop/UDDI/juddi-3.3.5_tomcat-7.0.82_9090/webapps/juddiv3/WEB-INF/classes/juddiv3.xml
2025-06-26 16:42:55,666 INFO [org.apache.juddi.api.impl.AuthenticatedService] - FindBusiness with tModel bag filtering is enabled: true loaded from file:/C:/Users/hp/Desktop/UDDI/juddi-3.3.5_tomcat-7.0.82_9090/webapps/juddiv3/WEB-INF/classes/juddiv3.xml
2025-06-26 16:42:55,669 INFO [org.apache.juddi.api.impl.InquiryHelper] - FindBusiness by tModelBag is enabled! Loaded from file:/C:/Users/hp/Desktop/UDDI/juddi-3.3.5_tomcat-7.0.82_9090/webapps/juddiv3/WEB-INF/classes/juddiv3.xml
2025-06-26 16:42:57,867 INFO [org.apache.juddi.api.impl.AuthenticatedService] - FindBusiness with tModel bag filtering is enabled: true loaded from file:/C:/Users/hp/Desktop/UDDI/juddi-3.3.5_tomcat-7.0.82_9090/webapps/juddiv3/WEB-INF/classes/juddiv3.xml
2025-06-26 16:42:57,887 INFO [org.apache.juddi.api.impl.InquiryHelper] - FindBusiness by tModelBag is enabled! Loaded from file:/C:/Users/hp/Desktop/UDDI/juddi-3.3.5_tomcat-7.0.82_9090/webapps/juddiv3/WEB-INF/classes/juddiv3.xml
2025-06-26 16:44:32,092 INFO [org.apache.juddi.api.impl.AuthenticatedService] - FindBusiness with tModel bag filtering is enabled: true loaded from file:/C:/Users/hp/Desktop/UDDI/juddi-3.3.5_tomcat-7.0.82_9090/webapps/juddiv3/WEB-INF/classes/juddiv3.xml
2025-06-26 16:44:32,092 INFO [org.apache.juddi.api.impl.InquiryHelper] - FindBusiness by tModelBag is enabled! Loaded from file:/C:/Users/hp/Desktop/UDDI/juddi-3.3.5_tomcat-7.0.82_9090/webapps/juddiv3/WEB-INF/classes/juddiv3.xml
2025-06-26 16:44:32,307 INFO [org.apache.juddi.api.impl.AuthenticatedService] - FindBusiness with tModel bag filtering is enabled: true loaded from file:/C:/Users/hp/Desktop/UDDI/juddi-3.3.5_tomcat-7.0.82_9090/webapps/juddiv3/WEB-INF/classes/juddiv3.xml
2025-06-26 16:44:32,307 INFO [org.apache.juddi.api.impl.InquiryHelper] - FindBusiness by tModelBag is enabled! Loaded from file:/C:/Users/hp/Desktop/UDDI/juddi-3.3.5_tomcat-7.0.82_9090/webapps/juddiv3/WEB-INF/classes/juddiv3.xml
2025-06-26 16:44:32,500 INFO [org.apache.juddi.api.impl.AuthenticatedService] - FindBusiness with tModel bag filtering is enabled: true loaded from file:/C:/Users/hp/Desktop/UDDI/juddi-3.3.5_tomcat-7.0.82_9090/webapps/juddiv3/WEB-INF/classes/juddiv3.xml
2025-06-26 16:44:32,500 INFO [org.apache.juddi.api.impl.InquiryHelper] - FindBusiness by tModelBag is enabled! Loaded from file:/C:/Users/hp/Desktop/UDDI/juddi-3.3.5_tomcat-7.0.82_9090/webapps/juddiv3/WEB-INF/classes/juddiv3.xml
2025-06-26 16:44:32,621 INFO [org.apache.juddi.api.impl.AuthenticatedService] - FindBusiness with tModel bag filtering is enabled: true loaded from file:/C:/Users/hp/Desktop/UDDI/juddi-3.3.5_tomcat-7.0.82_9090/webapps/juddiv3/WEB-INF/classes/juddiv3.xml
2025-06-26 16:44:32,624 INFO [org.apache.juddi.api.impl.InquiryHelper] - FindBusiness by tModelBag is enabled! Loaded from file:/C:/Users/hp/Desktop/UDDI/juddi-3.3.5_tomcat-7.0.82_9090/webapps/juddiv3/WEB-INF/classes/juddiv3.xml
2025-06-26 16:44:32,863 INFO [org.apache.juddi.api.impl.AuthenticatedService] - FindBusiness with tModel bag filtering is enabled: true loaded from file:/C:/Users/hp/Desktop/UDDI/juddi-3.3.5_tomcat-7.0.82_9090/webapps/juddiv3/WEB-INF/classes/juddiv3.xml
2025-06-26 16:44:32,868 INFO [org.apache.juddi.api.impl.InquiryHelper] - FindBusiness by tModelBag is enabled! Loaded from file:/C:/Users/hp/Desktop/UDDI/juddi-3.3.5_tomcat-7.0.82_9090/webapps/juddiv3/WEB-INF/classes/juddiv3.xml
2025-06-26 16:44:33,374 INFO [org.apache.juddi.api.impl.AuthenticatedService] - FindBusiness with tModel bag filtering is enabled: true loaded from file:/C:/Users/hp/Desktop/UDDI/juddi-3.3.5_tomcat-7.0.82_9090/webapps/juddiv3/WEB-INF/classes/juddiv3.xml
2025-06-26 16:44:33,384 INFO [org.apache.juddi.api.impl.InquiryHelper] - FindBusiness by tModelBag is enabled! Loaded from file:/C:/Users/hp/Desktop/UDDI/juddi-3.3.5_tomcat-7.0.82_9090/webapps/juddiv3/WEB-INF/classes/juddiv3.xml
2025-06-26 16:44:33,621 INFO [org.apache.juddi.api.impl.AuthenticatedService] - FindBusiness with tModel bag filtering is enabled: true loaded from file:/C:/Users/hp/Desktop/UDDI/juddi-3.3.5_tomcat-7.0.82_9090/webapps/juddiv3/WEB-INF/classes/juddiv3.xml
2025-06-26 16:44:33,627 INFO [org.apache.juddi.api.impl.InquiryHelper] - FindBusiness by tModelBag is enabled! Loaded from file:/C:/Users/hp/Desktop/UDDI/juddi-3.3.5_tomcat-7.0.82_9090/webapps/juddiv3/WEB-INF/classes/juddiv3.xml
2025-06-26 16:44:33,889 INFO [org.apache.juddi.api.impl.AuthenticatedService] - FindBusiness with tModel bag filtering is enabled: true loaded from file:/C:/Users/hp/Desktop/UDDI/juddi-3.3.5_tomcat-7.0.82_9090/webapps/juddiv3/WEB-INF/classes/juddiv3.xml
2025-06-26 16:44:33,889 INFO [org.apache.juddi.api.impl.InquiryHelper] - FindBusiness by tModelBag is enabled! Loaded from file:/C:/Users/hp/Desktop/UDDI/juddi-3.3.5_tomcat-7.0.82_9090/webapps/juddiv3/WEB-INF/classes/juddiv3.xml
2025-06-26 16:44:34,060 INFO [org.apache.juddi.api.impl.AuthenticatedService] - FindBusiness with tModel bag filtering is enabled: true loaded from file:/C:/Users/hp/Desktop/UDDI/juddi-3.3.5_tomcat-7.0.82_9090/webapps/juddiv3/WEB-INF/classes/juddiv3.xml
2025-06-26 16:44:34,061 INFO [org.apache.juddi.api.impl.InquiryHelper] - FindBusiness by tModelBag is enabled! Loaded from file:/C:/Users/hp/Desktop/UDDI/juddi-3.3.5_tomcat-7.0.82_9090/webapps/juddiv3/WEB-INF/classes/juddiv3.xml
2025-06-26 16:44:34,424 INFO [org.apache.juddi.api.impl.AuthenticatedService] - FindBusiness with tModel bag filtering is enabled: true loaded from file:/C:/Users/hp/Desktop/UDDI/juddi-3.3.5_tomcat-7.0.82_9090/webapps/juddiv3/WEB-INF/classes/juddiv3.xml
2025-06-26 16:44:34,432 INFO [org.apache.juddi.api.impl.InquiryHelper] - FindBusiness by tModelBag is enabled! Loaded from file:/C:/Users/hp/Desktop/UDDI/juddi-3.3.5_tomcat-7.0.82_9090/webapps/juddiv3/WEB-INF/classes/juddiv3.xml
2025-06-26 16:45:19,644 INFO [org.apache.juddi.api.impl.AuthenticatedService] - FindBusiness with tModel bag filtering is enabled: true loaded from file:/C:/Users/hp/Desktop/UDDI/juddi-3.3.5_tomcat-7.0.82_9090/webapps/juddiv3/WEB-INF/classes/juddiv3.xml
2025-06-26 16:45:19,648 INFO [org.apache.juddi.api.impl.InquiryHelper] - FindBusiness by tModelBag is enabled! Loaded from file:/C:/Users/hp/Desktop/UDDI/juddi-3.3.5_tomcat-7.0.82_9090/webapps/juddiv3/WEB-INF/classes/juddiv3.xml
2025-06-26 16:45:20,023 INFO [org.apache.juddi.api.impl.AuthenticatedService] - FindBusiness with tModel bag filtering is enabled: true loaded from file:/C:/Users/hp/Desktop/UDDI/juddi-3.3.5_tomcat-7.0.82_9090/webapps/juddiv3/WEB-INF/classes/juddiv3.xml
2025-06-26 16:45:20,026 INFO [org.apache.juddi.api.impl.InquiryHelper] - FindBusiness by tModelBag is enabled! Loaded from file:/C:/Users/hp/Desktop/UDDI/juddi-3.3.5_tomcat-7.0.82_9090/webapps/juddiv3/WEB-INF/classes/juddiv3.xml
2025-06-26 16:45:20,873 INFO [org.apache.juddi.api.impl.AuthenticatedService] - FindBusiness with tModel bag filtering is enabled: true loaded from file:/C:/Users/hp/Desktop/UDDI/juddi-3.3.5_tomcat-7.0.82_9090/webapps/juddiv3/WEB-INF/classes/juddiv3.xml
2025-06-26 16:45:20,881 INFO [org.apache.juddi.api.impl.InquiryHelper] - FindBusiness by tModelBag is enabled! Loaded from file:/C:/Users/hp/Desktop/UDDI/juddi-3.3.5_tomcat-7.0.82_9090/webapps/juddiv3/WEB-INF/classes/juddiv3.xml
2025-06-26 16:45:21,611 INFO [org.apache.juddi.api.impl.AuthenticatedService] - FindBusiness with tModel bag filtering is enabled: true loaded from file:/C:/Users/hp/Desktop/UDDI/juddi-3.3.5_tomcat-7.0.82_9090/webapps/juddiv3/WEB-INF/classes/juddiv3.xml
2025-06-26 16:45:21,615 INFO [org.apache.juddi.api.impl.InquiryHelper] - FindBusiness by tModelBag is enabled! Loaded from file:/C:/Users/hp/Desktop/UDDI/juddi-3.3.5_tomcat-7.0.82_9090/webapps/juddiv3/WEB-INF/classes/juddiv3.xml
2025-06-26 16:45:22,309 INFO [org.apache.juddi.api.impl.AuthenticatedService] - FindBusiness with tModel bag filtering is enabled: true loaded from file:/C:/Users/hp/Desktop/UDDI/juddi-3.3.5_tomcat-7.0.82_9090/webapps/juddiv3/WEB-INF/classes/juddiv3.xml
2025-06-26 16:45:22,312 INFO [org.apache.juddi.api.impl.InquiryHelper] - FindBusiness by tModelBag is enabled! Loaded from file:/C:/Users/hp/Desktop/UDDI/juddi-3.3.5_tomcat-7.0.82_9090/webapps/juddiv3/WEB-INF/classes/juddiv3.xml
2025-06-26 16:45:22,823 INFO [org.apache.juddi.api.impl.AuthenticatedService] - FindBusiness with tModel bag filtering is enabled: true loaded from file:/C:/Users/hp/Desktop/UDDI/juddi-3.3.5_tomcat-7.0.82_9090/webapps/juddiv3/WEB-INF/classes/juddiv3.xml
2025-06-26 16:45:22,825 INFO [org.apache.juddi.api.impl.InquiryHelper] - FindBusiness by tModelBag is enabled! Loaded from file:/C:/Users/hp/Desktop/UDDI/juddi-3.3.5_tomcat-7.0.82_9090/webapps/juddiv3/WEB-INF/classes/juddiv3.xml
2025-06-26 16:45:23,280 INFO [org.apache.juddi.api.impl.AuthenticatedService] - FindBusiness with tModel bag filtering is enabled: true loaded from file:/C:/Users/hp/Desktop/UDDI/juddi-3.3.5_tomcat-7.0.82_9090/webapps/juddiv3/WEB-INF/classes/juddiv3.xml
2025-06-26 16:45:23,281 INFO [org.apache.juddi.api.impl.InquiryHelper] - FindBusiness by tModelBag is enabled! Loaded from file:/C:/Users/hp/Desktop/UDDI/juddi-3.3.5_tomcat-7.0.82_9090/webapps/juddiv3/WEB-INF/classes/juddiv3.xml
2025-06-26 16:45:23,714 INFO [org.apache.juddi.api.impl.AuthenticatedService] - FindBusiness with tModel bag filtering is enabled: true loaded from file:/C:/Users/hp/Desktop/UDDI/juddi-3.3.5_tomcat-7.0.82_9090/webapps/juddiv3/WEB-INF/classes/juddiv3.xml
2025-06-26 16:45:23,716 INFO [org.apache.juddi.api.impl.InquiryHelper] - FindBusiness by tModelBag is enabled! Loaded from file:/C:/Users/hp/Desktop/UDDI/juddi-3.3.5_tomcat-7.0.82_9090/webapps/juddiv3/WEB-INF/classes/juddiv3.xml
2025-06-26 16:45:27,251 INFO [org.apache.juddi.api.impl.AuthenticatedService] - FindBusiness with tModel bag filtering is enabled: true loaded from file:/C:/Users/hp/Desktop/UDDI/juddi-3.3.5_tomcat-7.0.82_9090/webapps/juddiv3/WEB-INF/classes/juddiv3.xml
2025-06-26 16:45:27,253 INFO [org.apache.juddi.api.impl.InquiryHelper] - FindBusiness by tModelBag is enabled! Loaded from file:/C:/Users/hp/Desktop/UDDI/juddi-3.3.5_tomcat-7.0.82_9090/webapps/juddiv3/WEB-INF/classes/juddiv3.xml
2025-06-26 16:45:27,949 INFO [org.apache.juddi.api.impl.AuthenticatedService] - FindBusiness with tModel bag filtering is enabled: true loaded from file:/C:/Users/hp/Desktop/UDDI/juddi-3.3.5_tomcat-7.0.82_9090/webapps/juddiv3/WEB-INF/classes/juddiv3.xml
2025-06-26 16:45:27,957 INFO [org.apache.juddi.api.impl.InquiryHelper] - FindBusiness by tModelBag is enabled! Loaded from file:/C:/Users/hp/Desktop/UDDI/juddi-3.3.5_tomcat-7.0.82_9090/webapps/juddiv3/WEB-INF/classes/juddiv3.xml
2025-06-26 16:46:06,537 INFO [org.apache.juddi.api.impl.AuthenticatedService] - FindBusiness with tModel bag filtering is enabled: true loaded from file:/C:/Users/hp/Desktop/UDDI/juddi-3.3.5_tomcat-7.0.82_9090/webapps/juddiv3/WEB-INF/classes/juddiv3.xml
2025-06-26 16:46:06,537 INFO [org.apache.juddi.api.impl.InquiryHelper] - FindBusiness by tModelBag is enabled! Loaded from file:/C:/Users/hp/Desktop/UDDI/juddi-3.3.5_tomcat-7.0.82_9090/webapps/juddiv3/WEB-INF/classes/juddiv3.xml
2025-06-26 16:46:06,939 INFO [org.apache.juddi.api.impl.AuthenticatedService] - FindBusiness with tModel bag filtering is enabled: true loaded from file:/C:/Users/hp/Desktop/UDDI/juddi-3.3.5_tomcat-7.0.82_9090/webapps/juddiv3/WEB-INF/classes/juddiv3.xml
2025-06-26 16:46:06,944 INFO [org.apache.juddi.api.impl.InquiryHelper] - FindBusiness by tModelBag is enabled! Loaded from file:/C:/Users/hp/Desktop/UDDI/juddi-3.3.5_tomcat-7.0.82_9090/webapps/juddiv3/WEB-INF/classes/juddiv3.xml
2025-06-26 16:46:07,178 INFO [org.apache.juddi.api.impl.AuthenticatedService] - FindBusiness with tModel bag filtering is enabled: true loaded from file:/C:/Users/hp/Desktop/UDDI/juddi-3.3.5_tomcat-7.0.82_9090/webapps/juddiv3/WEB-INF/classes/juddiv3.xml
2025-06-26 16:46:07,180 INFO [org.apache.juddi.api.impl.InquiryHelper] - FindBusiness by tModelBag is enabled! Loaded from file:/C:/Users/hp/Desktop/UDDI/juddi-3.3.5_tomcat-7.0.82_9090/webapps/juddiv3/WEB-INF/classes/juddiv3.xml
2025-06-26 16:46:07,531 INFO [org.apache.juddi.api.impl.AuthenticatedService] - FindBusiness with tModel bag filtering is enabled: true loaded from file:/C:/Users/hp/Desktop/UDDI/juddi-3.3.5_tomcat-7.0.82_9090/webapps/juddiv3/WEB-INF/classes/juddiv3.xml
2025-06-26 16:46:07,531 INFO [org.apache.juddi.api.impl.InquiryHelper] - FindBusiness by tModelBag is enabled! Loaded from file:/C:/Users/hp/Desktop/UDDI/juddi-3.3.5_tomcat-7.0.82_9090/webapps/juddiv3/WEB-INF/classes/juddiv3.xml
2025-06-26 16:46:07,866 INFO [org.apache.juddi.api.impl.AuthenticatedService] - FindBusiness with tModel bag filtering is enabled: true loaded from file:/C:/Users/hp/Desktop/UDDI/juddi-3.3.5_tomcat-7.0.82_9090/webapps/juddiv3/WEB-INF/classes/juddiv3.xml
2025-06-26 16:46:07,866 INFO [org.apache.juddi.api.impl.InquiryHelper] - FindBusiness by tModelBag is enabled! Loaded from file:/C:/Users/hp/Desktop/UDDI/juddi-3.3.5_tomcat-7.0.82_9090/webapps/juddiv3/WEB-INF/classes/juddiv3.xml
2025-06-26 16:46:08,056 INFO [org.apache.juddi.api.impl.AuthenticatedService] - FindBusiness with tModel bag filtering is enabled: true loaded from file:/C:/Users/hp/Desktop/UDDI/juddi-3.3.5_tomcat-7.0.82_9090/webapps/juddiv3/WEB-INF/classes/juddiv3.xml
2025-06-26 16:46:08,070 INFO [org.apache.juddi.api.impl.InquiryHelper] - FindBusiness by tModelBag is enabled! Loaded from file:/C:/Users/hp/Desktop/UDDI/juddi-3.3.5_tomcat-7.0.82_9090/webapps/juddiv3/WEB-INF/classes/juddiv3.xml
2025-06-26 16:46:08,451 INFO [org.apache.juddi.api.impl.AuthenticatedService] - FindBusiness with tModel bag filtering is enabled: true loaded from file:/C:/Users/hp/Desktop/UDDI/juddi-3.3.5_tomcat-7.0.82_9090/webapps/juddiv3/WEB-INF/classes/juddiv3.xml
2025-06-26 16:46:08,454 INFO [org.apache.juddi.api.impl.InquiryHelper] - FindBusiness by tModelBag is enabled! Loaded from file:/C:/Users/hp/Desktop/UDDI/juddi-3.3.5_tomcat-7.0.82_9090/webapps/juddiv3/WEB-INF/classes/juddiv3.xml
2025-06-26 16:46:08,861 INFO [org.apache.juddi.api.impl.AuthenticatedService] - FindBusiness with tModel bag filtering is enabled: true loaded from file:/C:/Users/hp/Desktop/UDDI/juddi-3.3.5_tomcat-7.0.82_9090/webapps/juddiv3/WEB-INF/classes/juddiv3.xml
2025-06-26 16:46:08,863 INFO [org.apache.juddi.api.impl.InquiryHelper] - FindBusiness by tModelBag is enabled! Loaded from file:/C:/Users/hp/Desktop/UDDI/juddi-3.3.5_tomcat-7.0.82_9090/webapps/juddiv3/WEB-INF/classes/juddiv3.xml
2025-06-26 16:46:09,475 INFO [org.apache.juddi.api.impl.AuthenticatedService] - FindBusiness with tModel bag filtering is enabled: true loaded from file:/C:/Users/hp/Desktop/UDDI/juddi-3.3.5_tomcat-7.0.82_9090/webapps/juddiv3/WEB-INF/classes/juddiv3.xml
2025-06-26 16:46:09,477 INFO [org.apache.juddi.api.impl.InquiryHelper] - FindBusiness by tModelBag is enabled! Loaded from file:/C:/Users/hp/Desktop/UDDI/juddi-3.3.5_tomcat-7.0.82_9090/webapps/juddiv3/WEB-INF/classes/juddiv3.xml
2025-06-26 16:46:09,881 INFO [org.apache.juddi.api.impl.AuthenticatedService] - FindBusiness with tModel bag filtering is enabled: true loaded from file:/C:/Users/hp/Desktop/UDDI/juddi-3.3.5_tomcat-7.0.82_9090/webapps/juddiv3/WEB-INF/classes/juddiv3.xml
2025-06-26 16:46:09,887 INFO [org.apache.juddi.api.impl.InquiryHelper] - FindBusiness by tModelBag is enabled! Loaded from file:/C:/Users/hp/Desktop/UDDI/juddi-3.3.5_tomcat-7.0.82_9090/webapps/juddiv3/WEB-INF/classes/juddiv3.xml
2025-06-26 16:46:35,804 INFO [org.apache.juddi.api.impl.AuthenticatedService] - FindBusiness with tModel bag filtering is enabled: true loaded from file:/C:/Users/hp/Desktop/UDDI/juddi-3.3.5_tomcat-7.0.82_9090/webapps/juddiv3/WEB-INF/classes/juddiv3.xml
2025-06-26 16:46:35,807 INFO [org.apache.juddi.api.impl.InquiryHelper] - FindBusiness by tModelBag is enabled! Loaded from file:/C:/Users/hp/Desktop/UDDI/juddi-3.3.5_tomcat-7.0.82_9090/webapps/juddiv3/WEB-INF/classes/juddiv3.xml
2025-06-26 16:46:36,044 INFO [org.apache.juddi.api.impl.AuthenticatedService] - FindBusiness with tModel bag filtering is enabled: true loaded from file:/C:/Users/hp/Desktop/UDDI/juddi-3.3.5_tomcat-7.0.82_9090/webapps/juddiv3/WEB-INF/classes/juddiv3.xml
2025-06-26 16:46:36,044 INFO [org.apache.juddi.api.impl.InquiryHelper] - FindBusiness by tModelBag is enabled! Loaded from file:/C:/Users/hp/Desktop/UDDI/juddi-3.3.5_tomcat-7.0.82_9090/webapps/juddiv3/WEB-INF/classes/juddiv3.xml
2025-06-26 16:46:36,262 INFO [org.apache.juddi.api.impl.AuthenticatedService] - FindBusiness with tModel bag filtering is enabled: true loaded from file:/C:/Users/hp/Desktop/UDDI/juddi-3.3.5_tomcat-7.0.82_9090/webapps/juddiv3/WEB-INF/classes/juddiv3.xml
2025-06-26 16:46:36,262 INFO [org.apache.juddi.api.impl.InquiryHelper] - FindBusiness by tModelBag is enabled! Loaded from file:/C:/Users/hp/Desktop/UDDI/juddi-3.3.5_tomcat-7.0.82_9090/webapps/juddiv3/WEB-INF/classes/juddiv3.xml
2025-06-26 16:46:36,512 INFO [org.apache.juddi.api.impl.AuthenticatedService] - FindBusiness with tModel bag filtering is enabled: true loaded from file:/C:/Users/hp/Desktop/UDDI/juddi-3.3.5_tomcat-7.0.82_9090/webapps/juddiv3/WEB-INF/classes/juddiv3.xml
2025-06-26 16:46:36,513 INFO [org.apache.juddi.api.impl.InquiryHelper] - FindBusiness by tModelBag is enabled! Loaded from file:/C:/Users/hp/Desktop/UDDI/juddi-3.3.5_tomcat-7.0.82_9090/webapps/juddiv3/WEB-INF/classes/juddiv3.xml
2025-06-26 16:46:36,788 INFO [org.apache.juddi.api.impl.AuthenticatedService] - FindBusiness with tModel bag filtering is enabled: true loaded from file:/C:/Users/hp/Desktop/UDDI/juddi-3.3.5_tomcat-7.0.82_9090/webapps/juddiv3/WEB-INF/classes/juddiv3.xml
2025-06-26 16:46:36,790 INFO [org.apache.juddi.api.impl.InquiryHelper] - FindBusiness by tModelBag is enabled! Loaded from file:/C:/Users/hp/Desktop/UDDI/juddi-3.3.5_tomcat-7.0.82_9090/webapps/juddiv3/WEB-INF/classes/juddiv3.xml
2025-06-26 16:46:37,174 INFO [org.apache.juddi.api.impl.AuthenticatedService] - FindBusiness with tModel bag filtering is enabled: true loaded from file:/C:/Users/hp/Desktop/UDDI/juddi-3.3.5_tomcat-7.0.82_9090/webapps/juddiv3/WEB-INF/classes/juddiv3.xml
2025-06-26 16:46:37,176 INFO [org.apache.juddi.api.impl.InquiryHelper] - FindBusiness by tModelBag is enabled! Loaded from file:/C:/Users/hp/Desktop/UDDI/juddi-3.3.5_tomcat-7.0.82_9090/webapps/juddiv3/WEB-INF/classes/juddiv3.xml
2025-06-26 16:46:37,589 INFO [org.apache.juddi.api.impl.AuthenticatedService] - FindBusiness with tModel bag filtering is enabled: true loaded from file:/C:/Users/hp/Desktop/UDDI/juddi-3.3.5_tomcat-7.0.82_9090/webapps/juddiv3/WEB-INF/classes/juddiv3.xml
2025-06-26 16:46:37,594 INFO [org.apache.juddi.api.impl.InquiryHelper] - FindBusiness by tModelBag is enabled! Loaded from file:/C:/Users/hp/Desktop/UDDI/juddi-3.3.5_tomcat-7.0.82_9090/webapps/juddiv3/WEB-INF/classes/juddiv3.xml
2025-06-26 16:46:37,966 INFO [org.apache.juddi.api.impl.AuthenticatedService] - FindBusiness with tModel bag filtering is enabled: true loaded from file:/C:/Users/hp/Desktop/UDDI/juddi-3.3.5_tomcat-7.0.82_9090/webapps/juddiv3/WEB-INF/classes/juddiv3.xml
2025-06-26 16:46:37,969 INFO [org.apache.juddi.api.impl.InquiryHelper] - FindBusiness by tModelBag is enabled! Loaded from file:/C:/Users/hp/Desktop/UDDI/juddi-3.3.5_tomcat-7.0.82_9090/webapps/juddiv3/WEB-INF/classes/juddiv3.xml
2025-06-26 16:46:38,261 INFO [org.apache.juddi.api.impl.AuthenticatedService] - FindBusiness with tModel bag filtering is enabled: true loaded from file:/C:/Users/hp/Desktop/UDDI/juddi-3.3.5_tomcat-7.0.82_9090/webapps/juddiv3/WEB-INF/classes/juddiv3.xml
2025-06-26 16:46:38,262 INFO [org.apache.juddi.api.impl.InquiryHelper] - FindBusiness by tModelBag is enabled! Loaded from file:/C:/Users/hp/Desktop/UDDI/juddi-3.3.5_tomcat-7.0.82_9090/webapps/juddiv3/WEB-INF/classes/juddiv3.xml
2025-06-26 16:46:38,849 INFO [org.apache.juddi.api.impl.AuthenticatedService] - FindBusiness with tModel bag filtering is enabled: true loaded from file:/C:/Users/hp/Desktop/UDDI/juddi-3.3.5_tomcat-7.0.82_9090/webapps/juddiv3/WEB-INF/classes/juddiv3.xml
2025-06-26 16:46:38,861 INFO [org.apache.juddi.api.impl.InquiryHelper] - FindBusiness by tModelBag is enabled! Loaded from file:/C:/Users/hp/Desktop/UDDI/juddi-3.3.5_tomcat-7.0.82_9090/webapps/juddiv3/WEB-INF/classes/juddiv3.xml
2025-06-26 16:47:42,049 INFO [org.apache.juddi.api.impl.AuthenticatedService] - FindBusiness with tModel bag filtering is enabled: true loaded from file:/C:/Users/hp/Desktop/UDDI/juddi-3.3.5_tomcat-7.0.82_9090/webapps/juddiv3/WEB-INF/classes/juddiv3.xml
2025-06-26 16:47:42,052 INFO [org.apache.juddi.api.impl.InquiryHelper] - FindBusiness by tModelBag is enabled! Loaded from file:/C:/Users/hp/Desktop/UDDI/juddi-3.3.5_tomcat-7.0.82_9090/webapps/juddiv3/WEB-INF/classes/juddiv3.xml
2025-06-26 16:47:42,371 INFO [org.apache.juddi.api.impl.AuthenticatedService] - FindBusiness with tModel bag filtering is enabled: true loaded from file:/C:/Users/hp/Desktop/UDDI/juddi-3.3.5_tomcat-7.0.82_9090/webapps/juddiv3/WEB-INF/classes/juddiv3.xml
2025-06-26 16:47:42,374 INFO [org.apache.juddi.api.impl.InquiryHelper] - FindBusiness by tModelBag is enabled! Loaded from file:/C:/Users/hp/Desktop/UDDI/juddi-3.3.5_tomcat-7.0.82_9090/webapps/juddiv3/WEB-INF/classes/juddiv3.xml
2025-06-26 16:47:42,863 INFO [org.apache.juddi.api.impl.AuthenticatedService] - FindBusiness with tModel bag filtering is enabled: true loaded from file:/C:/Users/hp/Desktop/UDDI/juddi-3.3.5_tomcat-7.0.82_9090/webapps/juddiv3/WEB-INF/classes/juddiv3.xml
2025-06-26 16:47:42,865 INFO [org.apache.juddi.api.impl.InquiryHelper] - FindBusiness by tModelBag is enabled! Loaded from file:/C:/Users/hp/Desktop/UDDI/juddi-3.3.5_tomcat-7.0.82_9090/webapps/juddiv3/WEB-INF/classes/juddiv3.xml
2025-06-26 16:47:43,162 INFO [org.apache.juddi.api.impl.AuthenticatedService] - FindBusiness with tModel bag filtering is enabled: true loaded from file:/C:/Users/hp/Desktop/UDDI/juddi-3.3.5_tomcat-7.0.82_9090/webapps/juddiv3/WEB-INF/classes/juddiv3.xml
2025-06-26 16:47:43,165 INFO [org.apache.juddi.api.impl.InquiryHelper] - FindBusiness by tModelBag is enabled! Loaded from file:/C:/Users/hp/Desktop/UDDI/juddi-3.3.5_tomcat-7.0.82_9090/webapps/juddiv3/WEB-INF/classes/juddiv3.xml
2025-06-26 16:47:43,661 INFO [org.apache.juddi.api.impl.AuthenticatedService] - FindBusiness with tModel bag filtering is enabled: true loaded from file:/C:/Users/hp/Desktop/UDDI/juddi-3.3.5_tomcat-7.0.82_9090/webapps/juddiv3/WEB-INF/classes/juddiv3.xml
2025-06-26 16:47:43,663 INFO [org.apache.juddi.api.impl.InquiryHelper] - FindBusiness by tModelBag is enabled! Loaded from file:/C:/Users/hp/Desktop/UDDI/juddi-3.3.5_tomcat-7.0.82_9090/webapps/juddiv3/WEB-INF/classes/juddiv3.xml
2025-06-26 16:47:44,328 INFO [org.apache.juddi.api.impl.AuthenticatedService] - FindBusiness with tModel bag filtering is enabled: true loaded from file:/C:/Users/hp/Desktop/UDDI/juddi-3.3.5_tomcat-7.0.82_9090/webapps/juddiv3/WEB-INF/classes/juddiv3.xml
2025-06-26 16:47:44,331 INFO [org.apache.juddi.api.impl.InquiryHelper] - FindBusiness by tModelBag is enabled! Loaded from file:/C:/Users/hp/Desktop/UDDI/juddi-3.3.5_tomcat-7.0.82_9090/webapps/juddiv3/WEB-INF/classes/juddiv3.xml
2025-06-26 16:47:44,936 INFO [org.apache.juddi.api.impl.AuthenticatedService] - FindBusiness with tModel bag filtering is enabled: true loaded from file:/C:/Users/hp/Desktop/UDDI/juddi-3.3.5_tomcat-7.0.82_9090/webapps/juddiv3/WEB-INF/classes/juddiv3.xml
2025-06-26 16:47:44,937 INFO [org.apache.juddi.api.impl.InquiryHelper] - FindBusiness by tModelBag is enabled! Loaded from file:/C:/Users/hp/Desktop/UDDI/juddi-3.3.5_tomcat-7.0.82_9090/webapps/juddiv3/WEB-INF/classes/juddiv3.xml
2025-06-26 16:47:45,733 INFO [org.apache.juddi.api.impl.AuthenticatedService] - FindBusiness with tModel bag filtering is enabled: true loaded from file:/C:/Users/hp/Desktop/UDDI/juddi-3.3.5_tomcat-7.0.82_9090/webapps/juddiv3/WEB-INF/classes/juddiv3.xml
2025-06-26 16:47:45,735 INFO [org.apache.juddi.api.impl.InquiryHelper] - FindBusiness by tModelBag is enabled! Loaded from file:/C:/Users/hp/Desktop/UDDI/juddi-3.3.5_tomcat-7.0.82_9090/webapps/juddiv3/WEB-INF/classes/juddiv3.xml
2025-06-26 16:47:46,252 INFO [org.apache.juddi.api.impl.AuthenticatedService] - FindBusiness with tModel bag filtering is enabled: true loaded from file:/C:/Users/hp/Desktop/UDDI/juddi-3.3.5_tomcat-7.0.82_9090/webapps/juddiv3/WEB-INF/classes/juddiv3.xml
2025-06-26 16:47:46,254 INFO [org.apache.juddi.api.impl.InquiryHelper] - FindBusiness by tModelBag is enabled! Loaded from file:/C:/Users/hp/Desktop/UDDI/juddi-3.3.5_tomcat-7.0.82_9090/webapps/juddiv3/WEB-INF/classes/juddiv3.xml
2025-06-26 16:47:46,555 INFO [org.apache.juddi.api.impl.AuthenticatedService] - FindBusiness with tModel bag filtering is enabled: true loaded from file:/C:/Users/hp/Desktop/UDDI/juddi-3.3.5_tomcat-7.0.82_9090/webapps/juddiv3/WEB-INF/classes/juddiv3.xml
2025-06-26 16:47:46,562 INFO [org.apache.juddi.api.impl.InquiryHelper] - FindBusiness by tModelBag is enabled! Loaded from file:/C:/Users/hp/Desktop/UDDI/juddi-3.3.5_tomcat-7.0.82_9090/webapps/juddiv3/WEB-INF/classes/juddiv3.xml
2025-06-26 16:48:31,219 INFO [org.apache.juddi.api.impl.AuthenticatedService] - FindBusiness with tModel bag filtering is enabled: true loaded from file:/C:/Users/hp/Desktop/UDDI/juddi-3.3.5_tomcat-7.0.82_9090/webapps/juddiv3/WEB-INF/classes/juddiv3.xml
2025-06-26 16:48:31,221 INFO [org.apache.juddi.api.impl.InquiryHelper] - FindBusiness by tModelBag is enabled! Loaded from file:/C:/Users/hp/Desktop/UDDI/juddi-3.3.5_tomcat-7.0.82_9090/webapps/juddiv3/WEB-INF/classes/juddiv3.xml
2025-06-26 16:48:31,591 INFO [org.apache.juddi.api.impl.AuthenticatedService] - FindBusiness with tModel bag filtering is enabled: true loaded from file:/C:/Users/hp/Desktop/UDDI/juddi-3.3.5_tomcat-7.0.82_9090/webapps/juddiv3/WEB-INF/classes/juddiv3.xml
2025-06-26 16:48:31,594 INFO [org.apache.juddi.api.impl.InquiryHelper] - FindBusiness by tModelBag is enabled! Loaded from file:/C:/Users/hp/Desktop/UDDI/juddi-3.3.5_tomcat-7.0.82_9090/webapps/juddiv3/WEB-INF/classes/juddiv3.xml
2025-06-26 16:48:31,872 INFO [org.apache.juddi.api.impl.AuthenticatedService] - FindBusiness with tModel bag filtering is enabled: true loaded from file:/C:/Users/hp/Desktop/UDDI/juddi-3.3.5_tomcat-7.0.82_9090/webapps/juddiv3/WEB-INF/classes/juddiv3.xml
2025-06-26 16:48:31,875 INFO [org.apache.juddi.api.impl.InquiryHelper] - FindBusiness by tModelBag is enabled! Loaded from file:/C:/Users/hp/Desktop/UDDI/juddi-3.3.5_tomcat-7.0.82_9090/webapps/juddiv3/WEB-INF/classes/juddiv3.xml
2025-06-26 16:48:32,350 INFO [org.apache.juddi.api.impl.AuthenticatedService] - FindBusiness with tModel bag filtering is enabled: true loaded from file:/C:/Users/hp/Desktop/UDDI/juddi-3.3.5_tomcat-7.0.82_9090/webapps/juddiv3/WEB-INF/classes/juddiv3.xml
2025-06-26 16:48:32,353 INFO [org.apache.juddi.api.impl.InquiryHelper] - FindBusiness by tModelBag is enabled! Loaded from file:/C:/Users/hp/Desktop/UDDI/juddi-3.3.5_tomcat-7.0.82_9090/webapps/juddiv3/WEB-INF/classes/juddiv3.xml
2025-06-26 16:48:32,924 INFO [org.apache.juddi.api.impl.AuthenticatedService] - FindBusiness with tModel bag filtering is enabled: true loaded from file:/C:/Users/hp/Desktop/UDDI/juddi-3.3.5_tomcat-7.0.82_9090/webapps/juddiv3/WEB-INF/classes/juddiv3.xml
2025-06-26 16:48:32,926 INFO [org.apache.juddi.api.impl.InquiryHelper] - FindBusiness by tModelBag is enabled! Loaded from file:/C:/Users/hp/Desktop/UDDI/juddi-3.3.5_tomcat-7.0.82_9090/webapps/juddiv3/WEB-INF/classes/juddiv3.xml
2025-06-26 16:48:33,436 INFO [org.apache.juddi.api.impl.AuthenticatedService] - FindBusiness with tModel bag filtering is enabled: true loaded from file:/C:/Users/hp/Desktop/UDDI/juddi-3.3.5_tomcat-7.0.82_9090/webapps/juddiv3/WEB-INF/classes/juddiv3.xml
2025-06-26 16:48:33,452 INFO [org.apache.juddi.api.impl.InquiryHelper] - FindBusiness by tModelBag is enabled! Loaded from file:/C:/Users/hp/Desktop/UDDI/juddi-3.3.5_tomcat-7.0.82_9090/webapps/juddiv3/WEB-INF/classes/juddiv3.xml
2025-06-26 16:48:34,051 INFO [org.apache.juddi.api.impl.AuthenticatedService] - FindBusiness with tModel bag filtering is enabled: true loaded from file:/C:/Users/hp/Desktop/UDDI/juddi-3.3.5_tomcat-7.0.82_9090/webapps/juddiv3/WEB-INF/classes/juddiv3.xml
2025-06-26 16:48:34,053 INFO [org.apache.juddi.api.impl.InquiryHelper] - FindBusiness by tModelBag is enabled! Loaded from file:/C:/Users/hp/Desktop/UDDI/juddi-3.3.5_tomcat-7.0.82_9090/webapps/juddiv3/WEB-INF/classes/juddiv3.xml
2025-06-26 16:48:34,995 INFO [org.apache.juddi.api.impl.AuthenticatedService] - FindBusiness with tModel bag filtering is enabled: true loaded from file:/C:/Users/hp/Desktop/UDDI/juddi-3.3.5_tomcat-7.0.82_9090/webapps/juddiv3/WEB-INF/classes/juddiv3.xml
2025-06-26 16:48:34,997 INFO [org.apache.juddi.api.impl.InquiryHelper] - FindBusiness by tModelBag is enabled! Loaded from file:/C:/Users/hp/Desktop/UDDI/juddi-3.3.5_tomcat-7.0.82_9090/webapps/juddiv3/WEB-INF/classes/juddiv3.xml
2025-06-26 16:48:35,584 INFO [org.apache.juddi.api.impl.AuthenticatedService] - FindBusiness with tModel bag filtering is enabled: true loaded from file:/C:/Users/hp/Desktop/UDDI/juddi-3.3.5_tomcat-7.0.82_9090/webapps/juddiv3/WEB-INF/classes/juddiv3.xml
2025-06-26 16:48:35,587 INFO [org.apache.juddi.api.impl.InquiryHelper] - FindBusiness by tModelBag is enabled! Loaded from file:/C:/Users/hp/Desktop/UDDI/juddi-3.3.5_tomcat-7.0.82_9090/webapps/juddiv3/WEB-INF/classes/juddiv3.xml
2025-06-26 16:48:36,024 INFO [org.apache.juddi.api.impl.AuthenticatedService] - FindBusiness with tModel bag filtering is enabled: true loaded from file:/C:/Users/hp/Desktop/UDDI/juddi-3.3.5_tomcat-7.0.82_9090/webapps/juddiv3/WEB-INF/classes/juddiv3.xml
2025-06-26 16:48:36,031 INFO [org.apache.juddi.api.impl.InquiryHelper] - FindBusiness by tModelBag is enabled! Loaded from file:/C:/Users/hp/Desktop/UDDI/juddi-3.3.5_tomcat-7.0.82_9090/webapps/juddiv3/WEB-INF/classes/juddiv3.xml
2025-06-26 16:49:17,923 INFO [org.apache.juddi.api.impl.AuthenticatedService] - FindBusiness with tModel bag filtering is enabled: true loaded from file:/C:/Users/hp/Desktop/UDDI/juddi-3.3.5_tomcat-7.0.82_9090/webapps/juddiv3/WEB-INF/classes/juddiv3.xml
2025-06-26 16:49:17,926 INFO [org.apache.juddi.api.impl.InquiryHelper] - FindBusiness by tModelBag is enabled! Loaded from file:/C:/Users/hp/Desktop/UDDI/juddi-3.3.5_tomcat-7.0.82_9090/webapps/juddiv3/WEB-INF/classes/juddiv3.xml
2025-06-26 16:49:18,159 INFO [org.apache.juddi.api.impl.AuthenticatedService] - FindBusiness with tModel bag filtering is enabled: true loaded from file:/C:/Users/hp/Desktop/UDDI/juddi-3.3.5_tomcat-7.0.82_9090/webapps/juddiv3/WEB-INF/classes/juddiv3.xml
2025-06-26 16:49:18,159 INFO [org.apache.juddi.api.impl.InquiryHelper] - FindBusiness by tModelBag is enabled! Loaded from file:/C:/Users/hp/Desktop/UDDI/juddi-3.3.5_tomcat-7.0.82_9090/webapps/juddiv3/WEB-INF/classes/juddiv3.xml
2025-06-26 16:49:18,317 INFO [org.apache.juddi.api.impl.AuthenticatedService] - FindBusiness with tModel bag filtering is enabled: true loaded from file:/C:/Users/hp/Desktop/UDDI/juddi-3.3.5_tomcat-7.0.82_9090/webapps/juddiv3/WEB-INF/classes/juddiv3.xml
2025-06-26 16:49:18,326 INFO [org.apache.juddi.api.impl.InquiryHelper] - FindBusiness by tModelBag is enabled! Loaded from file:/C:/Users/hp/Desktop/UDDI/juddi-3.3.5_tomcat-7.0.82_9090/webapps/juddiv3/WEB-INF/classes/juddiv3.xml
2025-06-26 16:49:18,551 INFO [org.apache.juddi.api.impl.AuthenticatedService] - FindBusiness with tModel bag filtering is enabled: true loaded from file:/C:/Users/hp/Desktop/UDDI/juddi-3.3.5_tomcat-7.0.82_9090/webapps/juddiv3/WEB-INF/classes/juddiv3.xml
2025-06-26 16:49:18,552 INFO [org.apache.juddi.api.impl.InquiryHelper] - FindBusiness by tModelBag is enabled! Loaded from file:/C:/Users/hp/Desktop/UDDI/juddi-3.3.5_tomcat-7.0.82_9090/webapps/juddiv3/WEB-INF/classes/juddiv3.xml
2025-06-26 16:49:18,836 INFO [org.apache.juddi.api.impl.AuthenticatedService] - FindBusiness with tModel bag filtering is enabled: true loaded from file:/C:/Users/hp/Desktop/UDDI/juddi-3.3.5_tomcat-7.0.82_9090/webapps/juddiv3/WEB-INF/classes/juddiv3.xml
2025-06-26 16:49:18,840 INFO [org.apache.juddi.api.impl.InquiryHelper] - FindBusiness by tModelBag is enabled! Loaded from file:/C:/Users/hp/Desktop/UDDI/juddi-3.3.5_tomcat-7.0.82_9090/webapps/juddiv3/WEB-INF/classes/juddiv3.xml
2025-06-26 16:49:19,113 INFO [org.apache.juddi.api.impl.AuthenticatedService] - FindBusiness with tModel bag filtering is enabled: true loaded from file:/C:/Users/hp/Desktop/UDDI/juddi-3.3.5_tomcat-7.0.82_9090/webapps/juddiv3/WEB-INF/classes/juddiv3.xml
2025-06-26 16:49:19,113 INFO [org.apache.juddi.api.impl.InquiryHelper] - FindBusiness by tModelBag is enabled! Loaded from file:/C:/Users/hp/Desktop/UDDI/juddi-3.3.5_tomcat-7.0.82_9090/webapps/juddiv3/WEB-INF/classes/juddiv3.xml
2025-06-26 16:49:19,514 INFO [org.apache.juddi.api.impl.AuthenticatedService] - FindBusiness with tModel bag filtering is enabled: true loaded from file:/C:/Users/hp/Desktop/UDDI/juddi-3.3.5_tomcat-7.0.82_9090/webapps/juddiv3/WEB-INF/classes/juddiv3.xml
2025-06-26 16:49:19,516 INFO [org.apache.juddi.api.impl.InquiryHelper] - FindBusiness by tModelBag is enabled! Loaded from file:/C:/Users/hp/Desktop/UDDI/juddi-3.3.5_tomcat-7.0.82_9090/webapps/juddiv3/WEB-INF/classes/juddiv3.xml
2025-06-26 16:49:19,743 INFO [org.apache.juddi.api.impl.AuthenticatedService] - FindBusiness with tModel bag filtering is enabled: true loaded from file:/C:/Users/hp/Desktop/UDDI/juddi-3.3.5_tomcat-7.0.82_9090/webapps/juddiv3/WEB-INF/classes/juddiv3.xml
2025-06-26 16:49:19,743 INFO [org.apache.juddi.api.impl.InquiryHelper] - FindBusiness by tModelBag is enabled! Loaded from file:/C:/Users/hp/Desktop/UDDI/juddi-3.3.5_tomcat-7.0.82_9090/webapps/juddiv3/WEB-INF/classes/juddiv3.xml
2025-06-26 16:49:19,962 INFO [org.apache.juddi.api.impl.AuthenticatedService] - FindBusiness with tModel bag filtering is enabled: true loaded from file:/C:/Users/hp/Desktop/UDDI/juddi-3.3.5_tomcat-7.0.82_9090/webapps/juddiv3/WEB-INF/classes/juddiv3.xml
2025-06-26 16:49:19,962 INFO [org.apache.juddi.api.impl.InquiryHelper] - FindBusiness by tModelBag is enabled! Loaded from file:/C:/Users/hp/Desktop/UDDI/juddi-3.3.5_tomcat-7.0.82_9090/webapps/juddiv3/WEB-INF/classes/juddiv3.xml
2025-06-26 16:49:20,208 INFO [org.apache.juddi.api.impl.AuthenticatedService] - FindBusiness with tModel bag filtering is enabled: true loaded from file:/C:/Users/hp/Desktop/UDDI/juddi-3.3.5_tomcat-7.0.82_9090/webapps/juddiv3/WEB-INF/classes/juddiv3.xml
2025-06-26 16:49:20,214 INFO [org.apache.juddi.api.impl.InquiryHelper] - FindBusiness by tModelBag is enabled! Loaded from file:/C:/Users/hp/Desktop/UDDI/juddi-3.3.5_tomcat-7.0.82_9090/webapps/juddiv3/WEB-INF/classes/juddiv3.xml
2025-06-26 16:50:15,949 INFO [org.apache.juddi.api.impl.AuthenticatedService] - FindBusiness with tModel bag filtering is enabled: true loaded from file:/C:/Users/hp/Desktop/UDDI/juddi-3.3.5_tomcat-7.0.82_9090/webapps/juddiv3/WEB-INF/classes/juddiv3.xml
2025-06-26 16:50:15,950 INFO [org.apache.juddi.api.impl.InquiryHelper] - FindBusiness by tModelBag is enabled! Loaded from file:/C:/Users/hp/Desktop/UDDI/juddi-3.3.5_tomcat-7.0.82_9090/webapps/juddiv3/WEB-INF/classes/juddiv3.xml
2025-06-26 16:50:16,336 INFO [org.apache.juddi.api.impl.AuthenticatedService] - FindBusiness with tModel bag filtering is enabled: true loaded from file:/C:/Users/hp/Desktop/UDDI/juddi-3.3.5_tomcat-7.0.82_9090/webapps/juddiv3/WEB-INF/classes/juddiv3.xml
2025-06-26 16:50:16,337 INFO [org.apache.juddi.api.impl.InquiryHelper] - FindBusiness by tModelBag is enabled! Loaded from file:/C:/Users/hp/Desktop/UDDI/juddi-3.3.5_tomcat-7.0.82_9090/webapps/juddiv3/WEB-INF/classes/juddiv3.xml
2025-06-26 16:50:16,747 INFO [org.apache.juddi.api.impl.AuthenticatedService] - FindBusiness with tModel bag filtering is enabled: true loaded from file:/C:/Users/hp/Desktop/UDDI/juddi-3.3.5_tomcat-7.0.82_9090/webapps/juddiv3/WEB-INF/classes/juddiv3.xml
2025-06-26 16:50:16,748 INFO [org.apache.juddi.api.impl.InquiryHelper] - FindBusiness by tModelBag is enabled! Loaded from file:/C:/Users/hp/Desktop/UDDI/juddi-3.3.5_tomcat-7.0.82_9090/webapps/juddiv3/WEB-INF/classes/juddiv3.xml
2025-06-26 16:50:17,177 INFO [org.apache.juddi.api.impl.AuthenticatedService] - FindBusiness with tModel bag filtering is enabled: true loaded from file:/C:/Users/hp/Desktop/UDDI/juddi-3.3.5_tomcat-7.0.82_9090/webapps/juddiv3/WEB-INF/classes/juddiv3.xml
2025-06-26 16:50:17,180 INFO [org.apache.juddi.api.impl.InquiryHelper] - FindBusiness by tModelBag is enabled! Loaded from file:/C:/Users/hp/Desktop/UDDI/juddi-3.3.5_tomcat-7.0.82_9090/webapps/juddiv3/WEB-INF/classes/juddiv3.xml
2025-06-26 16:50:17,574 INFO [org.apache.juddi.api.impl.AuthenticatedService] - FindBusiness with tModel bag filtering is enabled: true loaded from file:/C:/Users/hp/Desktop/UDDI/juddi-3.3.5_tomcat-7.0.82_9090/webapps/juddiv3/WEB-INF/classes/juddiv3.xml
2025-06-26 16:50:17,576 INFO [org.apache.juddi.api.impl.InquiryHelper] - FindBusiness by tModelBag is enabled! Loaded from file:/C:/Users/hp/Desktop/UDDI/juddi-3.3.5_tomcat-7.0.82_9090/webapps/juddiv3/WEB-INF/classes/juddiv3.xml
2025-06-26 16:50:17,879 INFO [org.apache.juddi.api.impl.AuthenticatedService] - FindBusiness with tModel bag filtering is enabled: true loaded from file:/C:/Users/hp/Desktop/UDDI/juddi-3.3.5_tomcat-7.0.82_9090/webapps/juddiv3/WEB-INF/classes/juddiv3.xml
2025-06-26 16:50:17,881 INFO [org.apache.juddi.api.impl.InquiryHelper] - FindBusiness by tModelBag is enabled! Loaded from file:/C:/Users/hp/Desktop/UDDI/juddi-3.3.5_tomcat-7.0.82_9090/webapps/juddiv3/WEB-INF/classes/juddiv3.xml
2025-06-26 16:50:18,380 INFO [org.apache.juddi.api.impl.AuthenticatedService] - FindBusiness with tModel bag filtering is enabled: true loaded from file:/C:/Users/hp/Desktop/UDDI/juddi-3.3.5_tomcat-7.0.82_9090/webapps/juddiv3/WEB-INF/classes/juddiv3.xml
2025-06-26 16:50:18,382 INFO [org.apache.juddi.api.impl.InquiryHelper] - FindBusiness by tModelBag is enabled! Loaded from file:/C:/Users/hp/Desktop/UDDI/juddi-3.3.5_tomcat-7.0.82_9090/webapps/juddiv3/WEB-INF/classes/juddiv3.xml
2025-06-26 16:50:18,781 INFO [org.apache.juddi.api.impl.AuthenticatedService] - FindBusiness with tModel bag filtering is enabled: true loaded from file:/C:/Users/hp/Desktop/UDDI/juddi-3.3.5_tomcat-7.0.82_9090/webapps/juddiv3/WEB-INF/classes/juddiv3.xml
2025-06-26 16:50:18,783 INFO [org.apache.juddi.api.impl.InquiryHelper] - FindBusiness by tModelBag is enabled! Loaded from file:/C:/Users/hp/Desktop/UDDI/juddi-3.3.5_tomcat-7.0.82_9090/webapps/juddiv3/WEB-INF/classes/juddiv3.xml
2025-06-26 16:50:19,203 INFO [org.apache.juddi.api.impl.AuthenticatedService] - FindBusiness with tModel bag filtering is enabled: true loaded from file:/C:/Users/hp/Desktop/UDDI/juddi-3.3.5_tomcat-7.0.82_9090/webapps/juddiv3/WEB-INF/classes/juddiv3.xml
2025-06-26 16:50:19,205 INFO [org.apache.juddi.api.impl.InquiryHelper] - FindBusiness by tModelBag is enabled! Loaded from file:/C:/Users/hp/Desktop/UDDI/juddi-3.3.5_tomcat-7.0.82_9090/webapps/juddiv3/WEB-INF/classes/juddiv3.xml
2025-06-26 16:50:19,988 INFO [org.apache.juddi.api.impl.AuthenticatedService] - FindBusiness with tModel bag filtering is enabled: true loaded from file:/C:/Users/hp/Desktop/UDDI/juddi-3.3.5_tomcat-7.0.82_9090/webapps/juddiv3/WEB-INF/classes/juddiv3.xml
2025-06-26 16:50:19,989 INFO [org.apache.juddi.api.impl.InquiryHelper] - FindBusiness by tModelBag is enabled! Loaded from file:/C:/Users/hp/Desktop/UDDI/juddi-3.3.5_tomcat-7.0.82_9090/webapps/juddiv3/WEB-INF/classes/juddiv3.xml
2025-06-26 16:51:51,618 INFO [org.apache.juddi.api.impl.AuthenticatedService] - FindBusiness with tModel bag filtering is enabled: true loaded from file:/C:/Users/hp/Desktop/UDDI/juddi-3.3.5_tomcat-7.0.82_9090/webapps/juddiv3/WEB-INF/classes/juddiv3.xml
2025-06-26 16:51:51,620 INFO [org.apache.juddi.api.impl.InquiryHelper] - FindBusiness by tModelBag is enabled! Loaded from file:/C:/Users/hp/Desktop/UDDI/juddi-3.3.5_tomcat-7.0.82_9090/webapps/juddiv3/WEB-INF/classes/juddiv3.xml
2025-06-26 16:51:51,995 INFO [org.apache.juddi.api.impl.AuthenticatedService] - FindBusiness with tModel bag filtering is enabled: true loaded from file:/C:/Users/hp/Desktop/UDDI/juddi-3.3.5_tomcat-7.0.82_9090/webapps/juddiv3/WEB-INF/classes/juddiv3.xml
2025-06-26 16:51:51,998 INFO [org.apache.juddi.api.impl.InquiryHelper] - FindBusiness by tModelBag is enabled! Loaded from file:/C:/Users/hp/Desktop/UDDI/juddi-3.3.5_tomcat-7.0.82_9090/webapps/juddiv3/WEB-INF/classes/juddiv3.xml
2025-06-26 16:51:52,341 INFO [org.apache.juddi.api.impl.AuthenticatedService] - FindBusiness with tModel bag filtering is enabled: true loaded from file:/C:/Users/hp/Desktop/UDDI/juddi-3.3.5_tomcat-7.0.82_9090/webapps/juddiv3/WEB-INF/classes/juddiv3.xml
2025-06-26 16:51:52,343 INFO [org.apache.juddi.api.impl.InquiryHelper] - FindBusiness by tModelBag is enabled! Loaded from file:/C:/Users/hp/Desktop/UDDI/juddi-3.3.5_tomcat-7.0.82_9090/webapps/juddiv3/WEB-INF/classes/juddiv3.xml
2025-06-26 16:51:52,585 INFO [org.apache.juddi.api.impl.AuthenticatedService] - FindBusiness with tModel bag filtering is enabled: true loaded from file:/C:/Users/hp/Desktop/UDDI/juddi-3.3.5_tomcat-7.0.82_9090/webapps/juddiv3/WEB-INF/classes/juddiv3.xml
2025-06-26 16:51:52,586 INFO [org.apache.juddi.api.impl.InquiryHelper] - FindBusiness by tModelBag is enabled! Loaded from file:/C:/Users/hp/Desktop/UDDI/juddi-3.3.5_tomcat-7.0.82_9090/webapps/juddiv3/WEB-INF/classes/juddiv3.xml
2025-06-26 16:51:52,790 INFO [org.apache.juddi.api.impl.AuthenticatedService] - FindBusiness with tModel bag filtering is enabled: true loaded from file:/C:/Users/hp/Desktop/UDDI/juddi-3.3.5_tomcat-7.0.82_9090/webapps/juddiv3/WEB-INF/classes/juddiv3.xml
2025-06-26 16:51:52,791 INFO [org.apache.juddi.api.impl.InquiryHelper] - FindBusiness by tModelBag is enabled! Loaded from file:/C:/Users/hp/Desktop/UDDI/juddi-3.3.5_tomcat-7.0.82_9090/webapps/juddiv3/WEB-INF/classes/juddiv3.xml
2025-06-26 16:51:52,920 INFO [org.apache.juddi.api.impl.AuthenticatedService] - FindBusiness with tModel bag filtering is enabled: true loaded from file:/C:/Users/hp/Desktop/UDDI/juddi-3.3.5_tomcat-7.0.82_9090/webapps/juddiv3/WEB-INF/classes/juddiv3.xml
2025-06-26 16:51:52,921 INFO [org.apache.juddi.api.impl.InquiryHelper] - FindBusiness by tModelBag is enabled! Loaded from file:/C:/Users/hp/Desktop/UDDI/juddi-3.3.5_tomcat-7.0.82_9090/webapps/juddiv3/WEB-INF/classes/juddiv3.xml
2025-06-26 16:51:53,114 INFO [org.apache.juddi.api.impl.AuthenticatedService] - FindBusiness with tModel bag filtering is enabled: true loaded from file:/C:/Users/hp/Desktop/UDDI/juddi-3.3.5_tomcat-7.0.82_9090/webapps/juddiv3/WEB-INF/classes/juddiv3.xml
2025-06-26 16:51:53,117 INFO [org.apache.juddi.api.impl.InquiryHelper] - FindBusiness by tModelBag is enabled! Loaded from file:/C:/Users/hp/Desktop/UDDI/juddi-3.3.5_tomcat-7.0.82_9090/webapps/juddiv3/WEB-INF/classes/juddiv3.xml
2025-06-26 16:51:53,339 INFO [org.apache.juddi.api.impl.AuthenticatedService] - FindBusiness with tModel bag filtering is enabled: true loaded from file:/C:/Users/hp/Desktop/UDDI/juddi-3.3.5_tomcat-7.0.82_9090/webapps/juddiv3/WEB-INF/classes/juddiv3.xml
2025-06-26 16:51:53,341 INFO [org.apache.juddi.api.impl.InquiryHelper] - FindBusiness by tModelBag is enabled! Loaded from file:/C:/Users/hp/Desktop/UDDI/juddi-3.3.5_tomcat-7.0.82_9090/webapps/juddiv3/WEB-INF/classes/juddiv3.xml
2025-06-26 16:51:53,572 INFO [org.apache.juddi.api.impl.AuthenticatedService] - FindBusiness with tModel bag filtering is enabled: true loaded from file:/C:/Users/hp/Desktop/UDDI/juddi-3.3.5_tomcat-7.0.82_9090/webapps/juddiv3/WEB-INF/classes/juddiv3.xml
2025-06-26 16:51:53,574 INFO [org.apache.juddi.api.impl.InquiryHelper] - FindBusiness by tModelBag is enabled! Loaded from file:/C:/Users/hp/Desktop/UDDI/juddi-3.3.5_tomcat-7.0.82_9090/webapps/juddiv3/WEB-INF/classes/juddiv3.xml
2025-06-26 16:51:53,855 INFO [org.apache.juddi.api.impl.AuthenticatedService] - FindBusiness with tModel bag filtering is enabled: true loaded from file:/C:/Users/hp/Desktop/UDDI/juddi-3.3.5_tomcat-7.0.82_9090/webapps/juddiv3/WEB-INF/classes/juddiv3.xml
2025-06-26 16:51:53,861 INFO [org.apache.juddi.api.impl.InquiryHelper] - FindBusiness by tModelBag is enabled! Loaded from file:/C:/Users/hp/Desktop/UDDI/juddi-3.3.5_tomcat-7.0.82_9090/webapps/juddiv3/WEB-INF/classes/juddiv3.xml
2025-06-26 16:53:14,702 INFO [org.apache.juddi.api.impl.AuthenticatedService] - FindBusiness with tModel bag filtering is enabled: true loaded from file:/C:/Users/hp/Desktop/UDDI/juddi-3.3.5_tomcat-7.0.82_9090/webapps/juddiv3/WEB-INF/classes/juddiv3.xml
2025-06-26 16:53:14,705 INFO [org.apache.juddi.api.impl.InquiryHelper] - FindBusiness by tModelBag is enabled! Loaded from file:/C:/Users/hp/Desktop/UDDI/juddi-3.3.5_tomcat-7.0.82_9090/webapps/juddiv3/WEB-INF/classes/juddiv3.xml
2025-06-26 16:53:14,985 INFO [org.apache.juddi.api.impl.AuthenticatedService] - FindBusiness with tModel bag filtering is enabled: true loaded from file:/C:/Users/hp/Desktop/UDDI/juddi-3.3.5_tomcat-7.0.82_9090/webapps/juddiv3/WEB-INF/classes/juddiv3.xml
2025-06-26 16:53:14,991 INFO [org.apache.juddi.api.impl.InquiryHelper] - FindBusiness by tModelBag is enabled! Loaded from file:/C:/Users/hp/Desktop/UDDI/juddi-3.3.5_tomcat-7.0.82_9090/webapps/juddiv3/WEB-INF/classes/juddiv3.xml
2025-06-26 16:53:15,406 INFO [org.apache.juddi.api.impl.AuthenticatedService] - FindBusiness with tModel bag filtering is enabled: true loaded from file:/C:/Users/hp/Desktop/UDDI/juddi-3.3.5_tomcat-7.0.82_9090/webapps/juddiv3/WEB-INF/classes/juddiv3.xml
2025-06-26 16:53:15,407 INFO [org.apache.juddi.api.impl.InquiryHelper] - FindBusiness by tModelBag is enabled! Loaded from file:/C:/Users/hp/Desktop/UDDI/juddi-3.3.5_tomcat-7.0.82_9090/webapps/juddiv3/WEB-INF/classes/juddiv3.xml
2025-06-26 16:53:15,855 INFO [org.apache.juddi.api.impl.AuthenticatedService] - FindBusiness with tModel bag filtering is enabled: true loaded from file:/C:/Users/hp/Desktop/UDDI/juddi-3.3.5_tomcat-7.0.82_9090/webapps/juddiv3/WEB-INF/classes/juddiv3.xml
2025-06-26 16:53:15,858 INFO [org.apache.juddi.api.impl.InquiryHelper] - FindBusiness by tModelBag is enabled! Loaded from file:/C:/Users/hp/Desktop/UDDI/juddi-3.3.5_tomcat-7.0.82_9090/webapps/juddiv3/WEB-INF/classes/juddiv3.xml
2025-06-26 16:53:16,266 INFO [org.apache.juddi.api.impl.AuthenticatedService] - FindBusiness with tModel bag filtering is enabled: true loaded from file:/C:/Users/hp/Desktop/UDDI/juddi-3.3.5_tomcat-7.0.82_9090/webapps/juddiv3/WEB-INF/classes/juddiv3.xml
2025-06-26 16:53:16,267 INFO [org.apache.juddi.api.impl.InquiryHelper] - FindBusiness by tModelBag is enabled! Loaded from file:/C:/Users/hp/Desktop/UDDI/juddi-3.3.5_tomcat-7.0.82_9090/webapps/juddiv3/WEB-INF/classes/juddiv3.xml
2025-06-26 16:53:16,623 INFO [org.apache.juddi.api.impl.AuthenticatedService] - FindBusiness with tModel bag filtering is enabled: true loaded from file:/C:/Users/hp/Desktop/UDDI/juddi-3.3.5_tomcat-7.0.82_9090/webapps/juddiv3/WEB-INF/classes/juddiv3.xml
2025-06-26 16:53:16,640 INFO [org.apache.juddi.api.impl.InquiryHelper] - FindBusiness by tModelBag is enabled! Loaded from file:/C:/Users/hp/Desktop/UDDI/juddi-3.3.5_tomcat-7.0.82_9090/webapps/juddiv3/WEB-INF/classes/juddiv3.xml
2025-06-26 16:53:16,988 INFO [org.apache.juddi.api.impl.AuthenticatedService] - FindBusiness with tModel bag filtering is enabled: true loaded from file:/C:/Users/hp/Desktop/UDDI/juddi-3.3.5_tomcat-7.0.82_9090/webapps/juddiv3/WEB-INF/classes/juddiv3.xml
2025-06-26 16:53:16,990 INFO [org.apache.juddi.api.impl.InquiryHelper] - FindBusiness by tModelBag is enabled! Loaded from file:/C:/Users/hp/Desktop/UDDI/juddi-3.3.5_tomcat-7.0.82_9090/webapps/juddiv3/WEB-INF/classes/juddiv3.xml
2025-06-26 16:53:17,258 INFO [org.apache.juddi.api.impl.AuthenticatedService] - FindBusiness with tModel bag filtering is enabled: true loaded from file:/C:/Users/hp/Desktop/UDDI/juddi-3.3.5_tomcat-7.0.82_9090/webapps/juddiv3/WEB-INF/classes/juddiv3.xml
2025-06-26 16:53:17,260 INFO [org.apache.juddi.api.impl.InquiryHelper] - FindBusiness by tModelBag is enabled! Loaded from file:/C:/Users/hp/Desktop/UDDI/juddi-3.3.5_tomcat-7.0.82_9090/webapps/juddiv3/WEB-INF/classes/juddiv3.xml
2025-06-26 16:53:17,522 INFO [org.apache.juddi.api.impl.AuthenticatedService] - FindBusiness with tModel bag filtering is enabled: true loaded from file:/C:/Users/hp/Desktop/UDDI/juddi-3.3.5_tomcat-7.0.82_9090/webapps/juddiv3/WEB-INF/classes/juddiv3.xml
2025-06-26 16:53:17,525 INFO [org.apache.juddi.api.impl.InquiryHelper] - FindBusiness by tModelBag is enabled! Loaded from file:/C:/Users/hp/Desktop/UDDI/juddi-3.3.5_tomcat-7.0.82_9090/webapps/juddiv3/WEB-INF/classes/juddiv3.xml
2025-06-26 16:53:17,871 INFO [org.apache.juddi.api.impl.AuthenticatedService] - FindBusiness with tModel bag filtering is enabled: true loaded from file:/C:/Users/hp/Desktop/UDDI/juddi-3.3.5_tomcat-7.0.82_9090/webapps/juddiv3/WEB-INF/classes/juddiv3.xml
2025-06-26 16:53:18,456 INFO [org.apache.juddi.api.impl.InquiryHelper] - FindBusiness by tModelBag is enabled! Loaded from file:/C:/Users/hp/Desktop/UDDI/juddi-3.3.5_tomcat-7.0.82_9090/webapps/juddiv3/WEB-INF/classes/juddiv3.xml
2025-06-26 16:53:40,926 INFO [org.apache.juddi.api.impl.AuthenticatedService] - FindBusiness with tModel bag filtering is enabled: true loaded from file:/C:/Users/hp/Desktop/UDDI/juddi-3.3.5_tomcat-7.0.82_9090/webapps/juddiv3/WEB-INF/classes/juddiv3.xml
2025-06-26 16:53:40,930 INFO [org.apache.juddi.api.impl.InquiryHelper] - FindBusiness by tModelBag is enabled! Loaded from file:/C:/Users/hp/Desktop/UDDI/juddi-3.3.5_tomcat-7.0.82_9090/webapps/juddiv3/WEB-INF/classes/juddiv3.xml
2025-06-26 16:53:41,167 INFO [org.apache.juddi.api.impl.AuthenticatedService] - FindBusiness with tModel bag filtering is enabled: true loaded from file:/C:/Users/hp/Desktop/UDDI/juddi-3.3.5_tomcat-7.0.82_9090/webapps/juddiv3/WEB-INF/classes/juddiv3.xml
2025-06-26 16:53:41,172 INFO [org.apache.juddi.api.impl.InquiryHelper] - FindBusiness by tModelBag is enabled! Loaded from file:/C:/Users/hp/Desktop/UDDI/juddi-3.3.5_tomcat-7.0.82_9090/webapps/juddiv3/WEB-INF/classes/juddiv3.xml
2025-06-26 16:53:41,437 INFO [org.apache.juddi.api.impl.AuthenticatedService] - FindBusiness with tModel bag filtering is enabled: true loaded from file:/C:/Users/hp/Desktop/UDDI/juddi-3.3.5_tomcat-7.0.82_9090/webapps/juddiv3/WEB-INF/classes/juddiv3.xml
2025-06-26 16:53:41,438 INFO [org.apache.juddi.api.impl.InquiryHelper] - FindBusiness by tModelBag is enabled! Loaded from file:/C:/Users/hp/Desktop/UDDI/juddi-3.3.5_tomcat-7.0.82_9090/webapps/juddiv3/WEB-INF/classes/juddiv3.xml
2025-06-26 16:53:41,736 INFO [org.apache.juddi.api.impl.AuthenticatedService] - FindBusiness with tModel bag filtering is enabled: true loaded from file:/C:/Users/hp/Desktop/UDDI/juddi-3.3.5_tomcat-7.0.82_9090/webapps/juddiv3/WEB-INF/classes/juddiv3.xml
2025-06-26 16:53:41,736 INFO [org.apache.juddi.api.impl.InquiryHelper] - FindBusiness by tModelBag is enabled! Loaded from file:/C:/Users/hp/Desktop/UDDI/juddi-3.3.5_tomcat-7.0.82_9090/webapps/juddiv3/WEB-INF/classes/juddiv3.xml
2025-06-26 16:53:41,982 INFO [org.apache.juddi.api.impl.AuthenticatedService] - FindBusiness with tModel bag filtering is enabled: true loaded from file:/C:/Users/hp/Desktop/UDDI/juddi-3.3.5_tomcat-7.0.82_9090/webapps/juddiv3/WEB-INF/classes/juddiv3.xml
2025-06-26 16:53:41,983 INFO [org.apache.juddi.api.impl.InquiryHelper] - FindBusiness by tModelBag is enabled! Loaded from file:/C:/Users/hp/Desktop/UDDI/juddi-3.3.5_tomcat-7.0.82_9090/webapps/juddiv3/WEB-INF/classes/juddiv3.xml
2025-06-26 16:53:42,167 INFO [org.apache.juddi.api.impl.AuthenticatedService] - FindBusiness with tModel bag filtering is enabled: true loaded from file:/C:/Users/hp/Desktop/UDDI/juddi-3.3.5_tomcat-7.0.82_9090/webapps/juddiv3/WEB-INF/classes/juddiv3.xml
2025-06-26 16:53:42,168 INFO [org.apache.juddi.api.impl.InquiryHelper] - FindBusiness by tModelBag is enabled! Loaded from file:/C:/Users/hp/Desktop/UDDI/juddi-3.3.5_tomcat-7.0.82_9090/webapps/juddiv3/WEB-INF/classes/juddiv3.xml
2025-06-26 16:53:42,445 INFO [org.apache.juddi.api.impl.AuthenticatedService] - FindBusiness with tModel bag filtering is enabled: true loaded from file:/C:/Users/hp/Desktop/UDDI/juddi-3.3.5_tomcat-7.0.82_9090/webapps/juddiv3/WEB-INF/classes/juddiv3.xml
2025-06-26 16:53:42,447 INFO [org.apache.juddi.api.impl.InquiryHelper] - FindBusiness by tModelBag is enabled! Loaded from file:/C:/Users/hp/Desktop/UDDI/juddi-3.3.5_tomcat-7.0.82_9090/webapps/juddiv3/WEB-INF/classes/juddiv3.xml
2025-06-26 16:53:42,643 INFO [org.apache.juddi.api.impl.AuthenticatedService] - FindBusiness with tModel bag filtering is enabled: true loaded from file:/C:/Users/hp/Desktop/UDDI/juddi-3.3.5_tomcat-7.0.82_9090/webapps/juddiv3/WEB-INF/classes/juddiv3.xml
2025-06-26 16:53:42,645 INFO [org.apache.juddi.api.impl.InquiryHelper] - FindBusiness by tModelBag is enabled! Loaded from file:/C:/Users/hp/Desktop/UDDI/juddi-3.3.5_tomcat-7.0.82_9090/webapps/juddiv3/WEB-INF/classes/juddiv3.xml
2025-06-26 16:53:42,848 INFO [org.apache.juddi.api.impl.AuthenticatedService] - FindBusiness with tModel bag filtering is enabled: true loaded from file:/C:/Users/hp/Desktop/UDDI/juddi-3.3.5_tomcat-7.0.82_9090/webapps/juddiv3/WEB-INF/classes/juddiv3.xml
2025-06-26 16:53:42,850 INFO [org.apache.juddi.api.impl.InquiryHelper] - FindBusiness by tModelBag is enabled! Loaded from file:/C:/Users/hp/Desktop/UDDI/juddi-3.3.5_tomcat-7.0.82_9090/webapps/juddiv3/WEB-INF/classes/juddiv3.xml
2025-06-26 16:53:43,105 INFO [org.apache.juddi.api.impl.AuthenticatedService] - FindBusiness with tModel bag filtering is enabled: true loaded from file:/C:/Users/hp/Desktop/UDDI/juddi-3.3.5_tomcat-7.0.82_9090/webapps/juddiv3/WEB-INF/classes/juddiv3.xml
2025-06-26 16:53:43,109 INFO [org.apache.juddi.api.impl.InquiryHelper] - FindBusiness by tModelBag is enabled! Loaded from file:/C:/Users/hp/Desktop/UDDI/juddi-3.3.5_tomcat-7.0.82_9090/webapps/juddiv3/WEB-INF/classes/juddiv3.xml
2025-06-26 16:54:55,783 INFO [org.apache.juddi.api.impl.AuthenticatedService] - FindBusiness with tModel bag filtering is enabled: true loaded from file:/C:/Users/hp/Desktop/UDDI/juddi-3.3.5_tomcat-7.0.82_9090/webapps/juddiv3/WEB-INF/classes/juddiv3.xml
2025-06-26 16:54:55,786 INFO [org.apache.juddi.api.impl.InquiryHelper] - FindBusiness by tModelBag is enabled! Loaded from file:/C:/Users/hp/Desktop/UDDI/juddi-3.3.5_tomcat-7.0.82_9090/webapps/juddiv3/WEB-INF/classes/juddiv3.xml
2025-06-26 16:54:56,630 INFO [org.apache.juddi.api.impl.AuthenticatedService] - FindBusiness with tModel bag filtering is enabled: true loaded from file:/C:/Users/hp/Desktop/UDDI/juddi-3.3.5_tomcat-7.0.82_9090/webapps/juddiv3/WEB-INF/classes/juddiv3.xml
2025-06-26 16:54:56,810 INFO [org.apache.juddi.api.impl.InquiryHelper] - FindBusiness by tModelBag is enabled! Loaded from file:/C:/Users/hp/Desktop/UDDI/juddi-3.3.5_tomcat-7.0.82_9090/webapps/juddiv3/WEB-INF/classes/juddiv3.xml
2025-06-26 16:54:57,992 INFO [org.apache.juddi.api.impl.AuthenticatedService] - FindBusiness with tModel bag filtering is enabled: true loaded from file:/C:/Users/hp/Desktop/UDDI/juddi-3.3.5_tomcat-7.0.82_9090/webapps/juddiv3/WEB-INF/classes/juddiv3.xml
2025-06-26 16:54:57,994 INFO [org.apache.juddi.api.impl.InquiryHelper] - FindBusiness by tModelBag is enabled! Loaded from file:/C:/Users/hp/Desktop/UDDI/juddi-3.3.5_tomcat-7.0.82_9090/webapps/juddiv3/WEB-INF/classes/juddiv3.xml
2025-06-26 16:54:58,697 INFO [org.apache.juddi.api.impl.AuthenticatedService] - FindBusiness with tModel bag filtering is enabled: true loaded from file:/C:/Users/hp/Desktop/UDDI/juddi-3.3.5_tomcat-7.0.82_9090/webapps/juddiv3/WEB-INF/classes/juddiv3.xml
2025-06-26 16:54:58,699 INFO [org.apache.juddi.api.impl.InquiryHelper] - FindBusiness by tModelBag is enabled! Loaded from file:/C:/Users/hp/Desktop/UDDI/juddi-3.3.5_tomcat-7.0.82_9090/webapps/juddiv3/WEB-INF/classes/juddiv3.xml
2025-06-26 16:54:59,088 INFO [org.apache.juddi.api.impl.AuthenticatedService] - FindBusiness with tModel bag filtering is enabled: true loaded from file:/C:/Users/hp/Desktop/UDDI/juddi-3.3.5_tomcat-7.0.82_9090/webapps/juddiv3/WEB-INF/classes/juddiv3.xml
2025-06-26 16:54:59,090 INFO [org.apache.juddi.api.impl.InquiryHelper] - FindBusiness by tModelBag is enabled! Loaded from file:/C:/Users/hp/Desktop/UDDI/juddi-3.3.5_tomcat-7.0.82_9090/webapps/juddiv3/WEB-INF/classes/juddiv3.xml
2025-06-26 16:54:59,557 INFO [org.apache.juddi.api.impl.AuthenticatedService] - FindBusiness with tModel bag filtering is enabled: true loaded from file:/C:/Users/hp/Desktop/UDDI/juddi-3.3.5_tomcat-7.0.82_9090/webapps/juddiv3/WEB-INF/classes/juddiv3.xml
2025-06-26 16:54:59,559 INFO [org.apache.juddi.api.impl.InquiryHelper] - FindBusiness by tModelBag is enabled! Loaded from file:/C:/Users/hp/Desktop/UDDI/juddi-3.3.5_tomcat-7.0.82_9090/webapps/juddiv3/WEB-INF/classes/juddiv3.xml
2025-06-26 16:55:00,353 INFO [org.apache.juddi.api.impl.AuthenticatedService] - FindBusiness with tModel bag filtering is enabled: true loaded from file:/C:/Users/hp/Desktop/UDDI/juddi-3.3.5_tomcat-7.0.82_9090/webapps/juddiv3/WEB-INF/classes/juddiv3.xml
2025-06-26 16:55:00,354 INFO [org.apache.juddi.api.impl.InquiryHelper] - FindBusiness by tModelBag is enabled! Loaded from file:/C:/Users/hp/Desktop/UDDI/juddi-3.3.5_tomcat-7.0.82_9090/webapps/juddiv3/WEB-INF/classes/juddiv3.xml
2025-06-26 16:55:00,878 INFO [org.apache.juddi.api.impl.AuthenticatedService] - FindBusiness with tModel bag filtering is enabled: true loaded from file:/C:/Users/hp/Desktop/UDDI/juddi-3.3.5_tomcat-7.0.82_9090/webapps/juddiv3/WEB-INF/classes/juddiv3.xml
2025-06-26 16:55:00,883 INFO [org.apache.juddi.api.impl.InquiryHelper] - FindBusiness by tModelBag is enabled! Loaded from file:/C:/Users/hp/Desktop/UDDI/juddi-3.3.5_tomcat-7.0.82_9090/webapps/juddiv3/WEB-INF/classes/juddiv3.xml
2025-06-26 16:55:01,265 INFO [org.apache.juddi.api.impl.AuthenticatedService] - FindBusiness with tModel bag filtering is enabled: true loaded from file:/C:/Users/hp/Desktop/UDDI/juddi-3.3.5_tomcat-7.0.82_9090/webapps/juddiv3/WEB-INF/classes/juddiv3.xml
2025-06-26 16:55:01,269 INFO [org.apache.juddi.api.impl.InquiryHelper] - FindBusiness by tModelBag is enabled! Loaded from file:/C:/Users/hp/Desktop/UDDI/juddi-3.3.5_tomcat-7.0.82_9090/webapps/juddiv3/WEB-INF/classes/juddiv3.xml
2025-06-26 16:55:01,896 INFO [org.apache.juddi.api.impl.AuthenticatedService] - FindBusiness with tModel bag filtering is enabled: true loaded from file:/C:/Users/hp/Desktop/UDDI/juddi-3.3.5_tomcat-7.0.82_9090/webapps/juddiv3/WEB-INF/classes/juddiv3.xml
2025-06-26 16:55:01,905 INFO [org.apache.juddi.api.impl.InquiryHelper] - FindBusiness by tModelBag is enabled! Loaded from file:/C:/Users/hp/Desktop/UDDI/juddi-3.3.5_tomcat-7.0.82_9090/webapps/juddiv3/WEB-INF/classes/juddiv3.xml
2025-06-26 16:55:44,820 INFO [org.apache.juddi.api.impl.AuthenticatedService] - FindBusiness with tModel bag filtering is enabled: true loaded from file:/C:/Users/hp/Desktop/UDDI/juddi-3.3.5_tomcat-7.0.82_9090/webapps/juddiv3/WEB-INF/classes/juddiv3.xml
2025-06-26 16:55:44,823 INFO [org.apache.juddi.api.impl.InquiryHelper] - FindBusiness by tModelBag is enabled! Loaded from file:/C:/Users/hp/Desktop/UDDI/juddi-3.3.5_tomcat-7.0.82_9090/webapps/juddiv3/WEB-INF/classes/juddiv3.xml
2025-06-26 16:55:45,289 INFO [org.apache.juddi.api.impl.AuthenticatedService] - FindBusiness with tModel bag filtering is enabled: true loaded from file:/C:/Users/hp/Desktop/UDDI/juddi-3.3.5_tomcat-7.0.82_9090/webapps/juddiv3/WEB-INF/classes/juddiv3.xml
2025-06-26 16:55:45,290 INFO [org.apache.juddi.api.impl.InquiryHelper] - FindBusiness by tModelBag is enabled! Loaded from file:/C:/Users/hp/Desktop/UDDI/juddi-3.3.5_tomcat-7.0.82_9090/webapps/juddiv3/WEB-INF/classes/juddiv3.xml
2025-06-26 16:55:45,598 INFO [org.apache.juddi.api.impl.AuthenticatedService] - FindBusiness with tModel bag filtering is enabled: true loaded from file:/C:/Users/hp/Desktop/UDDI/juddi-3.3.5_tomcat-7.0.82_9090/webapps/juddiv3/WEB-INF/classes/juddiv3.xml
2025-06-26 16:55:45,600 INFO [org.apache.juddi.api.impl.InquiryHelper] - FindBusiness by tModelBag is enabled! Loaded from file:/C:/Users/hp/Desktop/UDDI/juddi-3.3.5_tomcat-7.0.82_9090/webapps/juddiv3/WEB-INF/classes/juddiv3.xml
2025-06-26 16:55:45,899 INFO [org.apache.juddi.api.impl.AuthenticatedService] - FindBusiness with tModel bag filtering is enabled: true loaded from file:/C:/Users/hp/Desktop/UDDI/juddi-3.3.5_tomcat-7.0.82_9090/webapps/juddiv3/WEB-INF/classes/juddiv3.xml
2025-06-26 16:55:45,902 INFO [org.apache.juddi.api.impl.InquiryHelper] - FindBusiness by tModelBag is enabled! Loaded from file:/C:/Users/hp/Desktop/UDDI/juddi-3.3.5_tomcat-7.0.82_9090/webapps/juddiv3/WEB-INF/classes/juddiv3.xml
2025-06-26 16:55:46,523 INFO [org.apache.juddi.api.impl.AuthenticatedService] - FindBusiness with tModel bag filtering is enabled: true loaded from file:/C:/Users/hp/Desktop/UDDI/juddi-3.3.5_tomcat-7.0.82_9090/webapps/juddiv3/WEB-INF/classes/juddiv3.xml
2025-06-26 16:55:46,526 INFO [org.apache.juddi.api.impl.InquiryHelper] - FindBusiness by tModelBag is enabled! Loaded from file:/C:/Users/hp/Desktop/UDDI/juddi-3.3.5_tomcat-7.0.82_9090/webapps/juddiv3/WEB-INF/classes/juddiv3.xml
2025-06-26 16:55:47,041 INFO [org.apache.juddi.api.impl.AuthenticatedService] - FindBusiness with tModel bag filtering is enabled: true loaded from file:/C:/Users/hp/Desktop/UDDI/juddi-3.3.5_tomcat-7.0.82_9090/webapps/juddiv3/WEB-INF/classes/juddiv3.xml
2025-06-26 16:55:47,042 INFO [org.apache.juddi.api.impl.InquiryHelper] - FindBusiness by tModelBag is enabled! Loaded from file:/C:/Users/hp/Desktop/UDDI/juddi-3.3.5_tomcat-7.0.82_9090/webapps/juddiv3/WEB-INF/classes/juddiv3.xml
2025-06-26 16:55:47,448 INFO [org.apache.juddi.api.impl.AuthenticatedService] - FindBusiness with tModel bag filtering is enabled: true loaded from file:/C:/Users/hp/Desktop/UDDI/juddi-3.3.5_tomcat-7.0.82_9090/webapps/juddiv3/WEB-INF/classes/juddiv3.xml
2025-06-26 16:55:47,450 INFO [org.apache.juddi.api.impl.InquiryHelper] - FindBusiness by tModelBag is enabled! Loaded from file:/C:/Users/hp/Desktop/UDDI/juddi-3.3.5_tomcat-7.0.82_9090/webapps/juddiv3/WEB-INF/classes/juddiv3.xml
2025-06-26 16:55:47,820 INFO [org.apache.juddi.api.impl.AuthenticatedService] - FindBusiness with tModel bag filtering is enabled: true loaded from file:/C:/Users/hp/Desktop/UDDI/juddi-3.3.5_tomcat-7.0.82_9090/webapps/juddiv3/WEB-INF/classes/juddiv3.xml
2025-06-26 16:55:47,822 INFO [org.apache.juddi.api.impl.InquiryHelper] - FindBusiness by tModelBag is enabled! Loaded from file:/C:/Users/hp/Desktop/UDDI/juddi-3.3.5_tomcat-7.0.82_9090/webapps/juddiv3/WEB-INF/classes/juddiv3.xml
2025-06-26 16:55:48,387 INFO [org.apache.juddi.api.impl.AuthenticatedService] - FindBusiness with tModel bag filtering is enabled: true loaded from file:/C:/Users/hp/Desktop/UDDI/juddi-3.3.5_tomcat-7.0.82_9090/webapps/juddiv3/WEB-INF/classes/juddiv3.xml
2025-06-26 16:55:48,390 INFO [org.apache.juddi.api.impl.InquiryHelper] - FindBusiness by tModelBag is enabled! Loaded from file:/C:/Users/hp/Desktop/UDDI/juddi-3.3.5_tomcat-7.0.82_9090/webapps/juddiv3/WEB-INF/classes/juddiv3.xml
2025-06-26 16:55:48,917 INFO [org.apache.juddi.api.impl.AuthenticatedService] - FindBusiness with tModel bag filtering is enabled: true loaded from file:/C:/Users/hp/Desktop/UDDI/juddi-3.3.5_tomcat-7.0.82_9090/webapps/juddiv3/WEB-INF/classes/juddiv3.xml
2025-06-26 16:55:48,922 INFO [org.apache.juddi.api.impl.InquiryHelper] - FindBusiness by tModelBag is enabled! Loaded from file:/C:/Users/hp/Desktop/UDDI/juddi-3.3.5_tomcat-7.0.82_9090/webapps/juddiv3/WEB-INF/classes/juddiv3.xml
2025-06-26 16:56:22,751 INFO [org.apache.juddi.api.impl.AuthenticatedService] - FindBusiness with tModel bag filtering is enabled: true loaded from file:/C:/Users/hp/Desktop/UDDI/juddi-3.3.5_tomcat-7.0.82_9090/webapps/juddiv3/WEB-INF/classes/juddiv3.xml
2025-06-26 16:56:22,752 INFO [org.apache.juddi.api.impl.InquiryHelper] - FindBusiness by tModelBag is enabled! Loaded from file:/C:/Users/hp/Desktop/UDDI/juddi-3.3.5_tomcat-7.0.82_9090/webapps/juddiv3/WEB-INF/classes/juddiv3.xml
2025-06-26 16:56:22,875 INFO [org.apache.juddi.api.impl.AuthenticatedService] - FindBusiness with tModel bag filtering is enabled: true loaded from file:/C:/Users/hp/Desktop/UDDI/juddi-3.3.5_tomcat-7.0.82_9090/webapps/juddiv3/WEB-INF/classes/juddiv3.xml
2025-06-26 16:56:22,876 INFO [org.apache.juddi.api.impl.InquiryHelper] - FindBusiness by tModelBag is enabled! Loaded from file:/C:/Users/hp/Desktop/UDDI/juddi-3.3.5_tomcat-7.0.82_9090/webapps/juddiv3/WEB-INF/classes/juddiv3.xml
2025-06-26 16:56:23,026 INFO [org.apache.juddi.api.impl.AuthenticatedService] - FindBusiness with tModel bag filtering is enabled: true loaded from file:/C:/Users/hp/Desktop/UDDI/juddi-3.3.5_tomcat-7.0.82_9090/webapps/juddiv3/WEB-INF/classes/juddiv3.xml
2025-06-26 16:56:23,026 INFO [org.apache.juddi.api.impl.InquiryHelper] - FindBusiness by tModelBag is enabled! Loaded from file:/C:/Users/hp/Desktop/UDDI/juddi-3.3.5_tomcat-7.0.82_9090/webapps/juddiv3/WEB-INF/classes/juddiv3.xml
2025-06-26 16:56:23,181 INFO [org.apache.juddi.api.impl.AuthenticatedService] - FindBusiness with tModel bag filtering is enabled: true loaded from file:/C:/Users/hp/Desktop/UDDI/juddi-3.3.5_tomcat-7.0.82_9090/webapps/juddiv3/WEB-INF/classes/juddiv3.xml
2025-06-26 16:56:23,181 INFO [org.apache.juddi.api.impl.InquiryHelper] - FindBusiness by tModelBag is enabled! Loaded from file:/C:/Users/hp/Desktop/UDDI/juddi-3.3.5_tomcat-7.0.82_9090/webapps/juddiv3/WEB-INF/classes/juddiv3.xml
2025-06-26 16:56:23,350 INFO [org.apache.juddi.api.impl.AuthenticatedService] - FindBusiness with tModel bag filtering is enabled: true loaded from file:/C:/Users/hp/Desktop/UDDI/juddi-3.3.5_tomcat-7.0.82_9090/webapps/juddiv3/WEB-INF/classes/juddiv3.xml
2025-06-26 16:56:23,350 INFO [org.apache.juddi.api.impl.InquiryHelper] - FindBusiness by tModelBag is enabled! Loaded from file:/C:/Users/hp/Desktop/UDDI/juddi-3.3.5_tomcat-7.0.82_9090/webapps/juddiv3/WEB-INF/classes/juddiv3.xml
2025-06-26 16:56:23,503 INFO [org.apache.juddi.api.impl.AuthenticatedService] - FindBusiness with tModel bag filtering is enabled: true loaded from file:/C:/Users/hp/Desktop/UDDI/juddi-3.3.5_tomcat-7.0.82_9090/webapps/juddiv3/WEB-INF/classes/juddiv3.xml
2025-06-26 16:56:23,504 INFO [org.apache.juddi.api.impl.InquiryHelper] - FindBusiness by tModelBag is enabled! Loaded from file:/C:/Users/hp/Desktop/UDDI/juddi-3.3.5_tomcat-7.0.82_9090/webapps/juddiv3/WEB-INF/classes/juddiv3.xml
2025-06-26 16:56:23,656 INFO [org.apache.juddi.api.impl.AuthenticatedService] - FindBusiness with tModel bag filtering is enabled: true loaded from file:/C:/Users/hp/Desktop/UDDI/juddi-3.3.5_tomcat-7.0.82_9090/webapps/juddiv3/WEB-INF/classes/juddiv3.xml
2025-06-26 16:56:23,656 INFO [org.apache.juddi.api.impl.InquiryHelper] - FindBusiness by tModelBag is enabled! Loaded from file:/C:/Users/hp/Desktop/UDDI/juddi-3.3.5_tomcat-7.0.82_9090/webapps/juddiv3/WEB-INF/classes/juddiv3.xml
2025-06-26 16:56:23,826 INFO [org.apache.juddi.api.impl.AuthenticatedService] - FindBusiness with tModel bag filtering is enabled: true loaded from file:/C:/Users/hp/Desktop/UDDI/juddi-3.3.5_tomcat-7.0.82_9090/webapps/juddiv3/WEB-INF/classes/juddiv3.xml
2025-06-26 16:56:23,826 INFO [org.apache.juddi.api.impl.InquiryHelper] - FindBusiness by tModelBag is enabled! Loaded from file:/C:/Users/hp/Desktop/UDDI/juddi-3.3.5_tomcat-7.0.82_9090/webapps/juddiv3/WEB-INF/classes/juddiv3.xml
2025-06-26 16:56:24,002 INFO [org.apache.juddi.api.impl.AuthenticatedService] - FindBusiness with tModel bag filtering is enabled: true loaded from file:/C:/Users/hp/Desktop/UDDI/juddi-3.3.5_tomcat-7.0.82_9090/webapps/juddiv3/WEB-INF/classes/juddiv3.xml
2025-06-26 16:56:24,006 INFO [org.apache.juddi.api.impl.InquiryHelper] - FindBusiness by tModelBag is enabled! Loaded from file:/C:/Users/hp/Desktop/UDDI/juddi-3.3.5_tomcat-7.0.82_9090/webapps/juddiv3/WEB-INF/classes/juddiv3.xml
2025-06-26 16:56:24,289 INFO [org.apache.juddi.api.impl.AuthenticatedService] - FindBusiness with tModel bag filtering is enabled: true loaded from file:/C:/Users/hp/Desktop/UDDI/juddi-3.3.5_tomcat-7.0.82_9090/webapps/juddiv3/WEB-INF/classes/juddiv3.xml
2025-06-26 16:56:24,293 INFO [org.apache.juddi.api.impl.InquiryHelper] - FindBusiness by tModelBag is enabled! Loaded from file:/C:/Users/hp/Desktop/UDDI/juddi-3.3.5_tomcat-7.0.82_9090/webapps/juddiv3/WEB-INF/classes/juddiv3.xml
2025-06-26 16:58:04,616 INFO [org.apache.juddi.api.impl.AuthenticatedService] - FindBusiness with tModel bag filtering is enabled: true loaded from file:/C:/Users/hp/Desktop/UDDI/juddi-3.3.5_tomcat-7.0.82_9090/webapps/juddiv3/WEB-INF/classes/juddiv3.xml
2025-06-26 16:58:04,616 INFO [org.apache.juddi.api.impl.InquiryHelper] - FindBusiness by tModelBag is enabled! Loaded from file:/C:/Users/hp/Desktop/UDDI/juddi-3.3.5_tomcat-7.0.82_9090/webapps/juddiv3/WEB-INF/classes/juddiv3.xml
2025-06-26 16:58:04,986 INFO [org.apache.juddi.api.impl.AuthenticatedService] - FindBusiness with tModel bag filtering is enabled: true loaded from file:/C:/Users/hp/Desktop/UDDI/juddi-3.3.5_tomcat-7.0.82_9090/webapps/juddiv3/WEB-INF/classes/juddiv3.xml
2025-06-26 16:58:04,987 INFO [org.apache.juddi.api.impl.InquiryHelper] - FindBusiness by tModelBag is enabled! Loaded from file:/C:/Users/hp/Desktop/UDDI/juddi-3.3.5_tomcat-7.0.82_9090/webapps/juddiv3/WEB-INF/classes/juddiv3.xml
2025-06-26 16:58:05,173 INFO [org.apache.juddi.api.impl.AuthenticatedService] - FindBusiness with tModel bag filtering is enabled: true loaded from file:/C:/Users/hp/Desktop/UDDI/juddi-3.3.5_tomcat-7.0.82_9090/webapps/juddiv3/WEB-INF/classes/juddiv3.xml
2025-06-26 16:58:05,173 INFO [org.apache.juddi.api.impl.InquiryHelper] - FindBusiness by tModelBag is enabled! Loaded from file:/C:/Users/hp/Desktop/UDDI/juddi-3.3.5_tomcat-7.0.82_9090/webapps/juddiv3/WEB-INF/classes/juddiv3.xml
2025-06-26 16:58:05,362 INFO [org.apache.juddi.api.impl.AuthenticatedService] - FindBusiness with tModel bag filtering is enabled: true loaded from file:/C:/Users/hp/Desktop/UDDI/juddi-3.3.5_tomcat-7.0.82_9090/webapps/juddiv3/WEB-INF/classes/juddiv3.xml
2025-06-26 16:58:05,363 INFO [org.apache.juddi.api.impl.InquiryHelper] - FindBusiness by tModelBag is enabled! Loaded from file:/C:/Users/hp/Desktop/UDDI/juddi-3.3.5_tomcat-7.0.82_9090/webapps/juddiv3/WEB-INF/classes/juddiv3.xml
2025-06-26 16:58:05,575 INFO [org.apache.juddi.api.impl.AuthenticatedService] - FindBusiness with tModel bag filtering is enabled: true loaded from file:/C:/Users/hp/Desktop/UDDI/juddi-3.3.5_tomcat-7.0.82_9090/webapps/juddiv3/WEB-INF/classes/juddiv3.xml
2025-06-26 16:58:05,575 INFO [org.apache.juddi.api.impl.InquiryHelper] - FindBusiness by tModelBag is enabled! Loaded from file:/C:/Users/hp/Desktop/UDDI/juddi-3.3.5_tomcat-7.0.82_9090/webapps/juddiv3/WEB-INF/classes/juddiv3.xml
2025-06-26 16:58:06,821 INFO [org.apache.juddi.api.impl.AuthenticatedService] - FindBusiness with tModel bag filtering is enabled: true loaded from file:/C:/Users/hp/Desktop/UDDI/juddi-3.3.5_tomcat-7.0.82_9090/webapps/juddiv3/WEB-INF/classes/juddiv3.xml
2025-06-26 16:58:07,011 INFO [org.apache.juddi.api.impl.InquiryHelper] - FindBusiness by tModelBag is enabled! Loaded from file:/C:/Users/hp/Desktop/UDDI/juddi-3.3.5_tomcat-7.0.82_9090/webapps/juddiv3/WEB-INF/classes/juddiv3.xml
2025-06-26 16:58:07,196 INFO [org.apache.juddi.api.impl.AuthenticatedService] - FindBusiness with tModel bag filtering is enabled: true loaded from file:/C:/Users/hp/Desktop/UDDI/juddi-3.3.5_tomcat-7.0.82_9090/webapps/juddiv3/WEB-INF/classes/juddiv3.xml
2025-06-26 16:58:07,196 INFO [org.apache.juddi.api.impl.InquiryHelper] - FindBusiness by tModelBag is enabled! Loaded from file:/C:/Users/hp/Desktop/UDDI/juddi-3.3.5_tomcat-7.0.82_9090/webapps/juddiv3/WEB-INF/classes/juddiv3.xml
2025-06-26 16:58:07,417 INFO [org.apache.juddi.api.impl.AuthenticatedService] - FindBusiness with tModel bag filtering is enabled: true loaded from file:/C:/Users/hp/Desktop/UDDI/juddi-3.3.5_tomcat-7.0.82_9090/webapps/juddiv3/WEB-INF/classes/juddiv3.xml
2025-06-26 16:58:07,419 INFO [org.apache.juddi.api.impl.InquiryHelper] - FindBusiness by tModelBag is enabled! Loaded from file:/C:/Users/hp/Desktop/UDDI/juddi-3.3.5_tomcat-7.0.82_9090/webapps/juddiv3/WEB-INF/classes/juddiv3.xml
2025-06-26 16:58:07,600 INFO [org.apache.juddi.api.impl.AuthenticatedService] - FindBusiness with tModel bag filtering is enabled: true loaded from file:/C:/Users/hp/Desktop/UDDI/juddi-3.3.5_tomcat-7.0.82_9090/webapps/juddiv3/WEB-INF/classes/juddiv3.xml
2025-06-26 16:58:07,600 INFO [org.apache.juddi.api.impl.InquiryHelper] - FindBusiness by tModelBag is enabled! Loaded from file:/C:/Users/hp/Desktop/UDDI/juddi-3.3.5_tomcat-7.0.82_9090/webapps/juddiv3/WEB-INF/classes/juddiv3.xml
2025-06-26 16:58:07,712 INFO [org.apache.juddi.api.impl.AuthenticatedService] - FindBusiness with tModel bag filtering is enabled: true loaded from file:/C:/Users/hp/Desktop/UDDI/juddi-3.3.5_tomcat-7.0.82_9090/webapps/juddiv3/WEB-INF/classes/juddiv3.xml
2025-06-26 16:58:07,717 INFO [org.apache.juddi.api.impl.InquiryHelper] - FindBusiness by tModelBag is enabled! Loaded from file:/C:/Users/hp/Desktop/UDDI/juddi-3.3.5_tomcat-7.0.82_9090/webapps/juddiv3/WEB-INF/classes/juddiv3.xml
2025-06-26 16:59:40,836 INFO [org.apache.juddi.api.impl.AuthenticatedService] - FindBusiness with tModel bag filtering is enabled: true loaded from file:/C:/Users/hp/Desktop/UDDI/juddi-3.3.5_tomcat-7.0.82_9090/webapps/juddiv3/WEB-INF/classes/juddiv3.xml
2025-06-26 16:59:40,839 INFO [org.apache.juddi.api.impl.InquiryHelper] - FindBusiness by tModelBag is enabled! Loaded from file:/C:/Users/hp/Desktop/UDDI/juddi-3.3.5_tomcat-7.0.82_9090/webapps/juddiv3/WEB-INF/classes/juddiv3.xml
2025-06-26 16:59:41,131 INFO [org.apache.juddi.api.impl.AuthenticatedService] - FindBusiness with tModel bag filtering is enabled: true loaded from file:/C:/Users/hp/Desktop/UDDI/juddi-3.3.5_tomcat-7.0.82_9090/webapps/juddiv3/WEB-INF/classes/juddiv3.xml
2025-06-26 16:59:41,131 INFO [org.apache.juddi.api.impl.InquiryHelper] - FindBusiness by tModelBag is enabled! Loaded from file:/C:/Users/hp/Desktop/UDDI/juddi-3.3.5_tomcat-7.0.82_9090/webapps/juddiv3/WEB-INF/classes/juddiv3.xml
2025-06-26 16:59:41,431 INFO [org.apache.juddi.api.impl.AuthenticatedService] - FindBusiness with tModel bag filtering is enabled: true loaded from file:/C:/Users/hp/Desktop/UDDI/juddi-3.3.5_tomcat-7.0.82_9090/webapps/juddiv3/WEB-INF/classes/juddiv3.xml
2025-06-26 16:59:41,433 INFO [org.apache.juddi.api.impl.InquiryHelper] - FindBusiness by tModelBag is enabled! Loaded from file:/C:/Users/hp/Desktop/UDDI/juddi-3.3.5_tomcat-7.0.82_9090/webapps/juddiv3/WEB-INF/classes/juddiv3.xml
2025-06-26 16:59:41,771 INFO [org.apache.juddi.api.impl.AuthenticatedService] - FindBusiness with tModel bag filtering is enabled: true loaded from file:/C:/Users/hp/Desktop/UDDI/juddi-3.3.5_tomcat-7.0.82_9090/webapps/juddiv3/WEB-INF/classes/juddiv3.xml
2025-06-26 16:59:41,772 INFO [org.apache.juddi.api.impl.InquiryHelper] - FindBusiness by tModelBag is enabled! Loaded from file:/C:/Users/hp/Desktop/UDDI/juddi-3.3.5_tomcat-7.0.82_9090/webapps/juddiv3/WEB-INF/classes/juddiv3.xml
2025-06-26 16:59:42,122 INFO [org.apache.juddi.api.impl.AuthenticatedService] - FindBusiness with tModel bag filtering is enabled: true loaded from file:/C:/Users/hp/Desktop/UDDI/juddi-3.3.5_tomcat-7.0.82_9090/webapps/juddiv3/WEB-INF/classes/juddiv3.xml
2025-06-26 16:59:42,123 INFO [org.apache.juddi.api.impl.InquiryHelper] - FindBusiness by tModelBag is enabled! Loaded from file:/C:/Users/hp/Desktop/UDDI/juddi-3.3.5_tomcat-7.0.82_9090/webapps/juddiv3/WEB-INF/classes/juddiv3.xml
2025-06-26 16:59:42,482 INFO [org.apache.juddi.api.impl.AuthenticatedService] - FindBusiness with tModel bag filtering is enabled: true loaded from file:/C:/Users/hp/Desktop/UDDI/juddi-3.3.5_tomcat-7.0.82_9090/webapps/juddiv3/WEB-INF/classes/juddiv3.xml
2025-06-26 16:59:42,482 INFO [org.apache.juddi.api.impl.InquiryHelper] - FindBusiness by tModelBag is enabled! Loaded from file:/C:/Users/hp/Desktop/UDDI/juddi-3.3.5_tomcat-7.0.82_9090/webapps/juddiv3/WEB-INF/classes/juddiv3.xml
2025-06-26 16:59:42,663 INFO [org.apache.juddi.api.impl.AuthenticatedService] - FindBusiness with tModel bag filtering is enabled: true loaded from file:/C:/Users/hp/Desktop/UDDI/juddi-3.3.5_tomcat-7.0.82_9090/webapps/juddiv3/WEB-INF/classes/juddiv3.xml
2025-06-26 16:59:42,663 INFO [org.apache.juddi.api.impl.InquiryHelper] - FindBusiness by tModelBag is enabled! Loaded from file:/C:/Users/hp/Desktop/UDDI/juddi-3.3.5_tomcat-7.0.82_9090/webapps/juddiv3/WEB-INF/classes/juddiv3.xml
2025-06-26 16:59:42,930 INFO [org.apache.juddi.api.impl.AuthenticatedService] - FindBusiness with tModel bag filtering is enabled: true loaded from file:/C:/Users/hp/Desktop/UDDI/juddi-3.3.5_tomcat-7.0.82_9090/webapps/juddiv3/WEB-INF/classes/juddiv3.xml
2025-06-26 16:59:42,930 INFO [org.apache.juddi.api.impl.InquiryHelper] - FindBusiness by tModelBag is enabled! Loaded from file:/C:/Users/hp/Desktop/UDDI/juddi-3.3.5_tomcat-7.0.82_9090/webapps/juddiv3/WEB-INF/classes/juddiv3.xml
2025-06-26 16:59:43,143 INFO [org.apache.juddi.api.impl.AuthenticatedService] - FindBusiness with tModel bag filtering is enabled: true loaded from file:/C:/Users/hp/Desktop/UDDI/juddi-3.3.5_tomcat-7.0.82_9090/webapps/juddiv3/WEB-INF/classes/juddiv3.xml
2025-06-26 16:59:43,148 INFO [org.apache.juddi.api.impl.InquiryHelper] - FindBusiness by tModelBag is enabled! Loaded from file:/C:/Users/hp/Desktop/UDDI/juddi-3.3.5_tomcat-7.0.82_9090/webapps/juddiv3/WEB-INF/classes/juddiv3.xml
2025-06-26 16:59:43,320 INFO [org.apache.juddi.api.impl.AuthenticatedService] - FindBusiness with tModel bag filtering is enabled: true loaded from file:/C:/Users/hp/Desktop/UDDI/juddi-3.3.5_tomcat-7.0.82_9090/webapps/juddiv3/WEB-INF/classes/juddiv3.xml
2025-06-26 16:59:43,324 INFO [org.apache.juddi.api.impl.InquiryHelper] - FindBusiness by tModelBag is enabled! Loaded from file:/C:/Users/hp/Desktop/UDDI/juddi-3.3.5_tomcat-7.0.82_9090/webapps/juddiv3/WEB-INF/classes/juddiv3.xml
2025-06-26 17:01:14,043 INFO [org.apache.juddi.api.impl.AuthenticatedService] - FindBusiness with tModel bag filtering is enabled: true loaded from file:/C:/Users/hp/Desktop/UDDI/juddi-3.3.5_tomcat-7.0.82_9090/webapps/juddiv3/WEB-INF/classes/juddiv3.xml
2025-06-26 17:01:14,043 INFO [org.apache.juddi.api.impl.InquiryHelper] - FindBusiness by tModelBag is enabled! Loaded from file:/C:/Users/hp/Desktop/UDDI/juddi-3.3.5_tomcat-7.0.82_9090/webapps/juddiv3/WEB-INF/classes/juddiv3.xml
2025-06-26 17:01:14,174 INFO [org.apache.juddi.api.impl.AuthenticatedService] - FindBusiness with tModel bag filtering is enabled: true loaded from file:/C:/Users/hp/Desktop/UDDI/juddi-3.3.5_tomcat-7.0.82_9090/webapps/juddiv3/WEB-INF/classes/juddiv3.xml
2025-06-26 17:01:14,176 INFO [org.apache.juddi.api.impl.InquiryHelper] - FindBusiness by tModelBag is enabled! Loaded from file:/C:/Users/hp/Desktop/UDDI/juddi-3.3.5_tomcat-7.0.82_9090/webapps/juddiv3/WEB-INF/classes/juddiv3.xml
2025-06-26 17:01:14,252 INFO [org.apache.juddi.api.impl.AuthenticatedService] - FindBusiness with tModel bag filtering is enabled: true loaded from file:/C:/Users/hp/Desktop/UDDI/juddi-3.3.5_tomcat-7.0.82_9090/webapps/juddiv3/WEB-INF/classes/juddiv3.xml
2025-06-26 17:01:14,252 INFO [org.apache.juddi.api.impl.InquiryHelper] - FindBusiness by tModelBag is enabled! Loaded from file:/C:/Users/hp/Desktop/UDDI/juddi-3.3.5_tomcat-7.0.82_9090/webapps/juddiv3/WEB-INF/classes/juddiv3.xml
2025-06-26 17:01:14,469 INFO [org.apache.juddi.api.impl.AuthenticatedService] - FindBusiness with tModel bag filtering is enabled: true loaded from file:/C:/Users/hp/Desktop/UDDI/juddi-3.3.5_tomcat-7.0.82_9090/webapps/juddiv3/WEB-INF/classes/juddiv3.xml
2025-06-26 17:01:14,469 INFO [org.apache.juddi.api.impl.InquiryHelper] - FindBusiness by tModelBag is enabled! Loaded from file:/C:/Users/hp/Desktop/UDDI/juddi-3.3.5_tomcat-7.0.82_9090/webapps/juddiv3/WEB-INF/classes/juddiv3.xml
2025-06-26 17:01:14,658 INFO [org.apache.juddi.api.impl.AuthenticatedService] - FindBusiness with tModel bag filtering is enabled: true loaded from file:/C:/Users/hp/Desktop/UDDI/juddi-3.3.5_tomcat-7.0.82_9090/webapps/juddiv3/WEB-INF/classes/juddiv3.xml
2025-06-26 17:01:14,658 INFO [org.apache.juddi.api.impl.InquiryHelper] - FindBusiness by tModelBag is enabled! Loaded from file:/C:/Users/hp/Desktop/UDDI/juddi-3.3.5_tomcat-7.0.82_9090/webapps/juddiv3/WEB-INF/classes/juddiv3.xml
2025-06-26 17:01:14,809 INFO [org.apache.juddi.api.impl.AuthenticatedService] - FindBusiness with tModel bag filtering is enabled: true loaded from file:/C:/Users/hp/Desktop/UDDI/juddi-3.3.5_tomcat-7.0.82_9090/webapps/juddiv3/WEB-INF/classes/juddiv3.xml
2025-06-26 17:01:14,810 INFO [org.apache.juddi.api.impl.InquiryHelper] - FindBusiness by tModelBag is enabled! Loaded from file:/C:/Users/hp/Desktop/UDDI/juddi-3.3.5_tomcat-7.0.82_9090/webapps/juddiv3/WEB-INF/classes/juddiv3.xml
2025-06-26 17:01:14,969 INFO [org.apache.juddi.api.impl.AuthenticatedService] - FindBusiness with tModel bag filtering is enabled: true loaded from file:/C:/Users/hp/Desktop/UDDI/juddi-3.3.5_tomcat-7.0.82_9090/webapps/juddiv3/WEB-INF/classes/juddiv3.xml
2025-06-26 17:01:14,970 INFO [org.apache.juddi.api.impl.InquiryHelper] - FindBusiness by tModelBag is enabled! Loaded from file:/C:/Users/hp/Desktop/UDDI/juddi-3.3.5_tomcat-7.0.82_9090/webapps/juddiv3/WEB-INF/classes/juddiv3.xml
2025-06-26 17:01:15,262 INFO [org.apache.juddi.api.impl.AuthenticatedService] - FindBusiness with tModel bag filtering is enabled: true loaded from file:/C:/Users/hp/Desktop/UDDI/juddi-3.3.5_tomcat-7.0.82_9090/webapps/juddiv3/WEB-INF/classes/juddiv3.xml
2025-06-26 17:01:15,262 INFO [org.apache.juddi.api.impl.InquiryHelper] - FindBusiness by tModelBag is enabled! Loaded from file:/C:/Users/hp/Desktop/UDDI/juddi-3.3.5_tomcat-7.0.82_9090/webapps/juddiv3/WEB-INF/classes/juddiv3.xml
2025-06-26 17:01:15,494 INFO [org.apache.juddi.api.impl.AuthenticatedService] - FindBusiness with tModel bag filtering is enabled: true loaded from file:/C:/Users/hp/Desktop/UDDI/juddi-3.3.5_tomcat-7.0.82_9090/webapps/juddiv3/WEB-INF/classes/juddiv3.xml
2025-06-26 17:01:15,498 INFO [org.apache.juddi.api.impl.InquiryHelper] - FindBusiness by tModelBag is enabled! Loaded from file:/C:/Users/hp/Desktop/UDDI/juddi-3.3.5_tomcat-7.0.82_9090/webapps/juddiv3/WEB-INF/classes/juddiv3.xml
2025-06-26 17:01:15,879 INFO [org.apache.juddi.api.impl.AuthenticatedService] - FindBusiness with tModel bag filtering is enabled: true loaded from file:/C:/Users/hp/Desktop/UDDI/juddi-3.3.5_tomcat-7.0.82_9090/webapps/juddiv3/WEB-INF/classes/juddiv3.xml
2025-06-26 17:01:15,889 INFO [org.apache.juddi.api.impl.InquiryHelper] - FindBusiness by tModelBag is enabled! Loaded from file:/C:/Users/hp/Desktop/UDDI/juddi-3.3.5_tomcat-7.0.82_9090/webapps/juddiv3/WEB-INF/classes/juddiv3.xml
2025-06-26 17:03:29,412 INFO [org.apache.juddi.api.impl.AuthenticatedService] - FindBusiness with tModel bag filtering is enabled: true loaded from file:/C:/Users/hp/Desktop/UDDI/juddi-3.3.5_tomcat-7.0.82_9090/webapps/juddiv3/WEB-INF/classes/juddiv3.xml
2025-06-26 17:03:29,412 INFO [org.apache.juddi.api.impl.InquiryHelper] - FindBusiness by tModelBag is enabled! Loaded from file:/C:/Users/hp/Desktop/UDDI/juddi-3.3.5_tomcat-7.0.82_9090/webapps/juddiv3/WEB-INF/classes/juddiv3.xml
2025-06-26 17:03:30,358 INFO [org.apache.juddi.api.impl.AuthenticatedService] - FindBusiness with tModel bag filtering is enabled: true loaded from file:/C:/Users/hp/Desktop/UDDI/juddi-3.3.5_tomcat-7.0.82_9090/webapps/juddiv3/WEB-INF/classes/juddiv3.xml
2025-06-26 17:03:30,359 INFO [org.apache.juddi.api.impl.InquiryHelper] - FindBusiness by tModelBag is enabled! Loaded from file:/C:/Users/hp/Desktop/UDDI/juddi-3.3.5_tomcat-7.0.82_9090/webapps/juddiv3/WEB-INF/classes/juddiv3.xml
2025-06-26 17:03:30,673 INFO [org.apache.juddi.api.impl.AuthenticatedService] - FindBusiness with tModel bag filtering is enabled: true loaded from file:/C:/Users/hp/Desktop/UDDI/juddi-3.3.5_tomcat-7.0.82_9090/webapps/juddiv3/WEB-INF/classes/juddiv3.xml
2025-06-26 17:03:30,681 INFO [org.apache.juddi.api.impl.InquiryHelper] - FindBusiness by tModelBag is enabled! Loaded from file:/C:/Users/hp/Desktop/UDDI/juddi-3.3.5_tomcat-7.0.82_9090/webapps/juddiv3/WEB-INF/classes/juddiv3.xml
2025-06-26 17:03:30,890 INFO [org.apache.juddi.api.impl.AuthenticatedService] - FindBusiness with tModel bag filtering is enabled: true loaded from file:/C:/Users/hp/Desktop/UDDI/juddi-3.3.5_tomcat-7.0.82_9090/webapps/juddiv3/WEB-INF/classes/juddiv3.xml
2025-06-26 17:03:30,890 INFO [org.apache.juddi.api.impl.InquiryHelper] - FindBusiness by tModelBag is enabled! Loaded from file:/C:/Users/hp/Desktop/UDDI/juddi-3.3.5_tomcat-7.0.82_9090/webapps/juddiv3/WEB-INF/classes/juddiv3.xml
2025-06-26 17:03:31,265 INFO [org.apache.juddi.api.impl.AuthenticatedService] - FindBusiness with tModel bag filtering is enabled: true loaded from file:/C:/Users/hp/Desktop/UDDI/juddi-3.3.5_tomcat-7.0.82_9090/webapps/juddiv3/WEB-INF/classes/juddiv3.xml
2025-06-26 17:03:31,265 INFO [org.apache.juddi.api.impl.InquiryHelper] - FindBusiness by tModelBag is enabled! Loaded from file:/C:/Users/hp/Desktop/UDDI/juddi-3.3.5_tomcat-7.0.82_9090/webapps/juddiv3/WEB-INF/classes/juddiv3.xml
2025-06-26 17:03:31,436 INFO [org.apache.juddi.api.impl.AuthenticatedService] - FindBusiness with tModel bag filtering is enabled: true loaded from file:/C:/Users/hp/Desktop/UDDI/juddi-3.3.5_tomcat-7.0.82_9090/webapps/juddiv3/WEB-INF/classes/juddiv3.xml
2025-06-26 17:03:31,452 INFO [org.apache.juddi.api.impl.InquiryHelper] - FindBusiness by tModelBag is enabled! Loaded from file:/C:/Users/hp/Desktop/UDDI/juddi-3.3.5_tomcat-7.0.82_9090/webapps/juddiv3/WEB-INF/classes/juddiv3.xml
2025-06-26 17:03:31,645 INFO [org.apache.juddi.api.impl.AuthenticatedService] - FindBusiness with tModel bag filtering is enabled: true loaded from file:/C:/Users/hp/Desktop/UDDI/juddi-3.3.5_tomcat-7.0.82_9090/webapps/juddiv3/WEB-INF/classes/juddiv3.xml
2025-06-26 17:03:31,645 INFO [org.apache.juddi.api.impl.InquiryHelper] - FindBusiness by tModelBag is enabled! Loaded from file:/C:/Users/hp/Desktop/UDDI/juddi-3.3.5_tomcat-7.0.82_9090/webapps/juddiv3/WEB-INF/classes/juddiv3.xml
2025-06-26 17:03:31,949 INFO [org.apache.juddi.api.impl.AuthenticatedService] - FindBusiness with tModel bag filtering is enabled: true loaded from file:/C:/Users/hp/Desktop/UDDI/juddi-3.3.5_tomcat-7.0.82_9090/webapps/juddiv3/WEB-INF/classes/juddiv3.xml
2025-06-26 17:03:31,950 INFO [org.apache.juddi.api.impl.InquiryHelper] - FindBusiness by tModelBag is enabled! Loaded from file:/C:/Users/hp/Desktop/UDDI/juddi-3.3.5_tomcat-7.0.82_9090/webapps/juddiv3/WEB-INF/classes/juddiv3.xml
2025-06-26 17:03:32,076 INFO [org.apache.juddi.api.impl.AuthenticatedService] - FindBusiness with tModel bag filtering is enabled: true loaded from file:/C:/Users/hp/Desktop/UDDI/juddi-3.3.5_tomcat-7.0.82_9090/webapps/juddiv3/WEB-INF/classes/juddiv3.xml
2025-06-26 17:03:32,088 INFO [org.apache.juddi.api.impl.InquiryHelper] - FindBusiness by tModelBag is enabled! Loaded from file:/C:/Users/hp/Desktop/UDDI/juddi-3.3.5_tomcat-7.0.82_9090/webapps/juddiv3/WEB-INF/classes/juddiv3.xml
2025-06-26 17:03:32,441 INFO [org.apache.juddi.api.impl.AuthenticatedService] - FindBusiness with tModel bag filtering is enabled: true loaded from file:/C:/Users/hp/Desktop/UDDI/juddi-3.3.5_tomcat-7.0.82_9090/webapps/juddiv3/WEB-INF/classes/juddiv3.xml
2025-06-26 17:03:32,451 INFO [org.apache.juddi.api.impl.InquiryHelper] - FindBusiness by tModelBag is enabled! Loaded from file:/C:/Users/hp/Desktop/UDDI/juddi-3.3.5_tomcat-7.0.82_9090/webapps/juddiv3/WEB-INF/classes/juddiv3.xml
2025-06-26 17:26:21,944 INFO [org.apache.juddi.api.impl.AuthenticatedService] - FindBusiness with tModel bag filtering is enabled: true loaded from file:/C:/Users/hp/Desktop/UDDI/juddi-3.3.5_tomcat-7.0.82_9090/webapps/juddiv3/WEB-INF/classes/juddiv3.xml
2025-06-26 17:26:22,198 INFO [org.apache.juddi.api.impl.InquiryHelper] - FindBusiness by tModelBag is enabled! Loaded from file:/C:/Users/hp/Desktop/UDDI/juddi-3.3.5_tomcat-7.0.82_9090/webapps/juddiv3/WEB-INF/classes/juddiv3.xml
2025-06-26 17:26:23,377 INFO [org.apache.juddi.api.impl.AuthenticatedService] - AUDIT: AuthToken request for username from 127.0.0.1
2025-06-26 17:26:23,381 WARN [org.apache.juddi.v3.auth.JUDDIAuthenticator] - DO NOT USE JUDDI AUTHENTICATOR FOR PRODUCTION SYSTEMS - DOES NOT VALIDATE PASSWORDS, AT ALL!
2025-06-26 17:26:23,699 INFO [org.apache.juddi.api.impl.AuthenticatedService] - AUDIT: AuthToken issued for username from 127.0.0.1
2025-06-26 17:26:24,275 WARN [org.apache.juddi.validation.ValidatePublish] - Hey, you should consider encrypting your trust store password!
2025-06-26 17:26:31,682 INFO [org.apache.juddi.replication.ReplicationNotifier] - Replication, Notifying nodes of new change records. 1 queued
2025-06-26 17:26:31,686 INFO [org.apache.juddi.replication.ReplicationNotifier] - CR saved locally, it was from uddi:juddi.apache.org:node1 USN:302 Type:ChangeRecordNewData Key:uddi:juddi.apache.org:1b106ca8-f4d9-4746-8d38-787be1e3a08d Local id:302
2025-06-26 17:26:31,775 INFO [org.apache.juddi.subscription.SubscriptionNotifier] - Start Notification background task; checking if subscription notifications need to be send out..
2025-06-26 17:26:31,809 INFO [org.apache.juddi.subscription.SubscriptionNotifier] - Notification background task took 34 milliseconds.
2025-06-26 17:29:48,609 INFO [org.apache.juddi.api.impl.AuthenticatedService] - FindBusiness with tModel bag filtering is enabled: true loaded from file:/C:/Users/hp/Desktop/UDDI/juddi-3.3.5_tomcat-7.0.82_9090/webapps/juddiv3/WEB-INF/classes/juddiv3.xml
2025-06-26 17:29:48,621 INFO [org.apache.juddi.api.impl.InquiryHelper] - FindBusiness by tModelBag is enabled! Loaded from file:/C:/Users/hp/Desktop/UDDI/juddi-3.3.5_tomcat-7.0.82_9090/webapps/juddiv3/WEB-INF/classes/juddiv3.xml
2025-06-26 17:29:49,167 INFO [org.apache.juddi.api.impl.AuthenticatedService] - FindBusiness with tModel bag filtering is enabled: true loaded from file:/C:/Users/hp/Desktop/UDDI/juddi-3.3.5_tomcat-7.0.82_9090/webapps/juddiv3/WEB-INF/classes/juddiv3.xml
2025-06-26 17:29:49,176 INFO [org.apache.juddi.api.impl.InquiryHelper] - FindBusiness by tModelBag is enabled! Loaded from file:/C:/Users/hp/Desktop/UDDI/juddi-3.3.5_tomcat-7.0.82_9090/webapps/juddiv3/WEB-INF/classes/juddiv3.xml
2025-06-26 17:29:49,479 INFO [org.apache.juddi.api.impl.AuthenticatedService] - FindBusiness with tModel bag filtering is enabled: true loaded from file:/C:/Users/hp/Desktop/UDDI/juddi-3.3.5_tomcat-7.0.82_9090/webapps/juddiv3/WEB-INF/classes/juddiv3.xml
2025-06-26 17:29:49,486 INFO [org.apache.juddi.api.impl.InquiryHelper] - FindBusiness by tModelBag is enabled! Loaded from file:/C:/Users/hp/Desktop/UDDI/juddi-3.3.5_tomcat-7.0.82_9090/webapps/juddiv3/WEB-INF/classes/juddiv3.xml
2025-06-26 17:29:50,363 INFO [org.apache.juddi.api.impl.AuthenticatedService] - FindBusiness with tModel bag filtering is enabled: true loaded from file:/C:/Users/hp/Desktop/UDDI/juddi-3.3.5_tomcat-7.0.82_9090/webapps/juddiv3/WEB-INF/classes/juddiv3.xml
2025-06-26 17:29:52,399 INFO [org.apache.juddi.api.impl.InquiryHelper] - FindBusiness by tModelBag is enabled! Loaded from file:/C:/Users/hp/Desktop/UDDI/juddi-3.3.5_tomcat-7.0.82_9090/webapps/juddiv3/WEB-INF/classes/juddiv3.xml
2025-06-26 17:29:52,971 INFO [org.apache.juddi.api.impl.AuthenticatedService] - FindBusiness with tModel bag filtering is enabled: true loaded from file:/C:/Users/hp/Desktop/UDDI/juddi-3.3.5_tomcat-7.0.82_9090/webapps/juddiv3/WEB-INF/classes/juddiv3.xml
2025-06-26 17:29:52,973 INFO [org.apache.juddi.api.impl.InquiryHelper] - FindBusiness by tModelBag is enabled! Loaded from file:/C:/Users/hp/Desktop/UDDI/juddi-3.3.5_tomcat-7.0.82_9090/webapps/juddiv3/WEB-INF/classes/juddiv3.xml
2025-06-26 17:29:54,985 INFO [org.apache.juddi.api.impl.AuthenticatedService] - FindBusiness with tModel bag filtering is enabled: true loaded from file:/C:/Users/hp/Desktop/UDDI/juddi-3.3.5_tomcat-7.0.82_9090/webapps/juddiv3/WEB-INF/classes/juddiv3.xml
2025-06-26 17:29:55,120 INFO [org.apache.juddi.api.impl.InquiryHelper] - FindBusiness by tModelBag is enabled! Loaded from file:/C:/Users/hp/Desktop/UDDI/juddi-3.3.5_tomcat-7.0.82_9090/webapps/juddiv3/WEB-INF/classes/juddiv3.xml
2025-06-26 17:29:57,003 INFO [org.apache.juddi.api.impl.AuthenticatedService] - FindBusiness with tModel bag filtering is enabled: true loaded from file:/C:/Users/hp/Desktop/UDDI/juddi-3.3.5_tomcat-7.0.82_9090/webapps/juddiv3/WEB-INF/classes/juddiv3.xml
2025-06-26 17:29:57,004 INFO [org.apache.juddi.api.impl.InquiryHelper] - FindBusiness by tModelBag is enabled! Loaded from file:/C:/Users/hp/Desktop/UDDI/juddi-3.3.5_tomcat-7.0.82_9090/webapps/juddiv3/WEB-INF/classes/juddiv3.xml
2025-06-26 17:29:58,323 INFO [org.apache.juddi.api.impl.AuthenticatedService] - FindBusiness with tModel bag filtering is enabled: true loaded from file:/C:/Users/hp/Desktop/UDDI/juddi-3.3.5_tomcat-7.0.82_9090/webapps/juddiv3/WEB-INF/classes/juddiv3.xml
2025-06-26 17:29:58,327 INFO [org.apache.juddi.api.impl.InquiryHelper] - FindBusiness by tModelBag is enabled! Loaded from file:/C:/Users/hp/Desktop/UDDI/juddi-3.3.5_tomcat-7.0.82_9090/webapps/juddiv3/WEB-INF/classes/juddiv3.xml
2025-06-26 17:29:58,761 INFO [org.apache.juddi.api.impl.AuthenticatedService] - FindBusiness with tModel bag filtering is enabled: true loaded from file:/C:/Users/hp/Desktop/UDDI/juddi-3.3.5_tomcat-7.0.82_9090/webapps/juddiv3/WEB-INF/classes/juddiv3.xml
2025-06-26 17:29:58,788 INFO [org.apache.juddi.api.impl.InquiryHelper] - FindBusiness by tModelBag is enabled! Loaded from file:/C:/Users/hp/Desktop/UDDI/juddi-3.3.5_tomcat-7.0.82_9090/webapps/juddiv3/WEB-INF/classes/juddiv3.xml
2025-06-26 17:29:59,310 INFO [org.apache.juddi.api.impl.AuthenticatedService] - FindBusiness with tModel bag filtering is enabled: true loaded from file:/C:/Users/hp/Desktop/UDDI/juddi-3.3.5_tomcat-7.0.82_9090/webapps/juddiv3/WEB-INF/classes/juddiv3.xml
2025-06-26 17:29:59,316 INFO [org.apache.juddi.api.impl.InquiryHelper] - FindBusiness by tModelBag is enabled! Loaded from file:/C:/Users/hp/Desktop/UDDI/juddi-3.3.5_tomcat-7.0.82_9090/webapps/juddiv3/WEB-INF/classes/juddiv3.xml
2025-06-26 17:48:31,079 INFO [org.apache.juddi.api.impl.AuthenticatedService] - FindBusiness with tModel bag filtering is enabled: true loaded from file:/C:/Users/hp/Desktop/UDDI/juddi-3.3.5_tomcat-7.0.82_9090/webapps/juddiv3/WEB-INF/classes/juddiv3.xml
2025-06-26 17:48:34,493 INFO [org.apache.juddi.api.impl.InquiryHelper] - FindBusiness by tModelBag is enabled! Loaded from file:/C:/Users/hp/Desktop/UDDI/juddi-3.3.5_tomcat-7.0.82_9090/webapps/juddiv3/WEB-INF/classes/juddiv3.xml
2025-06-26 17:48:35,893 INFO [org.apache.juddi.api.impl.AuthenticatedService] - FindBusiness with tModel bag filtering is enabled: true loaded from file:/C:/Users/hp/Desktop/UDDI/juddi-3.3.5_tomcat-7.0.82_9090/webapps/juddiv3/WEB-INF/classes/juddiv3.xml
2025-06-26 17:48:35,899 INFO [org.apache.juddi.api.impl.InquiryHelper] - FindBusiness by tModelBag is enabled! Loaded from file:/C:/Users/hp/Desktop/UDDI/juddi-3.3.5_tomcat-7.0.82_9090/webapps/juddiv3/WEB-INF/classes/juddiv3.xml
2025-06-26 17:48:36,374 INFO [org.apache.juddi.api.impl.AuthenticatedService] - FindBusiness with tModel bag filtering is enabled: true loaded from file:/C:/Users/hp/Desktop/UDDI/juddi-3.3.5_tomcat-7.0.82_9090/webapps/juddiv3/WEB-INF/classes/juddiv3.xml
2025-06-26 17:48:36,379 INFO [org.apache.juddi.api.impl.InquiryHelper] - FindBusiness by tModelBag is enabled! Loaded from file:/C:/Users/hp/Desktop/UDDI/juddi-3.3.5_tomcat-7.0.82_9090/webapps/juddiv3/WEB-INF/classes/juddiv3.xml
2025-06-26 17:48:37,052 INFO [org.apache.juddi.api.impl.AuthenticatedService] - FindBusiness with tModel bag filtering is enabled: true loaded from file:/C:/Users/hp/Desktop/UDDI/juddi-3.3.5_tomcat-7.0.82_9090/webapps/juddiv3/WEB-INF/classes/juddiv3.xml
2025-06-26 17:48:37,058 INFO [org.apache.juddi.api.impl.InquiryHelper] - FindBusiness by tModelBag is enabled! Loaded from file:/C:/Users/hp/Desktop/UDDI/juddi-3.3.5_tomcat-7.0.82_9090/webapps/juddiv3/WEB-INF/classes/juddiv3.xml
2025-06-26 17:48:39,162 INFO [org.apache.juddi.api.impl.AuthenticatedService] - FindBusiness with tModel bag filtering is enabled: true loaded from file:/C:/Users/hp/Desktop/UDDI/juddi-3.3.5_tomcat-7.0.82_9090/webapps/juddiv3/WEB-INF/classes/juddiv3.xml
2025-06-26 17:48:39,163 INFO [org.apache.juddi.api.impl.InquiryHelper] - FindBusiness by tModelBag is enabled! Loaded from file:/C:/Users/hp/Desktop/UDDI/juddi-3.3.5_tomcat-7.0.82_9090/webapps/juddiv3/WEB-INF/classes/juddiv3.xml
2025-06-26 17:48:45,263 INFO [org.apache.juddi.api.impl.AuthenticatedService] - FindBusiness with tModel bag filtering is enabled: true loaded from file:/C:/Users/hp/Desktop/UDDI/juddi-3.3.5_tomcat-7.0.82_9090/webapps/juddiv3/WEB-INF/classes/juddiv3.xml
2025-06-26 17:48:45,275 INFO [org.apache.juddi.api.impl.InquiryHelper] - FindBusiness by tModelBag is enabled! Loaded from file:/C:/Users/hp/Desktop/UDDI/juddi-3.3.5_tomcat-7.0.82_9090/webapps/juddiv3/WEB-INF/classes/juddiv3.xml
2025-06-26 17:48:46,105 INFO [org.apache.juddi.api.impl.AuthenticatedService] - FindBusiness with tModel bag filtering is enabled: true loaded from file:/C:/Users/hp/Desktop/UDDI/juddi-3.3.5_tomcat-7.0.82_9090/webapps/juddiv3/WEB-INF/classes/juddiv3.xml
2025-06-26 17:48:46,120 INFO [org.apache.juddi.api.impl.InquiryHelper] - FindBusiness by tModelBag is enabled! Loaded from file:/C:/Users/hp/Desktop/UDDI/juddi-3.3.5_tomcat-7.0.82_9090/webapps/juddiv3/WEB-INF/classes/juddiv3.xml
2025-06-26 17:48:47,099 INFO [org.apache.juddi.api.impl.AuthenticatedService] - FindBusiness with tModel bag filtering is enabled: true loaded from file:/C:/Users/hp/Desktop/UDDI/juddi-3.3.5_tomcat-7.0.82_9090/webapps/juddiv3/WEB-INF/classes/juddiv3.xml
2025-06-26 17:48:47,100 INFO [org.apache.juddi.api.impl.InquiryHelper] - FindBusiness by tModelBag is enabled! Loaded from file:/C:/Users/hp/Desktop/UDDI/juddi-3.3.5_tomcat-7.0.82_9090/webapps/juddiv3/WEB-INF/classes/juddiv3.xml
2025-06-26 17:48:47,708 INFO [org.apache.juddi.api.impl.AuthenticatedService] - FindBusiness with tModel bag filtering is enabled: true loaded from file:/C:/Users/hp/Desktop/UDDI/juddi-3.3.5_tomcat-7.0.82_9090/webapps/juddiv3/WEB-INF/classes/juddiv3.xml
2025-06-26 17:48:47,789 INFO [org.apache.juddi.api.impl.InquiryHelper] - FindBusiness by tModelBag is enabled! Loaded from file:/C:/Users/hp/Desktop/UDDI/juddi-3.3.5_tomcat-7.0.82_9090/webapps/juddiv3/WEB-INF/classes/juddiv3.xml
2025-06-26 17:48:49,404 INFO [org.apache.juddi.api.impl.AuthenticatedService] - FindBusiness with tModel bag filtering is enabled: true loaded from file:/C:/Users/hp/Desktop/UDDI/juddi-3.3.5_tomcat-7.0.82_9090/webapps/juddiv3/WEB-INF/classes/juddiv3.xml
2025-06-26 17:48:49,408 INFO [org.apache.juddi.api.impl.InquiryHelper] - FindBusiness by tModelBag is enabled! Loaded from file:/C:/Users/hp/Desktop/UDDI/juddi-3.3.5_tomcat-7.0.82_9090/webapps/juddiv3/WEB-INF/classes/juddiv3.xml
2025-06-26 17:51:17,000 INFO [org.apache.juddi.api.impl.AuthenticatedService] - FindBusiness with tModel bag filtering is enabled: true loaded from file:/C:/Users/hp/Desktop/UDDI/juddi-3.3.5_tomcat-7.0.82_9090/webapps/juddiv3/WEB-INF/classes/juddiv3.xml
2025-06-26 17:51:17,003 INFO [org.apache.juddi.api.impl.InquiryHelper] - FindBusiness by tModelBag is enabled! Loaded from file:/C:/Users/hp/Desktop/UDDI/juddi-3.3.5_tomcat-7.0.82_9090/webapps/juddiv3/WEB-INF/classes/juddiv3.xml
2025-06-26 17:51:17,788 INFO [org.apache.juddi.api.impl.AuthenticatedService] - AUDIT: AuthToken request for username from 127.0.0.1
2025-06-26 17:51:17,789 WARN [org.apache.juddi.v3.auth.JUDDIAuthenticator] - DO NOT USE JUDDI AUTHENTICATOR FOR PRODUCTION SYSTEMS - DOES NOT VALIDATE PASSWORDS, AT ALL!
2025-06-26 17:51:17,830 INFO [org.apache.juddi.api.impl.AuthenticatedService] - AUDIT: AuthToken issued for username from 127.0.0.1
2025-06-26 17:51:22,957 WARN [org.apache.juddi.validation.ValidatePublish] - Hey, you should consider encrypting your trust store password!
2025-06-26 17:51:26,634 INFO [org.apache.juddi.replication.ReplicationNotifier] - Replication, Notifying nodes of new change records. 1 queued
2025-06-26 17:51:26,636 INFO [org.apache.juddi.replication.ReplicationNotifier] - CR saved locally, it was from uddi:juddi.apache.org:node1 USN:303 Type:ChangeRecordNewData Key:uddi:juddi.apache.org:1a86c454-bbda-4025-8b05-8bc765639b45 Local id:303
2025-06-26 17:51:26,650 INFO [org.apache.juddi.subscription.SubscriptionNotifier] - Start Notification background task; checking if subscription notifications need to be send out..
2025-06-26 17:51:26,651 INFO [org.apache.juddi.subscription.SubscriptionNotifier] - Notification background task took 1 milliseconds.
2025-06-26 17:55:27,856 INFO [org.apache.juddi.api.impl.AuthenticatedService] - FindBusiness with tModel bag filtering is enabled: true loaded from file:/C:/Users/hp/Desktop/UDDI/juddi-3.3.5_tomcat-7.0.82_9090/webapps/juddiv3/WEB-INF/classes/juddiv3.xml
2025-06-26 17:55:27,871 INFO [org.apache.juddi.api.impl.InquiryHelper] - FindBusiness by tModelBag is enabled! Loaded from file:/C:/Users/hp/Desktop/UDDI/juddi-3.3.5_tomcat-7.0.82_9090/webapps/juddiv3/WEB-INF/classes/juddiv3.xml
2025-06-26 17:55:30,195 INFO [org.apache.juddi.api.impl.AuthenticatedService] - FindBusiness with tModel bag filtering is enabled: true loaded from file:/C:/Users/hp/Desktop/UDDI/juddi-3.3.5_tomcat-7.0.82_9090/webapps/juddiv3/WEB-INF/classes/juddiv3.xml
2025-06-26 17:55:30,197 INFO [org.apache.juddi.api.impl.InquiryHelper] - FindBusiness by tModelBag is enabled! Loaded from file:/C:/Users/hp/Desktop/UDDI/juddi-3.3.5_tomcat-7.0.82_9090/webapps/juddiv3/WEB-INF/classes/juddiv3.xml
2025-06-26 17:55:30,350 INFO [org.apache.juddi.api.impl.AuthenticatedService] - FindBusiness with tModel bag filtering is enabled: true loaded from file:/C:/Users/hp/Desktop/UDDI/juddi-3.3.5_tomcat-7.0.82_9090/webapps/juddiv3/WEB-INF/classes/juddiv3.xml
2025-06-26 17:55:30,352 INFO [org.apache.juddi.api.impl.InquiryHelper] - FindBusiness by tModelBag is enabled! Loaded from file:/C:/Users/hp/Desktop/UDDI/juddi-3.3.5_tomcat-7.0.82_9090/webapps/juddiv3/WEB-INF/classes/juddiv3.xml
2025-06-26 17:55:30,558 INFO [org.apache.juddi.api.impl.AuthenticatedService] - FindBusiness with tModel bag filtering is enabled: true loaded from file:/C:/Users/hp/Desktop/UDDI/juddi-3.3.5_tomcat-7.0.82_9090/webapps/juddiv3/WEB-INF/classes/juddiv3.xml
2025-06-26 17:55:30,561 INFO [org.apache.juddi.api.impl.InquiryHelper] - FindBusiness by tModelBag is enabled! Loaded from file:/C:/Users/hp/Desktop/UDDI/juddi-3.3.5_tomcat-7.0.82_9090/webapps/juddiv3/WEB-INF/classes/juddiv3.xml
2025-06-26 17:55:30,794 INFO [org.apache.juddi.api.impl.AuthenticatedService] - FindBusiness with tModel bag filtering is enabled: true loaded from file:/C:/Users/hp/Desktop/UDDI/juddi-3.3.5_tomcat-7.0.82_9090/webapps/juddiv3/WEB-INF/classes/juddiv3.xml
2025-06-26 17:55:30,796 INFO [org.apache.juddi.api.impl.InquiryHelper] - FindBusiness by tModelBag is enabled! Loaded from file:/C:/Users/hp/Desktop/UDDI/juddi-3.3.5_tomcat-7.0.82_9090/webapps/juddiv3/WEB-INF/classes/juddiv3.xml
2025-06-26 17:55:31,050 INFO [org.apache.juddi.api.impl.AuthenticatedService] - FindBusiness with tModel bag filtering is enabled: true loaded from file:/C:/Users/hp/Desktop/UDDI/juddi-3.3.5_tomcat-7.0.82_9090/webapps/juddiv3/WEB-INF/classes/juddiv3.xml
2025-06-26 17:55:31,053 INFO [org.apache.juddi.api.impl.InquiryHelper] - FindBusiness by tModelBag is enabled! Loaded from file:/C:/Users/hp/Desktop/UDDI/juddi-3.3.5_tomcat-7.0.82_9090/webapps/juddiv3/WEB-INF/classes/juddiv3.xml
2025-06-26 17:55:31,430 INFO [org.apache.juddi.api.impl.AuthenticatedService] - FindBusiness with tModel bag filtering is enabled: true loaded from file:/C:/Users/hp/Desktop/UDDI/juddi-3.3.5_tomcat-7.0.82_9090/webapps/juddiv3/WEB-INF/classes/juddiv3.xml
2025-06-26 17:55:31,433 INFO [org.apache.juddi.api.impl.InquiryHelper] - FindBusiness by tModelBag is enabled! Loaded from file:/C:/Users/hp/Desktop/UDDI/juddi-3.3.5_tomcat-7.0.82_9090/webapps/juddiv3/WEB-INF/classes/juddiv3.xml
2025-06-26 17:55:31,727 INFO [org.apache.juddi.api.impl.AuthenticatedService] - FindBusiness with tModel bag filtering is enabled: true loaded from file:/C:/Users/hp/Desktop/UDDI/juddi-3.3.5_tomcat-7.0.82_9090/webapps/juddiv3/WEB-INF/classes/juddiv3.xml
2025-06-26 17:55:31,742 INFO [org.apache.juddi.api.impl.InquiryHelper] - FindBusiness by tModelBag is enabled! Loaded from file:/C:/Users/hp/Desktop/UDDI/juddi-3.3.5_tomcat-7.0.82_9090/webapps/juddiv3/WEB-INF/classes/juddiv3.xml
2025-06-26 17:55:32,471 INFO [org.apache.juddi.api.impl.AuthenticatedService] - FindBusiness with tModel bag filtering is enabled: true loaded from file:/C:/Users/hp/Desktop/UDDI/juddi-3.3.5_tomcat-7.0.82_9090/webapps/juddiv3/WEB-INF/classes/juddiv3.xml
2025-06-26 17:55:32,475 INFO [org.apache.juddi.api.impl.InquiryHelper] - FindBusiness by tModelBag is enabled! Loaded from file:/C:/Users/hp/Desktop/UDDI/juddi-3.3.5_tomcat-7.0.82_9090/webapps/juddiv3/WEB-INF/classes/juddiv3.xml
2025-06-26 17:55:33,404 INFO [org.apache.juddi.api.impl.AuthenticatedService] - FindBusiness with tModel bag filtering is enabled: true loaded from file:/C:/Users/hp/Desktop/UDDI/juddi-3.3.5_tomcat-7.0.82_9090/webapps/juddiv3/WEB-INF/classes/juddiv3.xml
2025-06-26 17:55:33,409 INFO [org.apache.juddi.api.impl.InquiryHelper] - FindBusiness by tModelBag is enabled! Loaded from file:/C:/Users/hp/Desktop/UDDI/juddi-3.3.5_tomcat-7.0.82_9090/webapps/juddiv3/WEB-INF/classes/juddiv3.xml
2025-06-26 17:56:53,884 INFO [org.apache.juddi.Registry] - Stopping jUDDI registry...
2025-06-26 17:56:53,893 INFO [org.apache.juddi.Registry] - Shutting down SubscriptionNotifier
2025-06-26 17:56:53,943 INFO [org.apache.juddi.Registry] - jUDDI shutdown completed.
2025-06-26 17:56:53,979 INFO [org.springframework.web.context.support.XmlWebApplicationContext] - Closing Root WebApplicationContext: startup date [Thu Jun 26 15:44:40 WAT 2025]; root of context hierarchy
2025-06-26 17:56:54,118 INFO [org.springframework.beans.factory.support.DefaultListableBeanFactory] - Destroying singletons in org.springframework.beans.factory.support.DefaultListableBeanFactory@66ee8035: defining beans [cxf,org.apache.cxf.bus.spring.BusWiringBeanFactoryPostProcessor,org.apache.cxf.bus.spring.Jsr250BeanPostProcessor,org.apache.cxf.bus.spring.BusExtensionPostProcessor,org.apache.cxf.binding.soap.SoapBindingFactory,org.apache.cxf.binding.soap.SoapTransportFactory,org.apache.cxf.binding.soap.customEditorConfigurer,replication]; root of factory hierarchy
2025-06-26 17:56:55,488 INFO [org.apache.juddi.Registry] - Stopping jUDDI registry...
2025-06-26 17:56:55,493 INFO [org.apache.juddi.Registry] - Shutting down SubscriptionNotifier
2025-06-26 17:56:55,500 INFO [org.apache.juddi.Registry] - jUDDI shutdown completed.
2025-06-26 17:56:55,605 INFO [org.springframework.web.context.support.XmlWebApplicationContext] - Closing Root WebApplicationContext: startup date [Thu Jun 26 15:44:26 WAT 2025]; root of context hierarchy
2025-06-26 17:56:55,741 INFO [org.springframework.beans.factory.support.DefaultListableBeanFactory] - Destroying singletons in org.springframework.beans.factory.support.DefaultListableBeanFactory@1ecfe57c: defining beans [cxf,org.apache.cxf.bus.spring.BusWiringBeanFactoryPostProcessor,org.apache.cxf.bus.spring.Jsr250BeanPostProcessor,org.apache.cxf.bus.spring.BusExtensionPostProcessor,org.apache.cxf.binding.soap.SoapBindingFactory,org.apache.cxf.binding.soap.SoapTransportFactory,org.apache.cxf.binding.soap.customEditorConfigurer,inquiry,publish,security,subscription,subscription-listener,custody-transfer,valueset-validation,valueset-caching,inquiryv2,publishv2,juddi-api,jsonNamespaceMap,inquiryRestService,inquiryRest,jsonProvider,jaxbProvider]; root of factory hierarchy
2025-06-28 09:34:09,677 INFO [org.springframework.web.context.ContextLoader] - Root WebApplicationContext: initialization started
2025-06-28 09:34:09,761 INFO [org.springframework.web.context.support.XmlWebApplicationContext] - Refreshing Root WebApplicationContext: startup date [Sat Jun 28 09:34:09 WAT 2025]; root of context hierarchy
2025-06-28 09:34:09,811 INFO [org.springframework.beans.factory.xml.XmlBeanDefinitionReader] - Loading XML bean definitions from ServletContext resource [/WEB-INF/beans.xml]
2025-06-28 09:34:10,111 INFO [org.springframework.beans.factory.xml.XmlBeanDefinitionReader] - Loading XML bean definitions from class path resource [META-INF/cxf/cxf.xml]
2025-06-28 09:34:10,143 INFO [org.springframework.beans.factory.xml.XmlBeanDefinitionReader] - Loading XML bean definitions from class path resource [META-INF/cxf/cxf-extension-soap.xml]
2025-06-28 09:34:10,166 INFO [org.springframework.beans.factory.xml.XmlBeanDefinitionReader] - Loading XML bean definitions from class path resource [META-INF/cxf/cxf-servlet.xml]
2025-06-28 09:34:10,431 INFO [org.springframework.beans.factory.support.DefaultListableBeanFactory] - Pre-instantiating singletons in org.springframework.beans.factory.support.DefaultListableBeanFactory@70476c28: defining beans [cxf,org.apache.cxf.bus.spring.BusWiringBeanFactoryPostProcessor,org.apache.cxf.bus.spring.Jsr250BeanPostProcessor,org.apache.cxf.bus.spring.BusExtensionPostProcessor,org.apache.cxf.binding.soap.SoapBindingFactory,org.apache.cxf.binding.soap.SoapTransportFactory,org.apache.cxf.binding.soap.customEditorConfigurer,inquiry,publish,security,subscription,subscription-listener,custody-transfer,valueset-validation,valueset-caching,inquiryv2,publishv2,juddi-api,jsonNamespaceMap,inquiryRestService,inquiryRest,jsonProvider,jaxbProvider]; root of factory hierarchy
2025-06-28 09:34:10,746 INFO [org.apache.juddi.config.AppConfig] - Reading from jUDDI config file from:  file:/C:/Users/hp/Desktop/UDDI/juddi-3.3.5_tomcat-7.0.82_9090/webapps/juddiv3/WEB-INF/classes/juddiv3.xml
2025-06-28 09:34:14,546 INFO [org.apache.juddi.config.Install] - Checking if jUDDI is seeded by searching for root publisher root
2025-06-28 09:34:15,243 INFO [org.apache.juddi.api.impl.UDDIServiceCounter] - Found MBean server
2025-06-28 09:34:17,061 INFO [org.apache.juddi.api.impl.UDDIServiceCounter] - Found MBean server
2025-06-28 09:34:17,251 INFO [org.apache.juddi.api.impl.UDDIServiceCounter] - Found MBean server
2025-06-28 09:34:17,429 INFO [org.apache.juddi.api.impl.UDDIServiceCounter] - Found MBean server
2025-06-28 09:34:17,735 INFO [org.apache.juddi.api.impl.UDDIServiceCounter] - Found MBean server
2025-06-28 09:34:17,921 INFO [org.apache.juddi.api.impl.UDDIServiceCounter] - Found MBean server
2025-06-28 09:34:18,112 INFO [org.apache.juddi.api.impl.UDDIServiceCounter] - Found MBean server
2025-06-28 09:34:18,287 WARN [org.apache.juddi.api.impl.UDDIv2InquiryImpl] - This implementation of UDDIv2 Inquire service org.apache.juddi.api.impl.UDDIv2InquiryImpl is considered BETA. Please report any issues to https://issues.apache.org/jira/browse/JUDDI
2025-06-28 09:34:18,589 WARN [org.apache.juddi.api.impl.UDDIv2PublishImpl] - This implementation of UDDIv2 Publish service org.apache.juddi.api.impl.UDDIv2PublishImpl is considered BETA. Please report any issues to https://issues.apache.org/jira/browse/JUDDI
2025-06-28 09:34:18,780 INFO [org.apache.juddi.api.impl.UDDIServiceCounter] - Found MBean server
2025-06-28 09:34:19,815 INFO [org.springframework.web.context.ContextLoader] - Root WebApplicationContext: initialization completed in 10138 ms
2025-06-28 09:34:19,901 INFO [org.apache.juddi.Registry] - Starting jUDDI registry...This is node uddi:juddi.apache.org:node1
2025-06-28 09:34:19,977 INFO [org.apache.juddi.config.AppConfig] - Reading from jUDDI config file from:  file:/C:/Users/hp/Desktop/UDDI/juddi-3.3.5_tomcat-7.0.82_9090/webapps/juddiv3/WEB-INF/classes/juddiv3.xml
2025-06-28 09:34:19,977 INFO [org.apache.juddi.config.Install] - Checking if jUDDI is seeded by searching for root publisher root
2025-06-28 09:34:19,992 INFO [org.apache.juddi.Registry] - jUDDI registry started successfully.
2025-06-28 09:34:23,381 INFO [org.springframework.web.context.ContextLoader] - Root WebApplicationContext: initialization started
2025-06-28 09:34:23,482 INFO [org.springframework.web.context.support.XmlWebApplicationContext] - Refreshing Root WebApplicationContext: startup date [Sat Jun 28 09:34:23 WAT 2025]; root of context hierarchy
2025-06-28 09:34:23,561 INFO [org.springframework.beans.factory.xml.XmlBeanDefinitionReader] - Loading XML bean definitions from ServletContext resource [/WEB-INF/beans.xml]
2025-06-28 09:34:23,658 INFO [org.springframework.beans.factory.xml.XmlBeanDefinitionReader] - Loading XML bean definitions from class path resource [META-INF/cxf/cxf.xml]
2025-06-28 09:34:23,717 INFO [org.springframework.beans.factory.xml.XmlBeanDefinitionReader] - Loading XML bean definitions from class path resource [META-INF/cxf/cxf-extension-soap.xml]
2025-06-28 09:34:23,744 INFO [org.springframework.beans.factory.xml.XmlBeanDefinitionReader] - Loading XML bean definitions from class path resource [META-INF/cxf/cxf-servlet.xml]
2025-06-28 09:34:23,946 INFO [org.springframework.beans.factory.support.DefaultListableBeanFactory] - Pre-instantiating singletons in org.springframework.beans.factory.support.DefaultListableBeanFactory@6e6b5853: defining beans [cxf,org.apache.cxf.bus.spring.BusWiringBeanFactoryPostProcessor,org.apache.cxf.bus.spring.Jsr250BeanPostProcessor,org.apache.cxf.bus.spring.BusExtensionPostProcessor,org.apache.cxf.binding.soap.SoapBindingFactory,org.apache.cxf.binding.soap.SoapTransportFactory,org.apache.cxf.binding.soap.customEditorConfigurer,replication]; root of factory hierarchy
2025-06-28 09:34:24,143 INFO [org.apache.juddi.config.AppConfig] - Reading from jUDDI config file from:  file:/C:/Users/hp/Desktop/UDDI/juddi-3.3.5_tomcat-7.0.82_9090/webapps/juddiv3replication/WEB-INF/classes/juddiv3.xml
2025-06-28 09:34:25,460 INFO [org.apache.juddi.config.Install] - Checking if jUDDI is seeded by searching for root publisher root
2025-06-28 09:34:26,044 INFO [org.apache.juddi.api.impl.UDDIServiceCounter] - Found MBean server
2025-06-28 09:34:26,044 INFO [org.apache.juddi.api.impl.UDDIServiceCounter] - Found MBean server
2025-06-28 09:34:27,377 INFO [org.springframework.web.context.ContextLoader] - Root WebApplicationContext: initialization completed in 3996 ms
2025-06-28 09:34:27,411 INFO [org.apache.juddi.Registry] - Starting jUDDI registry...This is node uddi:juddi.apache.org:node1
2025-06-28 09:34:27,580 INFO [org.apache.juddi.config.AppConfig] - Reading from jUDDI config file from:  file:/C:/Users/hp/Desktop/UDDI/juddi-3.3.5_tomcat-7.0.82_9090/webapps/juddiv3replication/WEB-INF/classes/juddiv3.xml
2025-06-28 09:34:27,580 INFO [org.apache.juddi.config.Install] - Checking if jUDDI is seeded by searching for root publisher root
2025-06-28 09:34:27,596 INFO [org.apache.juddi.api.impl.UDDIServiceCounter] - Found MBean server
2025-06-28 09:34:27,596 INFO [org.apache.juddi.Registry] - jUDDI registry started successfully.
2025-06-28 09:35:52,196 INFO [org.apache.juddi.api.impl.AuthenticatedService] - FindBusiness with tModel bag filtering is enabled: true loaded from file:/C:/Users/hp/Desktop/UDDI/juddi-3.3.5_tomcat-7.0.82_9090/webapps/juddiv3/WEB-INF/classes/juddiv3.xml
2025-06-28 09:35:52,401 INFO [org.apache.juddi.api.impl.InquiryHelper] - FindBusiness by tModelBag is enabled! Loaded from file:/C:/Users/hp/Desktop/UDDI/juddi-3.3.5_tomcat-7.0.82_9090/webapps/juddiv3/WEB-INF/classes/juddiv3.xml
2025-06-28 09:35:53,602 INFO [org.apache.juddi.api.impl.AuthenticatedService] - AUDIT: AuthToken request for username from 127.0.0.1
2025-06-28 09:35:53,633 WARN [org.apache.juddi.v3.auth.JUDDIAuthenticator] - DO NOT USE JUDDI AUTHENTICATOR FOR PRODUCTION SYSTEMS - DOES NOT VALIDATE PASSWORDS, AT ALL!
2025-06-28 09:35:53,761 INFO [org.apache.juddi.api.impl.AuthenticatedService] - AUDIT: AuthToken issued for username from 127.0.0.1
2025-06-28 09:35:54,625 WARN [org.apache.juddi.validation.ValidatePublish] - Hey, you should consider encrypting your trust store password!
2025-06-28 09:35:54,978 INFO [org.apache.juddi.replication.ReplicationNotifier] - Replication, Notifying nodes of new change records. 2 queued
2025-06-28 09:35:54,994 INFO [org.apache.juddi.subscription.SubscriptionNotifier] - Start Notification background task; checking if subscription notifications need to be send out..
2025-06-28 09:35:55,044 INFO [org.apache.juddi.subscription.SubscriptionNotifier] - Notification background task took 50 milliseconds.
2025-06-28 09:35:55,061 INFO [org.apache.juddi.replication.ReplicationNotifier] - CR saved locally, it was from uddi:juddi.apache.org:node1 USN:350 Type:ChangeRecordDelete Key:uddi:juddi.apache.org:1b106ca8-f4d9-4746-8d38-787be1e3a08d Local id:350
2025-06-28 09:35:55,145 INFO [org.apache.juddi.replication.ReplicationNotifier] - CR saved locally, it was from uddi:juddi.apache.org:node1 USN:351 Type:ChangeRecordNewData Key:uddi:juddi.apache.org:340d2fdc-c047-4c02-be76-e9f78c8a1092 Local id:351
2025-06-28 09:36:40,761 INFO [org.apache.juddi.api.impl.AuthenticatedService] - FindBusiness with tModel bag filtering is enabled: true loaded from file:/C:/Users/hp/Desktop/UDDI/juddi-3.3.5_tomcat-7.0.82_9090/webapps/juddiv3/WEB-INF/classes/juddiv3.xml
2025-06-28 09:36:40,761 INFO [org.apache.juddi.api.impl.InquiryHelper] - FindBusiness by tModelBag is enabled! Loaded from file:/C:/Users/hp/Desktop/UDDI/juddi-3.3.5_tomcat-7.0.82_9090/webapps/juddiv3/WEB-INF/classes/juddiv3.xml
2025-06-28 09:36:41,177 INFO [org.apache.juddi.api.impl.AuthenticatedService] - AUDIT: AuthToken request for username from 127.0.0.1
2025-06-28 09:36:41,177 WARN [org.apache.juddi.v3.auth.JUDDIAuthenticator] - DO NOT USE JUDDI AUTHENTICATOR FOR PRODUCTION SYSTEMS - DOES NOT VALIDATE PASSWORDS, AT ALL!
2025-06-28 09:36:41,177 INFO [org.apache.juddi.api.impl.AuthenticatedService] - AUDIT: AuthToken issued for username from 127.0.0.1
2025-06-28 09:36:41,524 WARN [org.apache.juddi.validation.ValidatePublish] - Hey, you should consider encrypting your trust store password!
2025-06-28 09:36:44,993 INFO [org.apache.juddi.replication.ReplicationNotifier] - Replication, Notifying nodes of new change records. 2 queued
2025-06-28 09:36:44,993 INFO [org.apache.juddi.subscription.SubscriptionNotifier] - Start Notification background task; checking if subscription notifications need to be send out..
2025-06-28 09:36:44,993 INFO [org.apache.juddi.replication.ReplicationNotifier] - CR saved locally, it was from uddi:juddi.apache.org:node1 USN:352 Type:ChangeRecordDelete Key:uddi:juddi.apache.org:a6f303a1-ee43-4d3b-8233-490eeca0325f Local id:352
2025-06-28 09:36:44,993 INFO [org.apache.juddi.subscription.SubscriptionNotifier] - Notification background task took 0 milliseconds.
2025-06-28 09:36:45,058 INFO [org.apache.juddi.replication.ReplicationNotifier] - CR saved locally, it was from uddi:juddi.apache.org:node1 USN:353 Type:ChangeRecordNewData Key:uddi:juddi.apache.org:9b0ac818-aaea-4619-a629-6aae67eb5a66 Local id:353
2025-06-28 09:38:26,228 INFO [org.apache.juddi.api.impl.AuthenticatedService] - FindBusiness with tModel bag filtering is enabled: true loaded from file:/C:/Users/hp/Desktop/UDDI/juddi-3.3.5_tomcat-7.0.82_9090/webapps/juddiv3/WEB-INF/classes/juddiv3.xml
2025-06-28 09:38:26,228 INFO [org.apache.juddi.api.impl.InquiryHelper] - FindBusiness by tModelBag is enabled! Loaded from file:/C:/Users/hp/Desktop/UDDI/juddi-3.3.5_tomcat-7.0.82_9090/webapps/juddiv3/WEB-INF/classes/juddiv3.xml
2025-06-28 09:38:26,999 INFO [org.apache.juddi.api.impl.AuthenticatedService] - FindBusiness with tModel bag filtering is enabled: true loaded from file:/C:/Users/hp/Desktop/UDDI/juddi-3.3.5_tomcat-7.0.82_9090/webapps/juddiv3/WEB-INF/classes/juddiv3.xml
2025-06-28 09:38:26,999 INFO [org.apache.juddi.api.impl.InquiryHelper] - FindBusiness by tModelBag is enabled! Loaded from file:/C:/Users/hp/Desktop/UDDI/juddi-3.3.5_tomcat-7.0.82_9090/webapps/juddiv3/WEB-INF/classes/juddiv3.xml
2025-06-28 09:38:27,113 INFO [org.apache.juddi.api.impl.AuthenticatedService] - FindBusiness with tModel bag filtering is enabled: true loaded from file:/C:/Users/hp/Desktop/UDDI/juddi-3.3.5_tomcat-7.0.82_9090/webapps/juddiv3/WEB-INF/classes/juddiv3.xml
2025-06-28 09:38:27,129 INFO [org.apache.juddi.api.impl.InquiryHelper] - FindBusiness by tModelBag is enabled! Loaded from file:/C:/Users/hp/Desktop/UDDI/juddi-3.3.5_tomcat-7.0.82_9090/webapps/juddiv3/WEB-INF/classes/juddiv3.xml
2025-06-28 09:38:27,248 INFO [org.apache.juddi.api.impl.AuthenticatedService] - FindBusiness with tModel bag filtering is enabled: true loaded from file:/C:/Users/hp/Desktop/UDDI/juddi-3.3.5_tomcat-7.0.82_9090/webapps/juddiv3/WEB-INF/classes/juddiv3.xml
2025-06-28 09:38:27,248 INFO [org.apache.juddi.api.impl.InquiryHelper] - FindBusiness by tModelBag is enabled! Loaded from file:/C:/Users/hp/Desktop/UDDI/juddi-3.3.5_tomcat-7.0.82_9090/webapps/juddiv3/WEB-INF/classes/juddiv3.xml
2025-06-28 09:38:27,365 INFO [org.apache.juddi.api.impl.AuthenticatedService] - FindBusiness with tModel bag filtering is enabled: true loaded from file:/C:/Users/hp/Desktop/UDDI/juddi-3.3.5_tomcat-7.0.82_9090/webapps/juddiv3/WEB-INF/classes/juddiv3.xml
2025-06-28 09:38:27,365 INFO [org.apache.juddi.api.impl.InquiryHelper] - FindBusiness by tModelBag is enabled! Loaded from file:/C:/Users/hp/Desktop/UDDI/juddi-3.3.5_tomcat-7.0.82_9090/webapps/juddiv3/WEB-INF/classes/juddiv3.xml
2025-06-28 09:38:27,481 INFO [org.apache.juddi.api.impl.AuthenticatedService] - FindBusiness with tModel bag filtering is enabled: true loaded from file:/C:/Users/hp/Desktop/UDDI/juddi-3.3.5_tomcat-7.0.82_9090/webapps/juddiv3/WEB-INF/classes/juddiv3.xml
2025-06-28 09:38:27,481 INFO [org.apache.juddi.api.impl.InquiryHelper] - FindBusiness by tModelBag is enabled! Loaded from file:/C:/Users/hp/Desktop/UDDI/juddi-3.3.5_tomcat-7.0.82_9090/webapps/juddiv3/WEB-INF/classes/juddiv3.xml
2025-06-28 09:38:27,634 INFO [org.apache.juddi.api.impl.AuthenticatedService] - FindBusiness with tModel bag filtering is enabled: true loaded from file:/C:/Users/hp/Desktop/UDDI/juddi-3.3.5_tomcat-7.0.82_9090/webapps/juddiv3/WEB-INF/classes/juddiv3.xml
2025-06-28 09:38:27,648 INFO [org.apache.juddi.api.impl.InquiryHelper] - FindBusiness by tModelBag is enabled! Loaded from file:/C:/Users/hp/Desktop/UDDI/juddi-3.3.5_tomcat-7.0.82_9090/webapps/juddiv3/WEB-INF/classes/juddiv3.xml
2025-06-28 09:38:27,744 INFO [org.apache.juddi.api.impl.AuthenticatedService] - FindBusiness with tModel bag filtering is enabled: true loaded from file:/C:/Users/hp/Desktop/UDDI/juddi-3.3.5_tomcat-7.0.82_9090/webapps/juddiv3/WEB-INF/classes/juddiv3.xml
2025-06-28 09:38:27,748 INFO [org.apache.juddi.api.impl.InquiryHelper] - FindBusiness by tModelBag is enabled! Loaded from file:/C:/Users/hp/Desktop/UDDI/juddi-3.3.5_tomcat-7.0.82_9090/webapps/juddiv3/WEB-INF/classes/juddiv3.xml
2025-06-28 09:38:28,011 INFO [org.apache.juddi.api.impl.AuthenticatedService] - FindBusiness with tModel bag filtering is enabled: true loaded from file:/C:/Users/hp/Desktop/UDDI/juddi-3.3.5_tomcat-7.0.82_9090/webapps/juddiv3/WEB-INF/classes/juddiv3.xml
2025-06-28 09:38:28,017 INFO [org.apache.juddi.api.impl.InquiryHelper] - FindBusiness by tModelBag is enabled! Loaded from file:/C:/Users/hp/Desktop/UDDI/juddi-3.3.5_tomcat-7.0.82_9090/webapps/juddiv3/WEB-INF/classes/juddiv3.xml
2025-06-28 09:38:28,163 INFO [org.apache.juddi.api.impl.AuthenticatedService] - FindBusiness with tModel bag filtering is enabled: true loaded from file:/C:/Users/hp/Desktop/UDDI/juddi-3.3.5_tomcat-7.0.82_9090/webapps/juddiv3/WEB-INF/classes/juddiv3.xml
2025-06-28 09:38:28,165 INFO [org.apache.juddi.api.impl.InquiryHelper] - FindBusiness by tModelBag is enabled! Loaded from file:/C:/Users/hp/Desktop/UDDI/juddi-3.3.5_tomcat-7.0.82_9090/webapps/juddiv3/WEB-INF/classes/juddiv3.xml
2025-06-28 09:38:48,864 INFO [org.apache.juddi.api.impl.AuthenticatedService] - FindBusiness with tModel bag filtering is enabled: true loaded from file:/C:/Users/hp/Desktop/UDDI/juddi-3.3.5_tomcat-7.0.82_9090/webapps/juddiv3/WEB-INF/classes/juddiv3.xml
2025-06-28 09:38:48,877 INFO [org.apache.juddi.api.impl.InquiryHelper] - FindBusiness by tModelBag is enabled! Loaded from file:/C:/Users/hp/Desktop/UDDI/juddi-3.3.5_tomcat-7.0.82_9090/webapps/juddiv3/WEB-INF/classes/juddiv3.xml
2025-06-28 09:38:48,955 INFO [org.apache.juddi.api.impl.AuthenticatedService] - FindBusiness with tModel bag filtering is enabled: true loaded from file:/C:/Users/hp/Desktop/UDDI/juddi-3.3.5_tomcat-7.0.82_9090/webapps/juddiv3/WEB-INF/classes/juddiv3.xml
2025-06-28 09:38:48,957 INFO [org.apache.juddi.api.impl.InquiryHelper] - FindBusiness by tModelBag is enabled! Loaded from file:/C:/Users/hp/Desktop/UDDI/juddi-3.3.5_tomcat-7.0.82_9090/webapps/juddiv3/WEB-INF/classes/juddiv3.xml
2025-06-28 09:38:49,012 INFO [org.apache.juddi.api.impl.AuthenticatedService] - FindBusiness with tModel bag filtering is enabled: true loaded from file:/C:/Users/hp/Desktop/UDDI/juddi-3.3.5_tomcat-7.0.82_9090/webapps/juddiv3/WEB-INF/classes/juddiv3.xml
2025-06-28 09:38:49,014 INFO [org.apache.juddi.api.impl.InquiryHelper] - FindBusiness by tModelBag is enabled! Loaded from file:/C:/Users/hp/Desktop/UDDI/juddi-3.3.5_tomcat-7.0.82_9090/webapps/juddiv3/WEB-INF/classes/juddiv3.xml
2025-06-28 09:38:49,227 INFO [org.apache.juddi.api.impl.AuthenticatedService] - FindBusiness with tModel bag filtering is enabled: true loaded from file:/C:/Users/hp/Desktop/UDDI/juddi-3.3.5_tomcat-7.0.82_9090/webapps/juddiv3/WEB-INF/classes/juddiv3.xml
2025-06-28 09:38:49,227 INFO [org.apache.juddi.api.impl.InquiryHelper] - FindBusiness by tModelBag is enabled! Loaded from file:/C:/Users/hp/Desktop/UDDI/juddi-3.3.5_tomcat-7.0.82_9090/webapps/juddiv3/WEB-INF/classes/juddiv3.xml
2025-06-28 09:38:49,278 INFO [org.apache.juddi.api.impl.AuthenticatedService] - FindBusiness with tModel bag filtering is enabled: true loaded from file:/C:/Users/hp/Desktop/UDDI/juddi-3.3.5_tomcat-7.0.82_9090/webapps/juddiv3/WEB-INF/classes/juddiv3.xml
2025-06-28 09:38:49,278 INFO [org.apache.juddi.api.impl.InquiryHelper] - FindBusiness by tModelBag is enabled! Loaded from file:/C:/Users/hp/Desktop/UDDI/juddi-3.3.5_tomcat-7.0.82_9090/webapps/juddiv3/WEB-INF/classes/juddiv3.xml
2025-06-28 09:38:49,344 INFO [org.apache.juddi.api.impl.AuthenticatedService] - FindBusiness with tModel bag filtering is enabled: true loaded from file:/C:/Users/hp/Desktop/UDDI/juddi-3.3.5_tomcat-7.0.82_9090/webapps/juddiv3/WEB-INF/classes/juddiv3.xml
2025-06-28 09:38:49,344 INFO [org.apache.juddi.api.impl.InquiryHelper] - FindBusiness by tModelBag is enabled! Loaded from file:/C:/Users/hp/Desktop/UDDI/juddi-3.3.5_tomcat-7.0.82_9090/webapps/juddiv3/WEB-INF/classes/juddiv3.xml
2025-06-28 09:38:49,493 INFO [org.apache.juddi.api.impl.AuthenticatedService] - FindBusiness with tModel bag filtering is enabled: true loaded from file:/C:/Users/hp/Desktop/UDDI/juddi-3.3.5_tomcat-7.0.82_9090/webapps/juddiv3/WEB-INF/classes/juddiv3.xml
2025-06-28 09:38:49,509 INFO [org.apache.juddi.api.impl.InquiryHelper] - FindBusiness by tModelBag is enabled! Loaded from file:/C:/Users/hp/Desktop/UDDI/juddi-3.3.5_tomcat-7.0.82_9090/webapps/juddiv3/WEB-INF/classes/juddiv3.xml
2025-06-28 09:38:49,573 INFO [org.apache.juddi.api.impl.AuthenticatedService] - FindBusiness with tModel bag filtering is enabled: true loaded from file:/C:/Users/hp/Desktop/UDDI/juddi-3.3.5_tomcat-7.0.82_9090/webapps/juddiv3/WEB-INF/classes/juddiv3.xml
2025-06-28 09:38:49,578 INFO [org.apache.juddi.api.impl.InquiryHelper] - FindBusiness by tModelBag is enabled! Loaded from file:/C:/Users/hp/Desktop/UDDI/juddi-3.3.5_tomcat-7.0.82_9090/webapps/juddiv3/WEB-INF/classes/juddiv3.xml
2025-06-28 09:38:49,743 INFO [org.apache.juddi.api.impl.AuthenticatedService] - FindBusiness with tModel bag filtering is enabled: true loaded from file:/C:/Users/hp/Desktop/UDDI/juddi-3.3.5_tomcat-7.0.82_9090/webapps/juddiv3/WEB-INF/classes/juddiv3.xml
2025-06-28 09:38:49,745 INFO [org.apache.juddi.api.impl.InquiryHelper] - FindBusiness by tModelBag is enabled! Loaded from file:/C:/Users/hp/Desktop/UDDI/juddi-3.3.5_tomcat-7.0.82_9090/webapps/juddiv3/WEB-INF/classes/juddiv3.xml
2025-06-28 09:38:50,083 INFO [org.apache.juddi.api.impl.AuthenticatedService] - FindBusiness with tModel bag filtering is enabled: true loaded from file:/C:/Users/hp/Desktop/UDDI/juddi-3.3.5_tomcat-7.0.82_9090/webapps/juddiv3/WEB-INF/classes/juddiv3.xml
2025-06-28 09:38:50,083 INFO [org.apache.juddi.api.impl.InquiryHelper] - FindBusiness by tModelBag is enabled! Loaded from file:/C:/Users/hp/Desktop/UDDI/juddi-3.3.5_tomcat-7.0.82_9090/webapps/juddiv3/WEB-INF/classes/juddiv3.xml
